brand,line,model,size,slot,capacity_l,len_cm,wid_cm,hgt_cm,dia_cm,dims_state,dims_raw,dims_note,dims_source,dims_source_url,fabric,closure,shape,compression_straps,pockets,bags_per_listing,mounting_system,max_load,colorway_count,colorways,image_count,images,product_url
Apidura,Expedition,Saddle Pack,9L,seatpack,9,42,15,16,,packed,MIN 36 cm / MAX 42 cm length; 16 cm height; Tapered Width: 15 - 5 cm (5.9 - 1.9 in); 13 cm diagonal,"Diagram gives MIN 36 / MAX 42 cm length. MAX is the length at the rated 9 L (42x16x15 = 10 L box), so MAX is used; MIN is the fully-rolled-down length at reduced volume. Width tapers 15 cm at the saddle to 5 cm at the tail.",maker,,TPU laminate (shiny welded),rolltop with quick-release buckle,tapered,1,,1,,,1,Black #1c1c1e,3,https://medias.apidura.com/sHRQ6jzh/2026/02/apidura-expedition-saddle-pack-9l-1-1.jpg | https://medias.apidura.com/sHRQ6jzh/2026/02/apidura-expedition-saddle-pack-9l-on-bike-2.jpg | https://medias.apidura.com/sHRQ6jzh/2026/02/apidura-expedition-saddle-pack-9l-2.jpg,https://www.apidura.com/shop/expedition-saddle-pack/
Apidura,Expedition,Saddle Pack,13L,seatpack,13,48,15,17,,packed,MIN 38 cm / MAX 48 cm length; 17 cm height; Tapered Width: 15 - 5 cm; 15 cm diagonal,MAX 48 cm is the length at rated capacity; MIN 38 cm is fully rolled down. Width tapers 15 -> 5 cm.,maker,,TPU laminate (shiny welded),rolltop with quick-release buckle,tapered,1,,1,,,1,Black #1c1c1e,3,https://medias.apidura.com/sHRQ6jzh/2026/02/apidura-expedition-saddle-pack-13l-1-1.jpg | https://medias.apidura.com/sHRQ6jzh/2026/02/apidura-expedition-saddle-pack-13l-on-bike-2.jpg | https://medias.apidura.com/sHRQ6jzh/2026/02/apidura-expedition-saddle-pack-13l-2.jpg,https://www.apidura.com/shop/expedition-saddle-pack/
Apidura,Expedition,Saddle Pack,16L,seatpack,16,54,15,18,,packed,MIN 38 cm / MAX 54 cm length; 18 cm height; Tapered Width: 15 - 5 cm; 15 cm diagonal,MAX 54 cm is the length at rated capacity; MIN 38 cm is fully rolled down. Width tapers 15 -> 5 cm.,maker,,TPU laminate (shiny welded),rolltop with quick-release buckle,tapered,1,,1,,,1,Black #1c1c1e,3,https://medias.apidura.com/sHRQ6jzh/2026/02/apidura-expedition-saddle-pack-16l-1-1.jpg | https://medias.apidura.com/sHRQ6jzh/2026/02/apidura-expedition-saddle-pack-16l-on-bike-2.jpg | https://medias.apidura.com/sHRQ6jzh/2026/02/apidura-expedition-saddle-pack-16l-2.jpg,https://www.apidura.com/shop/expedition-saddle-pack/
Apidura,Expedition,Handlebar Pack,9L,barroll,9,54,15,15,,packed,"MIN 30 cm / MAX 54 cm width; 15 cm height; bar clearance MIN 4.5 / MAX 6.9 cm, 3 cm stem drop","MIN 30 / MAX 54 cm is the roll-in range across the bars. MAX corresponds to the rated 9 L (pi/4 x 15 x 15 x 54 = 9.5 L). Depth is not separately specced; the section is round, so wid = the 15 cm height.",maker,,TPU laminate (shiny welded),roll-down ends with g-hook closures,cylindrical,2,,1,,,1,Black #1c1c1e,1,https://medias.apidura.com/sHRQ6jzh/2026/02/apidura-expedition2-handlebar-system-9L-dimension-diagram-cm-1.svg,https://www.apidura.com/shop/expedition-handlebar-pack/
Apidura,Expedition,Handlebar Pack,14L,barroll,14,54,17,17,,packed,MIN 30 cm / MAX 54 cm width; 17 cm height; bar clearance MIN 4.5 / MAX 6.9 cm,"MAX 54 cm is the width at rated capacity; MIN 30 cm is fully rolled in. Round section, so wid = 17 cm height.",maker,,TPU laminate (shiny welded),roll-down ends with g-hook closures,cylindrical,2,,1,,,1,Black #1c1c1e,1,https://medias.apidura.com/sHRQ6jzh/2026/02/apidura-expedition2-handlebar-system-14L-dimension-diagram-cm-1-1.svg,https://www.apidura.com/shop/expedition-handlebar-pack/
Apidura,Expedition,Front Accessory Pack,3.5L,barbag,3.5,27,7,23,,packed,27 cm wide x 23 cm tall (19 cm to top of mesh) x 7 cm deep,"Fixed-dimension diagram, no roll range. 19 cm is the height of the body below the roll-top.",maker,,TPU laminate (shiny welded),rolltop with magnetic seal and cord hook,wedge,0,,1,,,1,Black #1c1c1e,3,https://medias.apidura.com/sHRQ6jzh/2026/02/apidura-expedition-front-accessory-pack-1.jpg | https://medias.apidura.com/sHRQ6jzh/2026/02/apidura-expedition-front-accessory-pack-on-bike-1.jpg | https://medias.apidura.com/sHRQ6jzh/2026/02/apidura-expedition-front-accessory-pack-2.jpg,https://www.apidura.com/shop/expedition-front-accessory-pack/
Apidura,Expedition,Frame Pack,2.8L,framebag_half,2.8,38.5,6.5,12,,packed,38.5 cm top length; 26 cm bottom length; 10 cm and 12 cm heights; 2.5 cm rear height; Tapered Width: 6.5 - 6 cm (2.56 - 2.36 in),"Zippered pack, no roll range. wid is the max of the 6.5 -> 6 cm taper.",maker,,TPU laminate (shiny welded),waterproof zippers with internal fibreglass rails,wedge,0,,1,,,1,Black #1c1c1e,2,https://medias.apidura.com/sHRQ6jzh/2026/04/apidura-expedition-frame-pack-2.8l-1.jpg | https://medias.apidura.com/sHRQ6jzh/2026/02/apidura-expedition-frame-pack-2.8l-on-bike-1.jpg,https://www.apidura.com/shop/expedition-frame-pack/
Apidura,Expedition,Frame Pack,3.8L,framebag_half,3.8,43,6.5,14.5,,packed,43 cm top length; 30 cm bottom length; 12 cm and 14.5 cm heights; 3.5 cm rear height; Tapered Width: 6.5 - 6 cm,wid is the max of the 6.5 -> 6 cm taper.,maker,,TPU laminate (shiny welded),waterproof zippers with internal fibreglass rails,wedge,0,,1,,,1,Black #1c1c1e,2,https://medias.apidura.com/sHRQ6jzh/2026/04/apidura-expedition-frame-pack-3.8l-1.jpg | https://medias.apidura.com/sHRQ6jzh/2026/02/apidura-expedition-frame-pack-3.8l-on-bike-1.jpg,https://www.apidura.com/shop/expedition-frame-pack/
Apidura,Expedition,Frame Pack,4.3L,framebag_half,4.3,46,6.5,17,,packed,46 cm top length; 31 cm bottom length; 14.5 cm and 17 cm heights; 5 cm rear height; Tapered Width: 6.5 - 6 cm,wid is the max of the 6.5 -> 6 cm taper.,maker,,TPU laminate (shiny welded),waterproof zippers with internal fibreglass rails,wedge,0,,1,,,1,Black #1c1c1e,2,https://medias.apidura.com/sHRQ6jzh/2026/04/apidura-expedition-frame-pack-4.3l-1.jpg | https://medias.apidura.com/sHRQ6jzh/2026/02/apidura-expedition-frame-pack-4.3l-on-bike-1.jpg,https://www.apidura.com/shop/expedition-frame-pack/
Apidura,Expedition,Frame Pack,5.7L,framebag_half,5.7,49,6.5,18,,packed,49 cm top length; 36 cm bottom length; 15 cm and 18 cm heights; 7.5 cm rear height; Tapered Width: 6.5 - 6 cm,wid is the max of the 6.5 -> 6 cm taper.,maker,,TPU laminate (shiny welded),waterproof zippers with internal fibreglass rails,wedge,0,,1,,,1,Black #1c1c1e,2,https://medias.apidura.com/sHRQ6jzh/2026/04/apidura-expedition-frame-pack-5.7l-1.jpg | https://medias.apidura.com/sHRQ6jzh/2026/02/apidura-expedition-frame-pack-5.7l-on-bike-1.jpg,https://www.apidura.com/shop/expedition-frame-pack/
Apidura,Expedition,Full Frame Pack,4.6L,framebag_full,4.6,38.5,6.5,26.5,,packed,38.5 cm top; 26.5 cm seat-tube side; 39.5 cm downtube diagonal; 6 cm bottom; 2.5 cm rear; Tapered Width: 6.5 - 6 cm,"FALSE POSITIVE. Dimensions are correct as stored, straight off Apidura's own size diagram. Photo (assets/products/apidura/expedition-full-frame-pack-8l-1.jpg) shows a full main-triangle bag: long top-tube edge, tall seat-tube edge, ~6.5cm thick. A full-triangle frame bag CANNOT satisfy longest/middle >= 1.5 — a 56cm gravel frame's main triangle is roughly 4:3, so every correct framebag_full sits between 1.2 and 1.4. The check's elongation threshold is the thing that is wrong, not these numbers. Box is ~2x the stated litres in every size, exactly as expected for a triangle carried as a bounding box.",maker,,TPU laminate (shiny welded),"waterproof zippers with internal fibreglass rails, upper and lower access",wedge,0,,1,,,1,Black #1c1c1e,0,,https://www.apidura.com/shop/expedition-full-frame-pack/
Apidura,Expedition,Full Frame Pack,6.8L,framebag_full,6.8,43,6.5,31,,packed,43 cm top; 31 cm seat-tube side; 44 cm downtube diagonal; 8 cm bottom; 3.5 cm rear; Tapered Width: 6.5 - 6 cm,"FALSE POSITIVE. Dimensions are correct as stored, straight off Apidura's own size diagram. Photo (assets/products/apidura/expedition-full-frame-pack-8l-1.jpg) shows a full main-triangle bag: long top-tube edge, tall seat-tube edge, ~6.5cm thick. A full-triangle frame bag CANNOT satisfy longest/middle >= 1.5 — a 56cm gravel frame's main triangle is roughly 4:3, so every correct framebag_full sits between 1.2 and 1.4. The check's elongation threshold is the thing that is wrong, not these numbers. Box is ~2x the stated litres in every size, exactly as expected for a triangle carried as a bounding box.",maker,,TPU laminate (shiny welded),"waterproof zippers with internal fibreglass rails, upper and lower access",wedge,0,,1,,,1,Black #1c1c1e,0,,https://www.apidura.com/shop/expedition-full-frame-pack/
Apidura,Expedition,Full Frame Pack,8L,framebag_full,8,46,6.5,34.5,,packed,46 cm top; 34.5 cm seat-tube side; 47 cm downtube diagonal; 7.5 cm bottom; 5 cm rear; Tapered Width: 6.5 - 6 cm,"FALSE POSITIVE. Dimensions are correct as stored, straight off Apidura's own size diagram. Photo (assets/products/apidura/expedition-full-frame-pack-8l-1.jpg) shows a full main-triangle bag: long top-tube edge, tall seat-tube edge, ~6.5cm thick. A full-triangle frame bag CANNOT satisfy longest/middle >= 1.5 — a 56cm gravel frame's main triangle is roughly 4:3, so every correct framebag_full sits between 1.2 and 1.4. The check's elongation threshold is the thing that is wrong, not these numbers. Box is ~2x the stated litres in every size, exactly as expected for a triangle carried as a bounding box.",maker,,TPU laminate (shiny welded),"waterproof zippers with internal fibreglass rails, upper and lower access",wedge,0,,1,,,1,Black #1c1c1e,0,,https://www.apidura.com/shop/expedition-full-frame-pack/
Apidura,Expedition,Full Frame Pack,10L,framebag_full,10,49,6.5,39,,packed,49 cm top; 39 cm seat-tube side; 49.5 cm downtube diagonal; 8.5 cm bottom; 7.5 cm rear; Tapered Width: 6.5 - 6 cm,"FALSE POSITIVE. Dimensions are correct as stored, straight off Apidura's own size diagram. Photo (assets/products/apidura/expedition-full-frame-pack-8l-1.jpg) shows a full main-triangle bag: long top-tube edge, tall seat-tube edge, ~6.5cm thick. A full-triangle frame bag CANNOT satisfy longest/middle >= 1.5 — a 56cm gravel frame's main triangle is roughly 4:3, so every correct framebag_full sits between 1.2 and 1.4. The check's elongation threshold is the thing that is wrong, not these numbers. Box is ~2x the stated litres in every size, exactly as expected for a triangle carried as a bounding box.",maker,,TPU laminate (shiny welded),"waterproof zippers with internal fibreglass rails, upper and lower access",wedge,0,,1,,,1,Black #1c1c1e,0,,https://www.apidura.com/shop/expedition-full-frame-pack/
Apidura,Expedition,Top Tube Pack,0.6L,toptube,0.6,23.5,5,7,,packed,23.5 cm long x 7 cm tall; Tapered Width: 5 - 4 cm (2 - 1.6 in),wid is the max of the 5 -> 4 cm taper.,maker,,TPU laminate (shiny welded),waterproof zipper,,,,1,,,1,Black #1c1c1e,2,https://medias.apidura.com/sHRQ6jzh/2026/02/apidura-expedition-top-tube-pack-0.6l-1-REV1-3.jpg | https://medias.apidura.com/sHRQ6jzh/2026/02/apidura-expedition-top-tube-pack-0.6l-on-bike-1.jpg,https://www.apidura.com/shop/expedition-top-tube-pack/
Apidura,Expedition,Top Tube Pack,1L,toptube,1,23.5,5,10,,packed,23.5 cm long x 10 cm tall; Tapered Width: 5 - 4 cm,wid is the max of the 5 -> 4 cm taper.,maker,,TPU laminate (shiny welded),waterproof zipper,,,,1,,,1,Black #1c1c1e,2,https://medias.apidura.com/sHRQ6jzh/2026/02/apidura-expedition-top-tube-pack-1l-1-REV1-2.jpg | https://medias.apidura.com/sHRQ6jzh/2026/02/apidura-expedition-top-tube-pack-1l-on-bike-1-2.jpg,https://www.apidura.com/shop/expedition-top-tube-pack/
Apidura,Expedition,Bolt-On Top Tube Pack,1L,toptube,1,23,5,10,,packed,23 cm long x 10 cm tall; Tapered Width: 5 - 4 cm; bolt spacing 6.4 cm,wid is the max of the 5 -> 4 cm taper. Bolts to top-tube bosses at 64 mm spacing.,maker,,TPU laminate (shiny welded),waterproof zipper,,,,1,,,1,Black #1c1c1e,2,https://medias.apidura.com/sHRQ6jzh/2026/02/apidura-expedition-bolt-on-top-tube-pack-1l-1-REV1.jpg | https://medias.apidura.com/sHRQ6jzh/2026/02/apidura-expedition-bolt-on-top-tube-pack-1l-on-bike-1-1.jpg,https://www.apidura.com/shop/expedition-bolt-on-top-tube-pack-1l/
Apidura,Expedition,Stem Pack,1.3L,stembag,1.3,7,10,26,10,packed,10 cm wide; MIN 20 cm / MAX 26 cm tall; 7 cm deep,"CORRECTED. len was 26, a duplicate of the 26cm height, which made the box 26x26x10 = 6.8L against a stated 1.3L. The page states three distinct figures: 10 cm wide (across the bike), 26 cm tall at MAX roll, 7 cm deep (fore-aft). Photo (assets/products/apidura/expedition-stem-pack-1-3l-1.jpg) confirms a shallow upright pouch that is wider across the bike than it is deep — nothing about it is 26cm fore-aft. len set to the stated 7cm depth: box 1.82L, cylinder read 1.43L against 1.3L rated. Note the len=hgt duplication is a house convention for upright cylinders elsewhere in the catalogue (Backcountry Food Pouch, Blackburn Outpost Carryall) and buildStembag ignores len, so this is a data fix, not a render fix.",maker,,TPU laminate (shiny welded),"Fidlock magnetic snap, one-handed",tapered to clear the knee,,,1,,,1,Black #1c1c1e,0,,https://www.apidura.com/shop/expedition-stem-pack/
Apidura,Expedition,Downtube Pack,1.5L,downtube,1.5,27,8,6.5,,packed,8 cm wide (top view); 6.5 cm tall; MIN 21 cm / MAX 27 cm long,MIN 21 / MAX 27 cm is the roll-down range; MAX is the length at rated 1.5 L.,maker,,TPU laminate (shiny welded),roll-down with quick-release buckle,asymmetric base tapered to clear the chainring,,,1,,,1,Black #1c1c1e,2,https://medias.apidura.com/sHRQ6jzh/2026/04/apidura-expedition-downtube-pack-1.5l-1-1.jpg | https://medias.apidura.com/sHRQ6jzh/2026/04/apidura-expedition-downtube-pack-1.5l-on-bike-1.jpg,https://www.apidura.com/shop/expedition-downtube-pack/
Apidura,Expedition,Cargo Cage Pack,1.5L,forkbag,1.5,8.5,9,28,9,packed,9 cm wide; MIN 19 cm / MAX 28 cm tall; Width: 8.5 cm (3.3 in) fore-aft,"CORRECTED. len was 28, a duplicate of the 28cm height (box 28x28x9 = 7.1L against 1.5L). The page gives 9 cm wide, MAX 28 cm tall, 8.5 cm fore-aft. Photo (assets/products/apidura/expedition-cargo-cage-pack-1-5l-1.jpg) is unambiguous: a tall thin dry-bag roughly 3x taller than wide, strapped to a cage. len set to 8.5: box 2.14L, cylinder read 1.68L against 1.5L rated. This one also mattered for rendering — buildForkbag sorts the three axes and takes the second-largest as girth, so the duplicated 28 was drawing a 28cm-fat blob instead of a 9cm tube. Kept MAX 28 rather than MIN 19: at 19cm the cylinder is 1.14L, below the rated capacity, and Apidura rates at MAX elsewhere (Expedition Saddle Pack 9L).",maker,,TPU laminate (shiny welded),roll-down with quick-release buckle,,,,1,,,1,Black #1c1c1e,0,,https://www.apidura.com/shop/expedition-cargo-cage-pack/
Apidura,Expedition,Cargo Cage Pack,3.5L,forkbag,3.5,28,13,28,,packed,13 cm wide; MIN 20 cm / MAX 28 cm tall; Width: 12 cm (4.7 in) fore-aft,MIN 20 / MAX 28 cm roll-down range; MAX used. Fore-aft depth 12 cm.,maker,,TPU laminate (shiny welded),roll-down with quick-release buckle,,,,1,,,1,Black #1c1c1e,1,https://medias.apidura.com/sHRQ6jzh/2026/06/apidura-expedition-cargo-cage-pack-3.5l-on-bike-1.jpg,https://www.apidura.com/shop/expedition-cargo-cage-pack/
Apidura,Expedition,Tool Pack,1L,saddlebag,1,28,4,8,,packed,MIN 24 cm / MAX 28 cm long; 8 cm tall; 4 cm wide (page: Width 8 cm / 3.2 in),"CORRECTION: catalogue had wid 8; the diagram's plan view is 4 cm across and the 8 cm figure is the side-view height. MIN 24 / MAX 28 cm roll range, MAX used.",maker,,TPU laminate (shiny welded),rolltop with magnetic seal / Fidlock magnetic buckle,,,,1,,,1,Black #1c1c1e,2,https://medias.apidura.com/sHRQ6jzh/2026/03/apidura-expedition-tool-pack-1l-1.jpg | https://medias.apidura.com/sHRQ6jzh/2026/03/apidura-expedition-tool-pack-1l-on-bike-1.jpg,https://www.apidura.com/shop/expedition-tool-pack-1l/
Apidura,Expedition,Front Rack Pack,20L,randobag,20,30.5,24.5,27,,unrolled,30.5 cm wide; MIN 10 cm / MAX 40 cm tall; Depth: 24.5 cm (9.6 in); base strap spacing 7.5 cm,"CORRECTION: catalogue had 40 x 26 x 24 with the unrolled height in the len slot. The page gives width 30.5, depth 24.5 and a roll range of MIN 10 to MAX 40 cm height. MAX 40 is fully unrolled; 27 cm is the height that gives the rated 20 L over the 30.5 x 24.5 cm footprint.",maker,,TPU laminate (shiny welded),"rolltop with magnetic seal, compression panel and G-hook",box,3,,1,,,1,Black #1c1c1e,2,https://medias.apidura.com/sHRQ6jzh/2025/07/apidura-expedition-front-rack-pack-20l-on-bike-1.jpg | https://medias.apidura.com/sHRQ6jzh/2025/07/apidura-expedition-front-rack-pack-20l-on-bike-2.jpg,https://www.apidura.com/shop/expedition-front-rack-pack/
Apidura,Expedition,Front Rack Pack,30L,randobag,30,41,30,24.5,,unrolled,41 cm wide; MIN 10 cm / MAX 40 cm tall; Depth: 30 cm (11.8 in); base strap spacing 12 cm,"CORRECTION: catalogue had 46 x 30 x 26. Page gives width 41, depth 30, roll range MIN 10 to MAX 40 cm height. 24.5 cm is the height giving the rated 30 L over the 41 x 30 cm footprint; MAX 40 is fully unrolled.",maker,,TPU laminate (shiny welded),"rolltop with magnetic seal, compression panel and G-hook",box,3,,1,,,1,Black #1c1c1e,2,https://medias.apidura.com/sHRQ6jzh/2025/07/apidura-expedition-front-rack-pack-30l-on-bike-1.jpg | https://medias.apidura.com/sHRQ6jzh/2025/07/apidura-expedition-front-rack-pack-30l-1.jpg,https://www.apidura.com/shop/expedition-front-rack-pack/
Apidura,Expedition,E-Bike Charger Pack,1.6L,downtube,1.6,30,8,7,,packed,MIN 20.5 cm / MAX 30 cm long; 7 cm tall; Width: 8 cm (3.1 in),MIN 20.5 / MAX 30 cm is the roll-down range; MAX is the length at rated 1.6 L.,maker,,TPU laminate (shiny welded),roll-down with quick-release buckle,asymmetric base tapered to clear the chainring,,,1,,,1,Black #1c1c1e,2,https://medias.apidura.com/sHRQ6jzh/2024/02/apidura-expedition-e-bike-charger-pack-product-alone-1.jpg | https://medias.apidura.com/sHRQ6jzh/2024/02/apidura-expedition-e-bike-charger-pack-product-on-bike-1.jpg,https://www.apidura.com/shop/expedition-ebike-charger-pack/
Apidura,Backcountry,Saddle Pack,4.5L,seatpack,4.5,30,14,14,,packed,14 cm tall; MIN 24 cm / MAX 30 cm long; 2.5 cm tail; Width: 14 cm (5.5 in),"CORRECTION: catalogue had wid 12; page states Width 14 cm. MIN 24 / MAX 30 cm roll range, MAX is the length at rated 4.5 L.",maker,,TPU laminate (shiny welded),rolltop with quick-release buckles,tapered,2,,1,,,1,Black #1c1c1e,2,https://medias.apidura.com/sHRQ6jzh/2026/06/apidura-backcountry-saddle-pack-4.5l-1.jpg | https://medias.apidura.com/sHRQ6jzh/2026/06/apidura-backcountry-saddle-pack-4.5l-on-bike-1.jpg,https://www.apidura.com/shop/backcountry-saddle-pack/
Apidura,Backcountry,Saddle Pack,6L,seatpack,6,36,16,15,,packed,15 cm tall; MIN 24 cm / MAX 36 cm long; 2.5 cm tail; Width: 16 cm (6.2 in),CORRECTION: catalogue had wid 13; page states Width 16 cm. MAX 36 cm used.,maker,,TPU laminate (shiny welded),rolltop with quick-release buckles,tapered,2,,1,,,1,Black #1c1c1e,2,https://medias.apidura.com/sHRQ6jzh/2018/07/apidura-backcountry-saddle-pack-6l-1-1.jpg | https://medias.apidura.com/sHRQ6jzh/2018/07/apidura-backcountry-saddle-pack-6l-on-bike-1-1.jpg,https://www.apidura.com/shop/backcountry-saddle-pack/
Apidura,Backcountry,Saddle Pack,10L,seatpack,10,42,18,16,,packed,16 cm tall; MIN 30 cm / MAX 42 cm long; 6 cm tail; Width: 18 cm (7.0 in),CORRECTION: catalogue had wid 14; page states Width 18 cm. MAX 42 cm used.,maker,,TPU laminate (shiny welded),rolltop with quick-release buckles,tapered,2,,1,,,1,Black #1c1c1e,2,https://medias.apidura.com/sHRQ6jzh/2018/07/apidura-backcountry-saddle-pack-10l-1.jpg | https://medias.apidura.com/sHRQ6jzh/2018/07/apidura-backcountry-saddle-pack-10l-on-bike-1.jpg,https://www.apidura.com/shop/backcountry-saddle-pack/
Apidura,Backcountry,Handlebar Pack,7L,barroll,7,43,12,12,,packed,12 cm tall; MIN 28.5 cm / MAX 43 cm wide; 13 cm strap spacing; Width: 12 cm (4.7 in),MIN 28.5 / MAX 43 cm is the roll-in range across the bars; MAX is the width at rated 7 L.,maker,,TPU laminate (shiny welded),roll-down with quick-release buckles,barrel,0,,1,,,1,Black #1c1c1e,2,https://medias.apidura.com/sHRQ6jzh/2018/07/apidura-backcountry-handlebar-pack-7l-1-2.jpg | https://medias.apidura.com/sHRQ6jzh/2018/07/apidura-backcountry-handlebar-pack-7l-on-bike-1-2.jpg,https://www.apidura.com/shop/backcountry-handlebar-pack/
Apidura,Backcountry,Handlebar Pack,11L,barroll,11,54,14,14,,packed,14 cm tall; MIN 30 cm / MAX 54 cm wide; 13 cm strap spacing; Width: 14 cm (5.5 in),MIN 30 / MAX 54 cm roll-in range; MAX used.,maker,,TPU laminate (shiny welded),roll-down with quick-release buckles,barrel,0,,1,,,1,Black #1c1c1e,2,https://medias.apidura.com/sHRQ6jzh/2018/07/apidura-backcountry-handlebar-pack-11l-1-1.jpg | https://medias.apidura.com/sHRQ6jzh/2018/07/apidura-backcountry-handlebar-pack-11l-on-bike-1-1.jpg,https://www.apidura.com/shop/backcountry-handlebar-pack/
Apidura,Backcountry,Frame Pack,1L,framebag_half,1,22,6,10.5,,packed,22 cm long; 6 cm and 10.5 cm heights; 3.5 cm rear; Width: 6 cm (2.3 in),"FALSE POSITIVE. Ratio 2.10 against a 2.20 threshold. Dimensions unchanged and correct: 22cm along the top tube, 10.5cm at the tallest point, 6cm across. Box 1.39L against 1L rated, right for a wedge. A half-frame wedge is not a 2.2:1 object. Photos (racing-frame-pack-1l-1.jpg, backcountry-frame-pack-1l-1.jpg) show stubby triangles whose height is roughly two-thirds of their top-tube length. The framebag_half elongation threshold of 2.2 is too strict for the small sizes; these numbers are Apidura's own diagram figures.",maker,,TPU laminate (shiny welded),waterproof zippers,wedge,0,,1,,,1,Black #1c1c1e,0,,https://www.apidura.com/shop/backcountry-frame-pack-1l/
Apidura,Backcountry,Frame Pack,2L,framebag_half,2,32,6,13,,packed,32 cm long; 7.5 cm and 13 cm heights; 4 cm rear; Width: 6 cm (2.3 in),CORRECTION: catalogue had wid 5; page states Width 6 cm.,maker,,TPU laminate (shiny welded),waterproof zippers,wedge,0,,1,,,1,Black #1c1c1e,2,https://medias.apidura.com/sHRQ6jzh/2025/09/apidura-backcountry-frame-pack-2l-2.jpg | https://medias.apidura.com/sHRQ6jzh/2025/09/apidura-backcountry-frame-pack-2l-on-bike-1.jpg,https://www.apidura.com/shop/backcountry-frame-pack/
Apidura,Backcountry,Full Frame Pack,2.5L,framebag_full,2.5,30,6,18,,packed,30 cm top; 18 cm seat-tube side; 31.5 cm downtube diagonal; 8 cm bottom; 5 cm rear; Width: 6 cm (2.4 in),CORRECTION: catalogue had wid 5.5; page states Width 6 cm.,maker,,TPU laminate (shiny welded),"waterproof zippers, dual zip opening on drive side",wedge,0,,1,,,1,Black #1c1c1e,2,https://medias.apidura.com/sHRQ6jzh/2022/03/apidura-backcountry-full-frame-pack-2.5l-1.jpg | https://medias.apidura.com/sHRQ6jzh/2022/03/apidura-backcountry-full-frame-pack-2.5l-on-bike-1.jpg,https://www.apidura.com/shop/backcountry-full-frame-pack/
Apidura,Backcountry,Full Frame Pack,4L,framebag_full,4,38,6,22,,packed,38 cm top; 22 cm seat-tube side; 38 cm downtube diagonal; 9 cm bottom; 5 cm rear; Width: 6 cm (2.4 in),CORRECTION: catalogue had wid 5.5; page states Width 6 cm.,maker,,TPU laminate (shiny welded),"waterproof zippers, dual zip opening on drive side",wedge,0,,1,,,1,Black #1c1c1e,2,https://medias.apidura.com/sHRQ6jzh/2018/07/apidura-backcountry-full-frame-pack-4L-1-3.jpg | https://medias.apidura.com/sHRQ6jzh/2018/07/apidura-backcountry-full-frame-pack-4l-on-bike-1-2.jpg,https://www.apidura.com/shop/backcountry-full-frame-pack/
Apidura,Backcountry,Full Frame Pack,6L,framebag_full,6,44,6,29,,packed,44 cm top; 29 cm seat-tube side; 43 cm downtube diagonal; 9 cm bottom; 5 cm rear; Width: 6 cm (2.4 in),CORRECTION: catalogue had wid 5.5; page states Width 6 cm.,maker,,TPU laminate (shiny welded),"waterproof zippers, dual zip opening on drive side",wedge,0,,1,,,1,Black #1c1c1e,2,https://medias.apidura.com/sHRQ6jzh/2018/07/apidura-backcountry-full-frame-pack-6L-1-2.jpg | https://medias.apidura.com/sHRQ6jzh/2018/07/apidura-backcountry-full-frame-pack-6l-on-bike-1-3.jpg,https://www.apidura.com/shop/backcountry-full-frame-pack/
Apidura,Backcountry,Top Tube Pack,1L,toptube,1,23,4.5,10,,packed,23 cm long x 10 cm tall; Width: 4.5 cm (1.8 in),CORRECTION: catalogue had wid 5; page states Width 4.5 cm.,maker,,TPU laminate (shiny welded),waterproof zipper with one-finger puller,,,,1,,,1,Black #1c1c1e,2,https://medias.apidura.com/sHRQ6jzh/2024/01/apidura-backcountry-top-tube-pack-2l-1.jpg | https://medias.apidura.com/sHRQ6jzh/2024/01/apidura-backcountry-top-tube-pack-2l-on-bike-1.jpg,https://www.apidura.com/shop/backcountry-top-tube-pack/
Apidura,Backcountry,Long Top Tube Pack,1.8L,toptube,1.8,37,4.5,10,,packed,37 cm long; 7 cm front and 10 cm rear heights; Width: 4.5 cm (1.8 in),CORRECTION: catalogue had wid 5; page states Width 4.5 cm. hgt is the taller rear end.,maker,,TPU laminate (shiny welded),waterproof two-way zipper,,,,1,,,1,Black #1c1c1e,2,https://medias.apidura.com/sHRQ6jzh/2020/11/apidura-backcountry-long-top-tube-pack-1.8l-1-3.jpg | https://medias.apidura.com/sHRQ6jzh/2020/11/apidura-backcountry-long-top-tube-pack-1.8l-on-bike-1-3.jpg,https://www.apidura.com/shop/backcountry-long-top-tube-pack/
Apidura,Backcountry,Rear Top Tube Pack,1L,toptube,1,16.5,4.5,15,,packed,16.5 cm long x 15 cm tall; Width: 4.5 cm (1.8 in),"FALSE POSITIVE, and the clearest one in the batch. This is a REAR top tube pack — it stands up at the seat-tube junction, it is not a long thin tube bag. Photo (assets/products/apidura/backcountry-rear-top-tube-pack-1l-1.jpg) shows a tall wedge that is very nearly as tall as it is long, exactly as the 16.5 x 15 figures say. Box 1.11L against 1L rated — an almost perfect volume reconciliation, which is the strongest possible evidence the numbers are real. The toptube 2:1 rule should not be applied to rear/seat-tube-junction packs.",maker,,TPU laminate (shiny welded),waterproof zipper with one-finger puller,,,,1,,,1,Black #1c1c1e,0,,https://www.apidura.com/shop/backcountry-rear-top-tube-pack/
Apidura,Backcountry,Food Pouch,0.8L,stembag,0.8,16,9,16,,packed,9 cm wide x 16 cm tall x 6 cm deep; Diameter: 9 cm (3.5 in),"Upright pouch: len and hgt both carry the 16 cm height, wid is the 9 cm diameter. Fore-aft depth 6 cm.",maker,,TPU laminate (shiny welded),"drawcord, one-handed",tapered to clear the knee,,,1,,,1,Black #1c1c1e,2,https://medias.apidura.com/sHRQ6jzh/2024/01/apidura-backcountry-food-pouch-0.8l-1.jpg | https://medias.apidura.com/sHRQ6jzh/2024/01/apidura-backcountry-food-pouch-0.8l-2.jpg,https://www.apidura.com/shop/backcountry-food-pouch/
Apidura,Backcountry,Food Pouch,1.2L,stembag,1.2,19,10,19,,packed,10 cm wide x 19 cm tall x 7 cm deep; Diameter: 10 cm (3.9 in),"Upright pouch: len and hgt carry the 19 cm height, wid is the 10 cm diameter.",maker,,TPU laminate (shiny welded),"drawcord, one-handed",tapered to clear the knee,,,1,,,1,Black #1c1c1e,1,https://medias.apidura.com/sHRQ6jzh/2024/01/apidura-backcountry-food-pouch-1.2l-1-2.jpg,https://www.apidura.com/shop/backcountry-food-pouch/
Apidura,Backcountry,Food Pouch Plus,1.2L Plus,stembag,1.2,19,10,19,,packed,10 cm wide x 19 cm tall x 7 cm deep; Diameter: 9 cm (3.5 in) stated for the Plus,Same envelope as the 1.2 L; the Plus adds an external mesh pocket and a drainage hole.,maker,,TPU laminate (shiny welded),"drawcord, one-handed",tapered to clear the knee,,,1,,,1,Black #1c1c1e,1,https://medias.apidura.com/sHRQ6jzh/2024/01/apidura-backcountry-food-pouch-1.2l-1-2.jpg,https://www.apidura.com/shop/backcountry-food-pouch/
Apidura,Backcountry,Downtube Pack,1.8L,downtube,1.8,24,9.5,9,,packed,4 cm strap; 9 cm tall; MIN 16 cm / MAX 24 cm long; Width: 9.5 cm (3.7 in),"CORRECTION: catalogue had wid 9; page states Width 9.5 cm. MIN 16 / MAX 24 cm roll range, MAX used.",maker,,TPU laminate (shiny welded),roll-down with quick-release buckle,,,,1,,,1,Black #1c1c1e,2,https://medias.apidura.com/sHRQ6jzh/2022/04/apidura-backcountry-downtube-pack-1.8l-1.jpg | https://medias.apidura.com/sHRQ6jzh/2022/04/apidura-backcountry-downtube-pack-1.8l-on-bike-1.jpg,https://www.apidura.com/shop/backcountry-downtube-pack/
Apidura,Racing,Saddle Pack,3L,seatpack,3,24,12,14.5,,packed,14.5 cm tall; MIN 19 cm / MAX 24 cm long; 2.5 cm tail; Width: 12 cm (4.7 in),"CORRECTION: catalogue had wid 11; page states Width 12 cm. MIN 19 / MAX 24 cm roll range, MAX used.",maker,,TPU laminate (shiny welded),rolltop with quick-release buckles,tapered,2,,1,,,1,Black #1c1c1e,2,https://medias.apidura.com/sHRQ6jzh/2019/05/apidura-racing-saddle-pack-3l-1-1.jpg | https://medias.apidura.com/sHRQ6jzh/2019/05/apidura-racing-saddle-pack-3l-on-bike-1-2.jpg,https://www.apidura.com/shop/racing-saddle-pack/
Apidura,Racing,Saddle Pack,5L,seatpack,5,33,14,15,,packed,15 cm tall; MIN 23 cm / MAX 33 cm long; 4 cm tail; Width: 14 cm (5.5 in),CORRECTION: catalogue had wid 12; page states Width 14 cm. MAX 33 cm used.,maker,,TPU laminate (shiny welded),rolltop with quick-release buckles,tapered,2,,1,,,1,Black #1c1c1e,2,https://medias.apidura.com/sHRQ6jzh/2019/05/apidura-racing-saddle-pack-5l-1-1.jpg | https://medias.apidura.com/sHRQ6jzh/2019/05/apidura-racing-saddle-pack-5l-on-bike-1-2.jpg,https://www.apidura.com/shop/racing-saddle-pack/
Apidura,Racing,Saddle Pack,7L,seatpack,7,39.5,16,18,,packed,18 cm tall; MIN 29.5 cm / MAX 39.5 cm long; 4 cm tail; Width: 16 cm (6.3 in),CORRECTION: catalogue had wid 13; page states Width 16 cm. MAX 39.5 cm used.,maker,,TPU laminate (shiny welded),rolltop with quick-release buckles,tapered,2,,1,,,1,Black #1c1c1e,2,https://medias.apidura.com/sHRQ6jzh/2019/05/apidura-racing-saddle-pack-7l-1.jpg | https://medias.apidura.com/sHRQ6jzh/2019/05/apidura-racing-saddle-pack-7l-on-bike-1.jpg,https://www.apidura.com/shop/racing-saddle-pack/
Apidura,Racing,Handlebar Pack,2L,barbag,2,23,10,20,,packed,23 cm wide; MIN 15 cm / MAX 20 cm tall; Depth: 10 cm (3.9 in),CORRECTION: catalogue had wid 8; page states Depth 10 cm. MIN 15 / MAX 20 cm is the stretch-panel range; MAX is the height at rated 2 L.,maker,,TPU laminate (shiny welded),"fold-over with velcro strips, full-width access",box,0,,1,,,1,Black #1c1c1e,2,https://medias.apidura.com/sHRQ6jzh/2022/05/apidura-racing-handlebar-pack-2l-1.jpg | https://medias.apidura.com/sHRQ6jzh/2022/05/apidura-racing-handlebar-pack-2l-on-bike-1.jpg,https://www.apidura.com/shop/racing-handlebar-pack/
Apidura,Racing,Aerobar Pack,2.5L,barbag,2.5,26,11,9.5,,packed,9.5 cm tall; MIN 22 cm / MAX 26 cm long; Width: 11 cm (4.3 in),"CORRECTION: catalogue had wid 10; page states Width 11 cm. MIN 22 / MAX 26 cm roll range, MAX used.",maker,,TPU laminate (shiny welded),roll-down with quick-release buckles,barrel,0,,1,,,2,Black #1c1c1e | Reflective silver / yellow graphics #d8d24a,2,https://medias.apidura.com/sHRQ6jzh/2021/07/apidura-racing-aerobar-pack-2.5l-1.jpg | https://medias.apidura.com/sHRQ6jzh/2021/07/apidura-racing-aerobar-pack-2.5l-on-bike-1.jpg,https://www.apidura.com/shop/racing-aerobar-pack/
Apidura,Racing,Frame Pack,1L,framebag_half,1,20.5,5,13.5,,packed,20.5 cm long; 7 cm front and 13.5 cm mid heights; 3.5 cm rear; Width: 5 cm (2 in),"FALSE POSITIVE. Ratio 1.52. Photo (assets/products/apidura/racing-frame-pack-1l-1.jpg) shows a short deep wedge — 13.5cm tall over a 20.5cm top edge is what the picture shows. Box 1.38L against 1L rated. A half-frame wedge is not a 2.2:1 object. Photos (racing-frame-pack-1l-1.jpg, backcountry-frame-pack-1l-1.jpg) show stubby triangles whose height is roughly two-thirds of their top-tube length. The framebag_half elongation threshold of 2.2 is too strict for the small sizes; these numbers are Apidura's own diagram figures.",maker,,TPU laminate (shiny welded),waterproof zippers,wedge,0,,1,,,1,Black #1c1c1e,0,,https://www.apidura.com/shop/racing-frame-pack-1l/
Apidura,Racing,Frame Pack,2.4L,framebag_half,2.4,29,6,14,,packed,"29 cm long; 7 cm front, 14 cm mid, 5 cm rear heights; Width: 6 cm (2.4 in)","FALSE POSITIVE. Ratio 2.07 against a 2.20 threshold. Maker diagram figures, box 2.44L against 2.4L rated — a near-exact volume match, so the numbers are certainly right. A half-frame wedge is not a 2.2:1 object. Photos (racing-frame-pack-1l-1.jpg, backcountry-frame-pack-1l-1.jpg) show stubby triangles whose height is roughly two-thirds of their top-tube length. The framebag_half elongation threshold of 2.2 is too strict for the small sizes; these numbers are Apidura's own diagram figures.",maker,,TPU laminate (shiny welded),waterproof zippers,wedge,0,,1,,,1,Black #1c1c1e,0,,https://www.apidura.com/shop/racing-frame-pack/
Apidura,Racing,Frame Pack,4L,framebag_half,4,42,6,14,,packed,"42 cm long; 7 cm front, 14 cm mid, 5 cm rear heights; Width: 6 cm (2.4 in)",Dimensions read from the size diagram on the product page.,maker,,TPU laminate (shiny welded),waterproof zippers,wedge,0,,1,,,1,Black #1c1c1e,2,https://medias.apidura.com/sHRQ6jzh/2019/05/apidura-racing-frame-pack-4l-1-2.jpg | https://medias.apidura.com/sHRQ6jzh/2019/05/apidura-racing-frame-pack-4l-on-bike-1-2.jpg,https://www.apidura.com/shop/racing-frame-pack/
Apidura,Racing,Top Tube Pack,0.5L,toptube,0.5,17,4.5,10,,packed,17 cm long x 10 cm tall; Width: 4.5 cm (1.8 in),"FALSE POSITIVE. Ratio 1.70. Photo (assets/products/apidura/racing-top-tube-pack-0-5l-1.jpg) shows the bag mounted behind the stem: a compact humped wedge about 1.7x as long as it is tall, matching 17 x 10 exactly. Box 0.77L against 0.5L rated, normal for a tapered bag. The toptube 2:1 threshold is too strict for sub-1L packs.",maker,,TPU laminate (shiny welded),"magnetic flip-top, one-handed",,,,1,,,1,Black #1c1c1e,0,,https://www.apidura.com/shop/racing-top-tube-pack/
Apidura,Racing,Top Tube Pack,1L,toptube,1,23.5,4.5,10,,packed,23.5 cm long x 10 cm tall; Width: 4.5 cm (1.8 in),CORRECTION: catalogue had wid 5; page states Width 4.5 cm.,maker,,TPU laminate (shiny welded),"magnetic flip-top, one-handed",,,,1,,,1,Black #1c1c1e,1,https://medias.apidura.com/sHRQ6jzh/2022/08/apidura-racing-top-tube-pack-1l-on-bike-1.jpg,https://www.apidura.com/shop/racing-top-tube-pack/
Apidura,Racing,Bolt-On Top Tube Pack,1L,toptube,1,23.5,4.5,10,,packed,23.5 cm long x 10 cm tall; Width: 4.5 cm (1.8 in); bolt spacing 6.4 cm,CORRECTION: catalogue had wid 5; page states Width 4.5 cm.,maker,,TPU laminate (shiny welded),"magnetic flip-top, one-handed",,,,1,,,1,Black #1c1c1e,2,https://medias.apidura.com/sHRQ6jzh/2023/06/apidura-racing-bolt-on-top-tube-pack-1l-2.jpg | https://medias.apidura.com/sHRQ6jzh/2020/01/apidura-racing-bolt-on-top-tube-pack-1l-on-bike-1-1.jpg,https://www.apidura.com/shop/racing-bolt-on-top-tube-pack/
Apidura,Racing,Long Top Tube Pack,2L,toptube,2,44,4.5,10,,packed,44 cm long; 4.5 cm front and 10 cm rear heights; Width: 4.5 cm (1.8 in),CORRECTION: catalogue had wid 5; page states Width 4.5 cm. hgt is the taller rear end.,maker,,TPU laminate (shiny welded),waterproof two-way zipper with one-finger pullers,,,,1,,,1,Black #1c1c1e,2,https://medias.apidura.com/sHRQ6jzh/2020/10/apidura-racing-long-top-tube-pack-2l-1-1.jpg | https://medias.apidura.com/sHRQ6jzh/2020/10/apidura-racing-long-top-tube-pack-2l-on-bike-1-1.jpg,https://www.apidura.com/shop/racing-long-top-tube-pack/
Apidura,Aero,Frame Module,Medium,framebag_half,1.5,30.5,4.5,17.5,,unknown,,"FALSE POSITIVE - framebag_half is correct. Photo assets/products/apidura/aero-frame-module-medium-2.jpg shows a black triangular wedge hanging INSIDE the main triangle, filling the space behind the head tube between the top tube and down tube - not sitting on top of the top tube. Apidura's own page: 'Two Hypalon load straps, silicone backed' around the top tube, 'Velcro transfer panel attaches to downtube', 'Rubber tension bands attach to steerer', and 'Transfer Panels bridge the gap behind the headtube and downtube'. Compare the sibling Aero Top Tube Module (aero-top-tube-module-0-4l-1.jpg), which is a completely different tent-profile box that straddles the TOP of the top tube on two bolt/strap mounts. The line-outlier heuristic just picked up that the Aero line happens to contain three top tube modules; the Frame Module is genuinely a different mount.",maker,,TPU laminate (shiny welded),zip,wedge,2,,1,,,1,Black #1c1c1e,0,,https://www.apidura.com/shop/aero-frame-module/
Apidura,Aero,Frame Module,Large,framebag_half,2.8,31.5,4.5,19.5,,unknown,,"FALSE POSITIVE - framebag_half is correct. Photo assets/products/apidura/aero-frame-module-large-1.jpg shows the same triangular wedge mounted inside the front of the main triangle: top edge strapped under the top tube, front face wrapped against the head tube, bottom tab velcroed to the down tube. 31.5 x 19.5 x 4.5 cm is a slim frame wedge, not a top tube box. Same reasoning as the Medium.",maker,,TPU laminate (shiny welded),zip,wedge,2,,1,,,1,Black #1c1c1e,0,,https://www.apidura.com/shop/aero-frame-module/
Apidura,Aero,Top Tube Module,0.4L,toptube,0.4,22,5,6,,packed,22 cm long; 6 cm front and 3 cm rear heights; 5 cm wide,Dimensions read from the size diagram on the product page.,maker,,TPU laminate (shiny welded),fast-entry magnetic closure,,,,1,,,1,Black #1c1c1e,2,https://medias.apidura.com/sHRQ6jzh/2026/04/apidura-aero-top-tube-module-1.jpg | https://medias.apidura.com/sHRQ6jzh/2026/04/apidura-aero-top-tube-module-on-bike-1.jpg,https://www.apidura.com/shop/aero-top-tube-module/
Apidura,Aero,Bolt-On Top Tube Module,0.4L,toptube,0.4,22,5,6,,packed,22 cm long; 6 cm front and 3 cm rear heights; 5 cm wide; bolt spacing 6.4 cm,Two M5 bolts at 64 mm spacing with 5 cm fore-aft adjustment.,maker,,TPU laminate (shiny welded),fast-entry magnetic closure (not waterproof),,,,1,,,1,Black #1c1c1e,2,https://medias.apidura.com/sHRQ6jzh/2026/05/apidura-aero-bolt-on-top-tube-module-1-1.jpg | https://medias.apidura.com/sHRQ6jzh/2026/05/apidura-aero-bolt-on-top-tube-module-on-bike-2-1.jpg,https://www.apidura.com/shop/aero-bolt-on-top-tube-module/
Apidura,Aero,Bolt-On Long Top Tube Module,0.8L,toptube,0.8,34,5,6,,packed,34 cm long; 6 cm front and 3 cm rear heights; 5 cm wide; bolt spacing 6.4 cm,Dimensions read from the size diagram on the product page.,maker,,TPU laminate (shiny welded),full-length waterproof zipper,,,,1,,,1,Black #1c1c1e,2,https://medias.apidura.com/sHRQ6jzh/2026/05/apidura-aero-long-bolt-on-top-tube-module-1.jpg | https://medias.apidura.com/sHRQ6jzh/2026/05/apidura-aero-bolt-on-long-top-tube-module-on-bike-2-1.jpg,https://www.apidura.com/shop/aero-bolt-on-long-top-tube-module/
Apidura,City,Handlebar Pack,2L,barbag,2,20,10,20,,packed,20 cm wide; MIN 15 cm / MAX 20 cm tall; Depth: 10 cm (3.9 in),MIN 15 / MAX 20 cm is the stretch-panel range; MAX used.,maker,,TPU laminate (shiny welded),fold-over with velcro strips,box,0,,1,,,1,CT400 Marle (grey marl) #6f7174,2,https://medias.apidura.com/sHRQ6jzh/2022/02/apidura-city-handlebar-pack-2l-1-1-225x150.jpg | https://medias.apidura.com/sHRQ6jzh/2022/02/apidura-city-handlebar-pack-2l-on-bike-1-225x150.jpg,https://www.apidura.com/shop/city-handlebar-pack/
Apidura,Canyon Collab,Handlebar Pack,2L,barbag,2,23,10,20,,packed,"Depth: 10 cm (3.9 in); shares the Racing Handlebar Pack 2 L diagram: 23 cm wide, MIN 15 / MAX 20 cm tall",CORRECTION: catalogue had wid 8; page states Depth 10 cm. The page links the Racing 2 L dimension diagram.,maker,,TPU laminate (shiny welded),zip-free fold-over,box,0,,1,,,1,Black #1c1c1e,2,https://medias.apidura.com/sHRQ6jzh/2023/02/apidura-canyon-handlebar-pack-2l-1.jpg | https://medias.apidura.com/sHRQ6jzh/2023/02/apidura-canyon-handlebar-pack-2l-on-bike-1.jpg,https://www.apidura.com/shop/apidura-x-canyon-handlebar-pack/
Apidura,Canyon Collab,Saddle Pack,5L,seatpack,5,33,14,15,,packed,15 cm tall; MIN 23 cm / MAX 33 cm long; 4 cm tail; Depth: 14 cm (5.5 in),CORRECTION: catalogue had wid 12; page states 14 cm. MAX 33 cm used.,maker,,TPU laminate (shiny welded),rolltop,tapered,2,,1,,,1,Black #1c1c1e,2,https://medias.apidura.com/sHRQ6jzh/2021/05/apidura-canyon-saddle-pack-5l-1.jpg | https://medias.apidura.com/sHRQ6jzh/2021/05/apidura-canyon-saddle-pack-5l-on-bike-1.jpg,https://www.apidura.com/shop/apidura-x-canyon-saddle-pack/
Apidura,Canyon Collab,Frame Pack,2.4L,framebag_half,2.4,29,6,14,,packed,"29 cm long; 7 cm front, 14 cm mid, 5 cm rear heights; Width: 6 cm (2.4 in)","FALSE POSITIVE. Identical product to the Racing Frame Pack 2.4L in Canyon livery and it shares that pack's diagram. Ratio 2.07, box 2.44L against 2.4L rated. A half-frame wedge is not a 2.2:1 object. Photos (racing-frame-pack-1l-1.jpg, backcountry-frame-pack-1l-1.jpg) show stubby triangles whose height is roughly two-thirds of their top-tube length. The framebag_half elongation threshold of 2.2 is too strict for the small sizes; these numbers are Apidura's own diagram figures.",maker,,TPU laminate (shiny welded),waterproof zip designed to shed mud,wedge,0,,1,,,1,Black #1c1c1e,0,,https://www.apidura.com/shop/apidura-x-canyon-frame-pack/
Apidura,Canyon Collab,Frame Pack,4.5L,framebag_half,4.5,42,6,14.5,,packed,"42 cm long; 8 cm front, 14.5 cm mid, 6.5 cm rear heights; Width: 6 cm (2.4 in)",CORRECTION: catalogue had wid 6.5; page states Width 6 cm (6.5 cm is the rear-end height in the diagram).,maker,,TPU laminate (shiny welded),waterproof zip designed to shed mud,wedge,0,,1,,,1,Black #1c1c1e,1,https://medias.apidura.com/sHRQ6jzh/2021/05/apidura-canyon-frame-pack-lifestyle-1.jpg,https://www.apidura.com/shop/apidura-x-canyon-frame-pack/
Apidura,Canyon Collab,Bolt-On Top Tube Pack,1L,toptube,1,23.5,4.5,10,,packed,23.5 cm long x 10 cm tall; Width: 4.5 cm (1.8 in); bolt spacing 6.4 cm,CORRECTION: catalogue had wid 6.5; page states Width 4.5 cm (6.5 cm in the diagram is the base-plate depth).,maker,,TPU laminate (shiny welded),magnetic quick-access flip-top,,,,1,,,1,Black #1c1c1e,2,https://medias.apidura.com/sHRQ6jzh/2021/05/apidura-canyon-bolt-on-top-tube-pack-1l-1.jpg | https://medias.apidura.com/sHRQ6jzh/2021/05/apidura-canyon-bolt-on-top-tube-pack-1l-on-bike-1.jpg,https://www.apidura.com/shop/apidura-x-canyon-bolt-on-top-tube-pack/
Apidura,MAAP Collab,Handlebar Pack,9L,barroll,9,43,12,12,12,packed,12 cm tall; MIN 28.5 cm / MAX 43 cm wide; 22 cm front pocket; 13 cm strap spacing; Width: 12 cm (4.7 in),"VERIFIED, dims unchanged — the discrepancy is Apidura's, not the catalogue's. The dimension diagram on the product page is an SVG with the numerals converted to outlines, so I rendered it (headless Chrome) and read it: it says 12 cm tall, 13 cm strap spacing, 22 cm front pocket, MIN 28.5 cm / MAX 43 cm wide, and the page text adds Width: 12 cm. That is exactly what is stored. A 43 x 12 x 12 envelope is a 4.9L cylinder / 6.2L box, so the stated 9L cannot be an as-mounted volume. Corroboration: the Backcountry Handlebar Pack 7L carries the identical 43/12/12 diagram, i.e. Apidura rates the same envelope at 7L in one line and 9L in another. The litres are the optimistic figure (roll extended plus the 22cm external front pocket); the envelope is right. Left liters alone rather than invent a number the maker does not publish.",maker,,TPU laminate (shiny welded),roll-down with quick-release buckles,cylindrical,0,,1,,,2,MAAP Alt Road (loam green) #6f7358 | Graphite accents #4a4b48,0,,https://www.apidura.com/shop/maap-x-apidura-handlebar-pack-9l-v2/
Apidura,MAAP Collab,Saddle Pack,7L,seatpack,7,39.5,16,18,,packed,18 cm tall; MIN 29.5 cm / MAX 39.5 cm long; 4 cm tail; Width: 16 cm (6.3 in),CORRECTION: catalogue had wid 13; page states Width 16 cm. MAX 39.5 cm used.,maker,,TPU laminate (shiny welded),rolltop with quick-release buckles,tapered,2,,1,,,2,MAAP Alt Road (loam green) #6f7358 | Graphite accents #4a4b48,2,https://medias.apidura.com/sHRQ6jzh/2025/05/apidura-maap-saddle-pack-7l-1.jpg | https://medias.apidura.com/sHRQ6jzh/2025/05/apidura-maap-saddle-pack-7l-on-bike-1.jpg,https://www.apidura.com/shop/maap-x-apidura-saddle-pack-7l-v2/
Apidura,MAAP Collab,Frame Pack,1L,framebag_half,1,20.5,5,13.5,,packed,20.5 cm long; 7 cm front and 13.5 cm mid heights; 3.5 cm rear; Width: 5 cm (2 in),"FALSE POSITIVE. Same body as the Racing Frame Pack 1L in MAAP livery, same diagram. Ratio 1.52, box 1.38L against 1L rated. A half-frame wedge is not a 2.2:1 object. Photos (racing-frame-pack-1l-1.jpg, backcountry-frame-pack-1l-1.jpg) show stubby triangles whose height is roughly two-thirds of their top-tube length. The framebag_half elongation threshold of 2.2 is too strict for the small sizes; these numbers are Apidura's own diagram figures.",maker,,TPU laminate (shiny welded),waterproof zippers with oversized pull tab,wedge,0,,1,,,2,MAAP Alt Road (loam green) #6f7358 | Graphite accents #4a4b48,0,,https://www.apidura.com/shop/maap-x-apidura-frame-pack-1l-v2/
Apidura,MAAP Collab,Frame Pack,4L,framebag_half,4,42,6,14,,packed,42 cm long; 7 cm front and 14 cm mid heights; 5 cm rear; Width: 6 cm (2.4 in),Dimensions read from the size diagram on the product page.,maker,,TPU laminate (shiny welded),waterproof zippers with oversized pull tabs,wedge,0,,1,,,2,MAAP Alt Road (loam green) #6f7358 | Graphite accents #4a4b48,2,https://medias.apidura.com/sHRQ6jzh/2025/04/apidura-maap-frame-pack-4l-1.jpg | https://medias.apidura.com/sHRQ6jzh/2025/04/apidura-maap-frame-pack-4l-on-bike-1.jpg,https://www.apidura.com/shop/maap-x-apidura-frame-pack-4l-v2/
Apidura,Bombtrack Collab,Frame Pack,2.4L,framebag_half,2.4,31,6,15,,packed,"31 cm long; 7.5 cm front, 15 cm mid, 5 cm rear heights; Width: 6 cm (2.4 in)","FALSE POSITIVE. Ratio 2.07. Maker diagram figures; box 2.79L against 2.4L rated. A half-frame wedge is not a 2.2:1 object. Photos (racing-frame-pack-1l-1.jpg, backcountry-frame-pack-1l-1.jpg) show stubby triangles whose height is roughly two-thirds of their top-tube length. The framebag_half elongation threshold of 2.2 is too strict for the small sizes; these numbers are Apidura's own diagram figures.",maker,,TPU laminate (shiny welded),waterproof zip with Woojin buckles,wedge,0,,1,,,1,Black #1c1c1e,0,,https://www.apidura.com/shop/apidura-bombtrack-frame-pack-2-4l/
Ortlieb,Seat-Pack,Seat-Pack,11L,seatpack,11,39.9,15,25.9,,packed,"Height 10.2 in, Width 15.7 in, Depth 5.9 in (25.9 x 39.9 x 15.0 cm); Volume 11 L; Weight 12.2 oz","FALSE POSITIVE, threshold artefact: 1.54 against a 1.6 cut-off. Photo seat-pack-seat-pack-11l-1.jpg shows the expected long tapered wedge - deep at the saddle, running out to a point at the tail - so the shape prior is satisfied in substance. The 25.9cm height is the maximum, at the saddle end only. Maker spec verbatim; 39.9 x 25.9 x 15 = 15.5L against 11L (ratio 1.41), normal for a tapered bag whose box is mostly empty at the tail. Unchanged.",maker,,TPU laminate (shiny welded),"rolltop, roll closures on the sides for volume adjustment",tapered,2,,1,Straps,6.6 lb,2,Black Matt #1c1c1e | Dark Sand #b3a184,0,,https://us.ortlieb.com/products/seat-pack
Ortlieb,Seat-Pack,Seat-Pack,16.5L,seatpack,16.5,64,22.1,30,,packed,"Height 11.8 in, Width 25.2 in, Depth 8.7 in (30.0 x 64.0 x 22.1 cm); Volume 16.5 L; Weight 17.3 oz; sold as a SINGLE bag - scope of delivery ""1x saddle bag with hook and loop fastener, valve, adjustable straps and inner stiffener""","Roll closures on the sides adjust volume; figures are the bag at its 16.5 L rating. The box volume far exceeds 16.5 L because the pack tapers sharply to the tail. Ortlieb specs one fixed Height/Width/Depth per size in inches; converted to cm at 2.54. No unrolled/packed range is published. SINGLE bag: capacity_l, dims_cm and weight are all for the one bag.",maker,,TPU laminate (shiny welded),"rolltop, roll closures on the sides for volume adjustment",tapered,2,,1,Straps,11 lb,3,Black Matt #1c1c1e | Dark Sand #b3a184 | Cyber Blue #2e6fb7,8,https://cdn.shopify.com/s/files/1/0686/4021/1122/files/productimage-f9902-front.jpg | https://cdn.shopify.com/s/files/1/0686/4021/1122/files/productimage-f9905-front.jpg | https://cdn.shopify.com/s/files/1/0686/4021/1122/files/f990502-seat-pack-16-5l-cyber-blue-pink-front-01.webp | https://cdn.shopify.com/s/files/1/0686/4021/1122/files/productimage-f9902-back.jpg | https://cdn.shopify.com/s/files/1/0686/4021/1122/files/productimage-f9902-side.jpg | https://cdn.shopify.com/s/files/1/0686/4021/1122/files/productimage-f9902-inside.jpg | https://cdn.shopify.com/s/files/1/0686/4021/1122/files/productimage-f9902-detail-1.jpg | https://cdn.shopify.com/s/files/1/0686/4021/1122/files/productimage-f9902-detail-2.jpg,https://us.ortlieb.com/products/seat-pack
Ortlieb,Seat-Pack,Seat-Pack QR,7.5L,seatpack,7.5,41.9,22.1,16,,packed,"Height 6.3 in, Width 16.5 in, Depth 8.7 in (16.0 x 41.9 x 22.1 cm); Volume 7.5 L; Weight 17.3 oz; sold as a SINGLE bag - scope of delivery ""1x saddle bag with Seat-Lock mounting system""","Ortlieb specs one fixed Height/Width/Depth per size in inches; converted to cm at 2.54. No unrolled/packed range is published. SINGLE bag: capacity_l, dims_cm and weight are all for the one bag.",maker,,TPU laminate (shiny welded),rolltop with five compression straps,tapered,5,,1,Seat-Lock,6.6 lb,2,Dark Sand #b3a184 | Black Matt #1c1c1e,8,https://cdn.shopify.com/s/files/1/0686/4021/1122/files/productimage-f9907-front.jpg | https://cdn.shopify.com/s/files/1/0686/4021/1122/files/productimage-f9906-front.jpg | https://cdn.shopify.com/s/files/1/0686/4021/1122/files/productimage-f9904-front.jpg | https://cdn.shopify.com/s/files/1/0686/4021/1122/files/productimage-f9904-back.jpg | https://cdn.shopify.com/s/files/1/0686/4021/1122/files/productimage-f9904-side.jpg | https://cdn.shopify.com/s/files/1/0686/4021/1122/files/productimage-f9904-inside.jpg | https://cdn.shopify.com/s/files/1/0686/4021/1122/files/productimage-f9904-detail-1.jpg | https://cdn.shopify.com/s/files/1/0686/4021/1122/files/productimage-f9904-detail-2.jpg,https://us.ortlieb.com/products/seat-pack-qr
Ortlieb,Seat-Pack,Seat-Pack QR,13L,seatpack,13,48,22.1,27.9,,packed,"Height 11 in, Width 18.9 in, Depth 8.7 in (27.9 x 48.0 x 22.1 cm); Volume 13 L; Weight 22.0 oz; sold as a SINGLE bag - scope of delivery ""1x saddle bag with Seat-Lock mounting system""","Ortlieb specs one fixed Height/Width/Depth per size in inches; converted to cm at 2.54. No unrolled/packed range is published. SINGLE bag: capacity_l, dims_cm and weight are all for the one bag.",maker,,TPU laminate (shiny welded),rolltop with five compression straps,tapered,5,,1,Seat-Lock,11 lb,2,Dark Sand #b3a184 | Black Matt #1c1c1e,8,https://cdn.shopify.com/s/files/1/0686/4021/1122/files/productimage-f9904-front.jpg | https://cdn.shopify.com/s/files/1/0686/4021/1122/files/productimage-f9903-front.jpg | https://cdn.shopify.com/s/files/1/0686/4021/1122/files/productimage-f9904-back.jpg | https://cdn.shopify.com/s/files/1/0686/4021/1122/files/productimage-f9904-side.jpg | https://cdn.shopify.com/s/files/1/0686/4021/1122/files/productimage-f9904-inside.jpg | https://cdn.shopify.com/s/files/1/0686/4021/1122/files/productimage-f9904-detail-1.jpg | https://cdn.shopify.com/s/files/1/0686/4021/1122/files/productimage-f9904-detail-2.jpg | https://cdn.shopify.com/s/files/1/0686/4021/1122/files/productimage-f9904-detail-3.jpg,https://us.ortlieb.com/products/seat-pack-qr
Ortlieb,Frame-Pack,Frame-Pack,4L,framebag_full,4,39.9,6.1,23.9,,packed,"Height 9.4 in, Width 15.7 in, Depth 2.4 in (23.9 x 39.9 x 6.1 cm); Volume 4 L; Weight 7.1 oz; sold as a SINGLE bag - scope of delivery ""1x frame""","Ortlieb specs one fixed Height/Width/Depth per size in inches; converted to cm at 2.54. No unrolled/packed range is published. SINGLE bag: capacity_l, dims_cm and weight are all for the one bag.",maker,,TPU laminate (shiny welded),waterproof TIZIP zipper,wedge,0,,1,Straps,6.6 lb,1,Black Matt #1c1c1e,7,https://cdn.shopify.com/s/files/1/0686/4021/1122/files/productimage-f9973-front.jpg | https://cdn.shopify.com/s/files/1/0686/4021/1122/files/productimage-f9973-back.jpg | https://cdn.shopify.com/s/files/1/0686/4021/1122/files/productimage-f9973-side.jpg | https://cdn.shopify.com/s/files/1/0686/4021/1122/files/productimage-f9973-inside.jpg | https://cdn.shopify.com/s/files/1/0686/4021/1122/files/productimage-f9973-detail-1.jpg | https://cdn.shopify.com/s/files/1/0686/4021/1122/files/productimage-f9973-detail-2.jpg | https://cdn.shopify.com/s/files/1/0686/4021/1122/files/productimage-f9973-avatar.jpg,https://us.ortlieb.com/products/frame-pack
Ortlieb,Frame-Pack,Frame-Pack,6L,framebag_full,6,50,6.1,29,,packed,"Height 11.4 in, Width 19.7 in, Depth 2.4 in (29.0 x 50.0 x 6.1 cm); Volume 6 L; Weight 8.5 oz; sold as a SINGLE bag - scope of delivery ""1x frame""","Ortlieb specs one fixed Height/Width/Depth per size in inches; converted to cm at 2.54. No unrolled/packed range is published. SINGLE bag: capacity_l, dims_cm and weight are all for the one bag.",maker,,TPU laminate (shiny welded),waterproof TIZIP zipper,wedge,0,,1,Straps,6.6 lb,1,Black Matt #1c1c1e,7,https://cdn.shopify.com/s/files/1/0686/4021/1122/files/productimage-f9974-front.jpg | https://cdn.shopify.com/s/files/1/0686/4021/1122/files/productimage-f9974-back.jpg | https://cdn.shopify.com/s/files/1/0686/4021/1122/files/productimage-f9974-side.jpg | https://cdn.shopify.com/s/files/1/0686/4021/1122/files/productimage-f9974-inside.jpg | https://cdn.shopify.com/s/files/1/0686/4021/1122/files/productimage-f9974-detail-1.jpg | https://cdn.shopify.com/s/files/1/0686/4021/1122/files/productimage-f9974-detail-2.jpg | https://cdn.shopify.com/s/files/1/0686/4021/1122/files/productimage-f9974-avatar.jpg,https://us.ortlieb.com/products/frame-pack
Ortlieb,Frame-Pack,Frame-Pack RC,4L,framebag_full,4,39.9,6.1,23.9,,packed,"Height 9.4 in, Width 15.7 in, Depth 2.4 in (23.9 x 39.9 x 6.1 cm); Volume 4 L; Weight 7.8 oz; sold as a SINGLE bag - scope of delivery ""1x frame bag""","Ortlieb specs one fixed Height/Width/Depth per size in inches; converted to cm at 2.54. No unrolled/packed range is published. SINGLE bag: capacity_l, dims_cm and weight are all for the one bag.",maker,,TPU laminate (shiny welded),roll closure secured by three silicone rings,wedge,0,,1,Straps,6.6 lb,1,Black Matt #1c1c1e,6,https://cdn.shopify.com/s/files/1/0686/4021/1122/files/productimage-f9975-front.jpg | https://cdn.shopify.com/s/files/1/0686/4021/1122/files/productimage-f9975-back.jpg | https://cdn.shopify.com/s/files/1/0686/4021/1122/files/productimage-f9975-side.jpg | https://cdn.shopify.com/s/files/1/0686/4021/1122/files/productimage-f9975-inside.jpg | https://cdn.shopify.com/s/files/1/0686/4021/1122/files/productimage-f9975-detail.jpg | https://cdn.shopify.com/s/files/1/0686/4021/1122/files/productimage-f9975-avatar.jpg,https://us.ortlieb.com/products/frame-pack-rc
Ortlieb,Frame-Pack,Frame-Pack RC,6L,framebag_full,6,50,6.1,29,,packed,"Height 11.4 in, Width 19.7 in, Depth 2.4 in (29.0 x 50.0 x 6.1 cm); Volume 6 L; Weight 9.2 oz; sold as a SINGLE bag - scope of delivery ""1x frame bag""","Ortlieb specs one fixed Height/Width/Depth per size in inches; converted to cm at 2.54. No unrolled/packed range is published. SINGLE bag: capacity_l, dims_cm and weight are all for the one bag.",maker,,TPU laminate (shiny welded),roll closure secured by three silicone rings,wedge,0,,1,Straps,6.6 lb,1,Black Matt #1c1c1e,6,https://cdn.shopify.com/s/files/1/0686/4021/1122/files/productimage-f9976-front.jpg | https://cdn.shopify.com/s/files/1/0686/4021/1122/files/productimage-f9976-back.jpg | https://cdn.shopify.com/s/files/1/0686/4021/1122/files/productimage-f9976-side.jpg | https://cdn.shopify.com/s/files/1/0686/4021/1122/files/productimage-f9976-inside.jpg | https://cdn.shopify.com/s/files/1/0686/4021/1122/files/productimage-f9976-detail.jpg | https://cdn.shopify.com/s/files/1/0686/4021/1122/files/productimage-f9976-avatar.jpg,https://us.ortlieb.com/products/frame-pack-rc
Ortlieb,Frame-Pack,Frame-Pack Toptube,3L,framebag_half,3,39.9,6.1,15,,unknown,,"FALSE POSITIVE - framebag_half is correct despite the name. Photos assets/products/ortlieb/frame-pack-frame-pack-toptube-3l-1.jpg and -4.jpg show a long slab whose three hook-and-loop straps run along the TOP edge and hang DOWNWARD, plus a strap off the front-bottom corner and one off the rear - it hangs below the top tube into the triangle. Ortlieb's page: the bag 'positions itself in your bike's main triangle' and the straps are 'fixed to the top tube, seat tube, and down tube'. The name means 'the Frame-Pack that lives up at the top tube', not 'a top tube bag'. Ortlieb's actual top tube bag is a separate product (toptube-toptube-bag-1-5l-1.jpg) - a small rigid box that bolts ON TOP of the tube. A toptube builder would draw this 39.9 cm slab as a stem-end box: wrong shape and wrong place.",maker,,TPU laminate (shiny welded),waterproof TIZIP zipper,wedge,0,,1,Straps,6.6 lb,3,Dark Sand #b3a184 | Black Matt #1c1c1e | Cyber Pink #e35a9b,0,,https://us.ortlieb.com/products/frame-pack-toptube
Ortlieb,Frame-Pack,Frame-Pack Toptube,4L,framebag_half,4,50,6.1,13,,unknown,,"FALSE POSITIVE - framebag_half is correct. Photo assets/products/ortlieb/frame-pack-frame-pack-toptube-4l-1.jpg is the same slab in the longer 50 x 13 cm size, straps along the top edge hanging down plus down tube and seat tube straps. At 50 cm long and only 13 cm tall it spans nearly the whole top tube and fills the upper strip of the main triangle - a half frame bag, not a stem-end box.",maker,,TPU laminate (shiny welded),waterproof TIZIP zipper,wedge,0,,1,Straps,6.6 lb,2,Dark Sand #b3a184 | Black Matt #1c1c1e,0,,https://us.ortlieb.com/products/frame-pack-toptube
Ortlieb,Frame-Pack,Frame-Pack RC Toptube,3L,framebag_half,3,39.9,6.1,15,,unknown,,"FALSE POSITIVE - framebag_half is correct. Photo assets/products/ortlieb/frame-pack-frame-pack-rc-toptube-3l-1.jpg shows the roll-closure version of the same slab: three velcro straps along the top edge hanging down, orange cinch cords, plus down tube and seat tube straps. Identical mount to the zip version; Ortlieb's page describes the same three-point top tube / seat tube / down tube attachment inside the main triangle.",maker,,TPU laminate (shiny welded),"roll closure, wider opening for bulky gear",wedge,0,,1,Straps,6.6 lb,2,Black Matt #1c1c1e | Dark Sand #b3a184,0,,https://us.ortlieb.com/products/frame-pack-rc-toptube
Ortlieb,Frame-Pack,Frame-Pack RC Toptube,4L,framebag_half,4,50,6.1,13,,unknown,,"FALSE POSITIVE - framebag_half is correct. Same slab as the RC Toptube 3L in the 50 x 13 cm size; assets/products/ortlieb/frame-pack-frame-pack-rc-toptube-4l-1.jpg shows the top-edge strap array that hangs the bag below the top tube. Named 'Toptube' for its position in the frame, not for a stem-end mount.",maker,,TPU laminate (shiny welded),"roll closure, wider opening for bulky gear",wedge,0,,1,Straps,6.6 lb,2,Black Matt #1c1c1e | Dark Sand #b3a184,0,,https://us.ortlieb.com/products/frame-pack-rc-toptube
Ortlieb,Handlebar-Pack,Handlebar-Pack,9L,barroll,9,39.9,16,16,,packed,"Height 6.3 in, Width 15.7 in, Depth 6.3 in (16.0 x 39.9 x 16.0 cm); Volume 9 L; Weight 13.2 oz; sold as a SINGLE bag - scope of delivery ""1x handlebar bag including inner stiffener, compression straps, valve and elastic cord""","Page also states a packed length of 40 cm, matching the 15.7 in width. Ortlieb specs one fixed Height/Width/Depth per size in inches; converted to cm at 2.54. No unrolled/packed range is published. SINGLE bag: capacity_l, dims_cm and weight are all for the one bag.",maker,,TPU laminate (shiny welded),roll closures at both ends (drawstrings on the 15 L),cylindrical,2,,1,Straps,11 lb,3,Dark Sand #b3a184 | Black Matt #1c1c1e | Cyber Blue #2e6fb7,8,https://cdn.shopify.com/s/files/1/0686/4021/1122/files/productimage-f9933-front.jpg | https://cdn.shopify.com/s/files/1/0686/4021/1122/files/productimage-f9932-front.jpg | https://cdn.shopify.com/s/files/1/0686/4021/1122/files/f993303-handlebar-pack-9l-cyber-blue-pink-front-01.webp | https://cdn.shopify.com/s/files/1/0686/4021/1122/files/productimage-f9933-back.jpg | https://cdn.shopify.com/s/files/1/0686/4021/1122/files/productimage-f9933-side.jpg | https://cdn.shopify.com/s/files/1/0686/4021/1122/files/productimage-f9933-inside.jpg | https://cdn.shopify.com/s/files/1/0686/4021/1122/files/productimage-f9933-detail-1.jpg | https://cdn.shopify.com/s/files/1/0686/4021/1122/files/productimage-f9933-detail-2.jpg,https://us.ortlieb.com/products/handlebar-pack
Ortlieb,Handlebar-Pack,Handlebar-Pack,15L,barroll,15,57.9,20.1,20.1,,packed,"Height 7.9 in, Width 22.8 in, Depth 7.9 in (20.1 x 57.9 x 20.1 cm); Volume 15 L; Weight 14.8 oz; sold as a SINGLE bag - scope of delivery ""1x handlebar bag including inner stiffener, compression straps, valve and elastic cord""","Ortlieb specs one fixed Height/Width/Depth per size in inches; converted to cm at 2.54. No unrolled/packed range is published. SINGLE bag: capacity_l, dims_cm and weight are all for the one bag.",maker,,TPU laminate (shiny welded),roll closures at both ends (drawstrings on the 15 L),cylindrical,2,,1,Straps,11 lb,2,Dark Sand #b3a184 | Black Matt #1c1c1e,8,https://cdn.shopify.com/s/files/1/0686/4021/1122/files/productimage-f9925-front.jpg | https://cdn.shopify.com/s/files/1/0686/4021/1122/files/productimage-f9922-front.jpg | https://cdn.shopify.com/s/files/1/0686/4021/1122/files/productimage-f9925-back.jpg | https://cdn.shopify.com/s/files/1/0686/4021/1122/files/productimage-f9925-side.jpg | https://cdn.shopify.com/s/files/1/0686/4021/1122/files/productimage-f9925-inside.jpg | https://cdn.shopify.com/s/files/1/0686/4021/1122/files/productimage-f9925-detail-1.jpg | https://cdn.shopify.com/s/files/1/0686/4021/1122/files/productimage-f9925-detail-2.jpg | https://cdn.shopify.com/s/files/1/0686/4021/1122/files/productimage-f9925-avatar.jpg,https://us.ortlieb.com/products/handlebar-pack
Ortlieb,Handlebar-Pack,Handlebar-Pack QR,11L,barbag,11,32,18,22.1,,packed,"Height 8.7 in, Width 12.6 in, Depth 7.1 in (22.1 x 32.0 x 18.0 cm); Volume 11 L","FALSE POSITIVE on dims, WRONG SLOT. Photo handlebar-pack-handlebar-pack-qr-11l-1.jpg shows a squared roll-top drum on a Bar-Lock bracket with a side mesh pocket - a rando-style front bag, not the long cylinder the barroll rule assumes. Ortlieb's true bar roll is the 9L/15L Handlebar-Pack, a different product. The numbers are maker spec and reconcile: 32 x 22.1 x 18 = 12.7L against 11L (ratio 1.16). Only the slot is wrong.",maker,,TPU laminate (shiny welded),"roll closure, adjustable height, top loading",barrel,2,,1,Bar-Lock,11 lb,2,Black Matt #1c1c1e | Dark Sand #b3a184,0,,https://us.ortlieb.com/products/handlebar-pack-qr
Ortlieb,Handlebar-Pack,Handlebar-Pack Plus,11L,barbag,11,32,18,22.1,,packed,"Height 8.7 in, Width 12.6 in, Depth 7.1 in (22.1 x 32.0 x 18.0 cm); Volume 11 L","FALSE POSITIVE on dims, WRONG SLOT - same body as the QR in the Cordura Plus fabric, confirmed by handlebar-pack-handlebar-pack-plus-11l-1.jpg (identical silhouette, grey webbing). Box bag, not a roll. Maker spec unchanged.",maker,,TPU laminate (shiny welded),roll closure,box,0,,1,Connector for Handlebar Mounting-Sets,11 lb,2,Black #111214 | Dark Chili #7c2b25,0,,https://us.ortlieb.com/products/handlebar-pack-plus
Ortlieb,Handlebar-Pack,Handlebar-Pack Flex,9L,barroll,9,39.9,16,16,,packed,"Height 6.3 in, Width 15.7 in, Depth 6.3 in (16.0 x 39.9 x 16.0 cm); Volume 9 L; Weight 14.5 oz; sold as a SINGLE bag - scope of delivery ""1x handlebar bag including inner stiffener, compression straps, valve and elastic cord""","Ortlieb specs one fixed Height/Width/Depth per size in inches; converted to cm at 2.54. No unrolled/packed range is published. SINGLE bag: capacity_l, dims_cm and weight are all for the one bag.",maker,,TPU laminate (shiny welded),roll closures at both ends with drawstrings,cylindrical,2,,1,Connector for Handlebar Mounting-Sets,11 lb,2,Black Matt #1c1c1e | Dark Sand #b3a184,8,https://cdn.shopify.com/s/files/1/0686/4021/1122/files/productimage-f9919-front.jpg | https://cdn.shopify.com/s/files/1/0686/4021/1122/files/productimage-f9920-front.jpg | https://cdn.shopify.com/s/files/1/0686/4021/1122/files/productimage-f9927-front.jpg | https://cdn.shopify.com/s/files/1/0686/4021/1122/files/productimage-f9927-back.jpg | https://cdn.shopify.com/s/files/1/0686/4021/1122/files/productimage-f9927-side.jpg | https://cdn.shopify.com/s/files/1/0686/4021/1122/files/productimage-f9927-inside.jpg | https://cdn.shopify.com/s/files/1/0686/4021/1122/files/productimage-f9927-detail-1.jpg | https://cdn.shopify.com/s/files/1/0686/4021/1122/files/productimage-f9927-detail-2.jpg,https://us.ortlieb.com/products/handlebar-pack-flex
Ortlieb,Handlebar-Pack,Handlebar-Pack Flex,15L,barroll,15,53.1,20.1,20.1,,packed,"Height 7.9 in, Width 20.9 in, Depth 7.9 in (20.1 x 53.1 x 20.1 cm); Volume 15 L; Weight 16.2 oz; sold as a SINGLE bag - scope of delivery ""1x handlebar bag including inner stiffener, compression straps, valve and elastic cord""","Flex 15 L is 20.9 in wide against 22.8 in for the standard Handlebar-Pack 15 L. Ortlieb specs one fixed Height/Width/Depth per size in inches; converted to cm at 2.54. No unrolled/packed range is published. SINGLE bag: capacity_l, dims_cm and weight are all for the one bag.",maker,,TPU laminate (shiny welded),roll closures at both ends with drawstrings,cylindrical,2,,1,Connector for Handlebar Mounting-Sets,11 lb,2,Black Matt #1c1c1e | Dark Sand #b3a184,8,https://cdn.shopify.com/s/files/1/0686/4021/1122/files/productimage-f9927-front.jpg | https://cdn.shopify.com/s/files/1/0686/4021/1122/files/productimage-f9928-front.jpg | https://cdn.shopify.com/s/files/1/0686/4021/1122/files/productimage-f9927-back.jpg | https://cdn.shopify.com/s/files/1/0686/4021/1122/files/productimage-f9927-side.jpg | https://cdn.shopify.com/s/files/1/0686/4021/1122/files/productimage-f9927-inside.jpg | https://cdn.shopify.com/s/files/1/0686/4021/1122/files/productimage-f9927-detail-1.jpg | https://cdn.shopify.com/s/files/1/0686/4021/1122/files/productimage-f9927-detail-2.jpg | https://cdn.shopify.com/s/files/1/0686/4021/1122/files/productimage-f9927-avatar.jpg,https://us.ortlieb.com/products/handlebar-pack-flex
Ortlieb,Handlebar-Pack,Accessory-Pack,3.5L,barbag,3.5,30,5.1,17,,packed,"Height 6.7 in, Width 11.8 in, Depth 2 in (17.0 x 30.0 x 5.1 cm); Volume 3.5 L","FALSE POSITIVE - the litres are the un-rolled figure, which is the second case the brief lists for volume-too-small. Photo handlebar-pack-accessory-pack-3-5l-1.jpg shows a roll-top pouch photographed with the top already rolled down and clamped; the 17cm height is that rolled height, and the 3.5L rating is reached with the closure let out. Ortlieb publishes only the one rolled figure per bag. Dims are maker spec and unchanged; the 0.74 ratio is expected, not an error.",maker,,TPU laminate (shiny welded),roll closure,box,0,,1,Straps,2.2 lb,3,Dark Sand #b3a184 | Black Matt #1c1c1e | Dark Sand - 2024 #bcab90,0,,https://us.ortlieb.com/products/accessory-pack
Ortlieb,Fuel-Pack,Fuel-Pack,1L,toptube,1,21.1,8.4,11.9,,packed,"Height 4.7 in, Width 8.3 in, Depth 3.3 in (11.9 x 21.1 x 8.4 cm); Volume 1 L","FALSE POSITIVE, threshold artefact: 1.77 against a 2.0 cut-off. Photo fuel-pack-fuel-pack-1l-1.jpg confirms the fat lozenge profile that overhangs the top tube on both sides, so the 8.4cm depth is real and not a transposition. 21.1 x 11.9 x 8.4 = 2.1L against 1L, which is normal for a shape this heavily rounded. Unchanged.",maker,,TPU laminate (shiny welded),"magnetic lid, one-handed",,,,1,Straps,2.2 lb,2,Black Matt #1c1c1e | Dark Sand #b3a184,0,,https://us.ortlieb.com/products/fuel-pack
Ortlieb,Toptube,Toptube-Bag,1.5L,toptube,1.5,23.1,8.4,11.9,,packed,"Height 4.7 in, Width 9.1 in, Depth 3.3 in (11.9 x 23.1 x 8.4 cm); Volume 1.5 L","FALSE POSITIVE, threshold artefact: 1.94 against a 2.0 cut-off. Same body family as the Fuel-Pack, 2cm longer, confirmed by toptube-toptube-bag-1-5l-1.jpg. Maker spec verbatim. Unchanged.",maker,,TPU laminate (shiny welded),"magnetic lid, one-handed",,,,1,Mounting-Set Toptube Bags,2.2 lb,2,Black #111214 | Dark Sand #b3a184,0,,https://us.ortlieb.com/products/toptube-bag
Ortlieb,Fork-Pack,Fork-Pack,4.1L,forkbag,4.1,27.9,17.5,27.9,,packed,"Height 11 in, Width 6.9 in, Depth 4.3 in (27.9 x 17.5 x 10.9 cm); Volume 4.1 L; Weight 10.2 oz; sold as a SINGLE bag - scope of delivery ""1x Fork-Pack with QLS adapter plate including mounting accessories""","Upright fork bag: len and hgt both carry the 11 in height; wid is the 6.9 in width. Fore-aft depth is 4.3 in (10.9 cm). Ortlieb specs one fixed Height/Width/Depth per size in inches; converted to cm at 2.54. No unrolled/packed range is published. SINGLE bag: capacity_l, dims_cm and weight are all for the one bag.",maker,,TPU laminate (shiny welded),rolltop,,,,1,Quick-LockS,6.6 lb,2,Dark Sand #b3a184 | Black Matt #1c1c1e,8,https://cdn.shopify.com/s/files/1/0686/4021/1122/files/productimage-f9994-front.jpg | https://cdn.shopify.com/s/files/1/0686/4021/1122/files/productimage-f9991-front.jpg | https://cdn.shopify.com/s/files/1/0686/4021/1122/files/productimage-f9994-back.jpg | https://cdn.shopify.com/s/files/1/0686/4021/1122/files/productimage-f9994-side.jpg | https://cdn.shopify.com/s/files/1/0686/4021/1122/files/productimage-f9994-inside.jpg | https://cdn.shopify.com/s/files/1/0686/4021/1122/files/productimage-f9994-detail-1.jpg | https://cdn.shopify.com/s/files/1/0686/4021/1122/files/productimage-f9994-detail-2.jpg | https://cdn.shopify.com/s/files/1/0686/4021/1122/files/productimage-f9994-avatar.jpg,https://us.ortlieb.com/products/fork-pack
Ortlieb,Fork-Pack,Fork-Pack,5.8L,forkbag,5.8,30.5,19.6,30.5,,packed,"Height 12 in, Width 7.7 in, Depth 5.1 in (30.5 x 19.6 x 13.0 cm); Volume 5.8 L; Weight 11.1 oz; sold as a SINGLE bag - scope of delivery ""1x Fork-Pack with QLS adapter plate including mounting accessories""","Upright fork bag: len and hgt carry the 12 in height; wid is the 7.7 in width. Fore-aft depth 5.1 in (13 cm). Ortlieb specs one fixed Height/Width/Depth per size in inches; converted to cm at 2.54. No unrolled/packed range is published. SINGLE bag: capacity_l, dims_cm and weight are all for the one bag.",maker,,TPU laminate (shiny welded),rolltop,,,,1,Quick-LockS,6.6 lb,5,Dark Sand #b3a184 | Black Matt #1c1c1e | Black #111214 | Dark Chili #7c2b25 | Cyber Blue #2e6fb7,8,https://cdn.shopify.com/s/files/1/0686/4021/1122/files/productimage-f9995-front.jpg | https://cdn.shopify.com/s/files/1/0686/4021/1122/files/productimage-f9992-front.jpg | https://cdn.shopify.com/s/files/1/0686/4021/1122/files/productimage-f6402-front.jpg | https://cdn.shopify.com/s/files/1/0686/4021/1122/files/productimage-f6403-front.jpg | https://cdn.shopify.com/s/files/1/0686/4021/1122/files/f999501-fork-pack-5-8l-cyber-blue-pink-front-01.webp | https://cdn.shopify.com/s/files/1/0686/4021/1122/files/productimage-f9995-back.jpg | https://cdn.shopify.com/s/files/1/0686/4021/1122/files/productimage-f9995-side.jpg | https://cdn.shopify.com/s/files/1/0686/4021/1122/files/productimage-f9995-inside.jpg,https://us.ortlieb.com/products/fork-pack
Ortlieb,Gravel-Pack,Gravel-Pack,Pair (14.5L/bag),pannier,14.5,25.9,11.9,37.1,,packed,"Height 14.6 in, Width 10.2 in, Depth 4.7 in (37.1 x 25.9 x 11.9 cm); Volume 14.5 L; Weight 20.5 oz; sold as a PAIR - scope of delivery ""2x pannier with QL2.1 mounting system"". Volume 14.5 L is PER BAG (29 L for the 2 bags together); the stated dimensions and weight are also per bag","Sold as a pair, 29 L combined; figures are per bag. Ortlieb specs one fixed Height/Width/Depth per size in inches; converted to cm at 2.54. No unrolled/packed range is published. PAIR: this listing ships 2 bags. capacity_l holds the SINGLE-bag volume (14.5 L); the pair totals 29 L. dims_cm are one bag.",maker,,TPU laminate (shiny welded),roll closure,box,0,,2,Quick-Lock2.1,19.8 lb,2,Black Matt #1c1c1e | Dark Sand #b3a184,8,https://cdn.shopify.com/s/files/1/0686/4021/1122/files/productimage-f9982-pair.jpg | https://cdn.shopify.com/s/files/1/0686/4021/1122/files/productimage-f9997-pair.jpg | https://cdn.shopify.com/s/files/1/0686/4021/1122/files/productimage-f9982-front.jpg | https://cdn.shopify.com/s/files/1/0686/4021/1122/files/productimage-f9982-back.jpg | https://cdn.shopify.com/s/files/1/0686/4021/1122/files/productimage-f9982-side.jpg | https://cdn.shopify.com/s/files/1/0686/4021/1122/files/productimage-f9982-inside.jpg | https://cdn.shopify.com/s/files/1/0686/4021/1122/files/productimage-f9982-detail-1.jpg | https://cdn.shopify.com/s/files/1/0686/4021/1122/files/productimage-f9982-detail-2.jpg,https://us.ortlieb.com/products/gravel-pack
Ortlieb,Gravel-Pack,Gravel-Pack Single,14.5L,pannier,14.5,25.9,11.9,37.1,,packed,"Height 14.6 in, Width 10.2 in, Depth 4.7 in (37.1 x 25.9 x 11.9 cm); Volume 14.5 L; Weight 19.0 oz; sold as a SINGLE bag - scope of delivery ""1x pannier with QL3.1 moutning system""","Ortlieb specs one fixed Height/Width/Depth per size in inches; converted to cm at 2.54. No unrolled/packed range is published. SINGLE bag: capacity_l, dims_cm and weight are all for the one bag.",maker,,TPU laminate (shiny welded),roll closure,box,0,,1,Quick-Lock3.1,19.8 lb,3,Black Matt #1c1c1e | Dark Sand #b3a184 | Cyber Pink #e35a9b,8,https://cdn.shopify.com/s/files/1/0686/4021/1122/files/productimage-f9987-front.jpg | https://cdn.shopify.com/s/files/1/0686/4021/1122/files/productimage-f9988-front.jpg | https://cdn.shopify.com/s/files/1/0686/4021/1122/files/f999002-gravel-pack-14-5l-cyber-pink-front-01.webp | https://cdn.shopify.com/s/files/1/0686/4021/1122/files/productimage-f9987-back.jpg | https://cdn.shopify.com/s/files/1/0686/4021/1122/files/productimage-f9987-side.jpg | https://cdn.shopify.com/s/files/1/0686/4021/1122/files/productimage-f9987-inside.jpg | https://cdn.shopify.com/s/files/1/0686/4021/1122/files/productimage-f9987-detail-1.jpg | https://cdn.shopify.com/s/files/1/0686/4021/1122/files/productimage-f9987-detail-2.jpg,https://us.ortlieb.com/products/gravel-pack-single
Ortlieb,Back-Roller,Back-Roller,20L,pannier,20,32,17,41.9,,packed,"Height 16.5 in, Width 12.6 in, Depth 6.7 in (41.9 x 32.0 x 17.0 cm); Volume 20 L; Weight 29.5 oz; sold as a SINGLE bag - scope of delivery ""1x pannier with QL2.1 mounting system""","CORRECTION: catalogue listed 4 colourways; the page offers 13. Ortlieb specs one fixed Height/Width/Depth per size in inches; converted to cm at 2.54. No unrolled/packed range is published. SINGLE bag: capacity_l, dims_cm and weight are all for the one bag.",maker,,TPU laminate (shiny welded),rolltop,box,1,,1,Quick-Lock2.1,19.8 lb,13,Ash Rose #c1908c | Pepper #4b4640 | Ink #222834 | Neon Reflective #d5f04d | Black Reflective #26282b | Lake #3f7fa8 | Jellyfish #b95a8c | Cyber Blue #2e6fb7 | Cyber Pink #e35a9b | Route No. 1 #6a6a68 | Morning Routine #a8896a | Camo Chain #5d6350 | Wave Lines #4a6f8a,8,https://cdn.shopify.com/s/files/1/0686/4021/1122/files/productimage-f5508-front.jpg | https://cdn.shopify.com/s/files/1/0686/4021/1122/files/productimage-f5502-front.jpg | https://cdn.shopify.com/s/files/1/0686/4021/1122/files/productimage-f5506-front.jpg | https://cdn.shopify.com/s/files/1/0686/4021/1122/files/productimage-f5504-front.jpg | https://cdn.shopify.com/s/files/1/0686/4021/1122/files/productimage-f5505-front.jpg | https://cdn.shopify.com/s/files/1/0686/4021/1122/files/productimage-f5530-front.jpg | https://cdn.shopify.com/s/files/1/0686/4021/1122/files/productimage-f5531-front.jpg | https://cdn.shopify.com/s/files/1/0686/4021/1122/files/productimage-f5537-front.jpg,https://us.ortlieb.com/products/back-roller-20l
Ortlieb,Back-Roller,Back-Roller Plus,23L,pannier,23,32,17,41.9,,packed,"Height 16.5 in, Width 12.6 in, Depth 6.7 in (41.9 x 32.0 x 17.0 cm); Volume 23 L; Weight 32.1 oz; sold as a SINGLE bag - scope of delivery ""1x pannier with QL2.2 mounting system""","Same envelope as the 20 L Back-Roller; the extra 3 L comes from the outer pocket. Ortlieb specs one fixed Height/Width/Depth per size in inches; converted to cm at 2.54. No unrolled/packed range is published. SINGLE bag: capacity_l, dims_cm and weight are all for the one bag.",maker,,TPU laminate (shiny welded),rolltop,box,1,,1,Quick-Lock2.2,27.6 lb,5,Black #111214 | Dark Chili #7c2b25 | Denim #3c4f66 | Moss Green #59654a | Pepper #4b4640,8,https://cdn.shopify.com/s/files/1/0686/4021/1122/files/productimage-f5212-front.jpg | https://cdn.shopify.com/s/files/1/0686/4021/1122/files/productimage-f5213-front.jpg | https://cdn.shopify.com/s/files/1/0686/4021/1122/files/productimage-f5214-front.jpg | https://cdn.shopify.com/s/files/1/0686/4021/1122/files/productimage-f5215-front.jpg | https://cdn.shopify.com/s/files/1/0686/4021/1122/files/productimage-f5536-front.jpg | https://cdn.shopify.com/s/files/1/0686/4021/1122/files/productimage-f5212-back.jpg | https://cdn.shopify.com/s/files/1/0686/4021/1122/files/productimage-f5212-inside.jpg | https://cdn.shopify.com/s/files/1/0686/4021/1122/files/productimage-f5212-detail-1.jpg,https://us.ortlieb.com/products/back-roller-plus
Ortlieb,Back-Roller,Back-Roller Core,20L,pannier,20,32,17,41.9,,packed,"Height 16.5 in, Width 12.6 in, Depth 6.7 in (41.9 x 32.0 x 17.0 cm); Volume 20 L; Weight 28.9 oz; sold as a SINGLE bag - scope of delivery ""1x pannier with QL2.1 mounting system""","Ortlieb specs one fixed Height/Width/Depth per size in inches; converted to cm at 2.54. No unrolled/packed range is published. SINGLE bag: capacity_l, dims_cm and weight are all for the one bag.",maker,,TPU laminate (shiny welded),rolltop,box,1,,1,Quick-Lock2.1,19.8 lb,2,Red #c1372c | Black #111214,6,https://cdn.shopify.com/s/files/1/0686/4021/1122/files/productimage-f5006-front.jpg | https://cdn.shopify.com/s/files/1/0686/4021/1122/files/productimage-f5005-front.jpg | https://cdn.shopify.com/s/files/1/0686/4021/1122/files/productimage-f5006-back.jpg | https://cdn.shopify.com/s/files/1/0686/4021/1122/files/productimage-f5006-side.jpg | https://cdn.shopify.com/s/files/1/0686/4021/1122/files/productimage-f5006-detail.jpg | https://cdn.shopify.com/s/files/1/0686/4021/1122/files/productimage-f5006-avatar.jpg,https://us.ortlieb.com/products/back-roller-core
Ortlieb,Back-Roller,Back-Roller XL,Pair (35L/bag),pannier,35,35.8,25.9,45,,packed,"Height 17.7 in, Width 14.1 in, Depth 10.2 in (45.0 x 35.8 x 25.9 cm); Volume 35 L; Weight 42.3 oz; sold as a PAIR - scope of delivery ""2x pannier with QL2.1 mounting system"". Volume 35 L is PER BAG (70 L for the 2 bags together); the stated dimensions and weight are also per bag","Sold as a pair, 70 L combined; figures are per bag. Ortlieb specs one fixed Height/Width/Depth per size in inches; converted to cm at 2.54. No unrolled/packed range is published. PAIR: this listing ships 2 bags. capacity_l holds the SINGLE-bag volume (35 L); the pair totals 70 L. dims_cm are one bag.",maker,,TPU laminate (shiny welded),rolltop,box,1,,2,Quick-Lock2.1,19.8 lb,4,Red #c1372c | Asphalt #4a4e52 | Granite #71757a | Dark Chili #7c2b25,8,https://cdn.shopify.com/s/files/1/0686/4021/1122/files/productimage-f5352-pair.jpg | https://cdn.shopify.com/s/files/1/0686/4021/1122/files/productimage-f5355-pair.jpg | https://cdn.shopify.com/s/files/1/0686/4021/1122/files/productimage-f5251-pair.jpg | https://cdn.shopify.com/s/files/1/0686/4021/1122/files/productimage-f5256-pair.jpg | https://cdn.shopify.com/s/files/1/0686/4021/1122/files/productimage-f5352-front.jpg | https://cdn.shopify.com/s/files/1/0686/4021/1122/files/productimage-f5352-back.jpg | https://cdn.shopify.com/s/files/1/0686/4021/1122/files/productimage-f5352-side.jpg | https://cdn.shopify.com/s/files/1/0686/4021/1122/files/productimage-f5352-inside.jpg,https://us.ortlieb.com/products/back-roller-35l-mesh-pocket-pair
Ortlieb,Sport-Roller,Sport-Roller,14.5L,pannier,14.5,25.9,11.9,37.1,,packed,"Height 14.6 in, Width 10.2 in, Depth 4.7 in (37.1 x 25.9 x 11.9 cm); Volume 14.5 L; Weight 25.4 oz; sold as a SINGLE bag - scope of delivery ""1x pannier with QL2.1 mounting system""","CORRECTION: catalogue listed 4 colourways; the page offers 8. Ortlieb specs one fixed Height/Width/Depth per size in inches; converted to cm at 2.54. No unrolled/packed range is published. SINGLE bag: capacity_l, dims_cm and weight are all for the one bag.",maker,,TPU laminate (shiny welded),rolltop,box,1,,1,Quick-Lock2.1,19.8 lb,8,Moss Green #59654a | Granite #71757a | Dark Chili #7c2b25 | Denim #3c4f66 | Pure Black #0d0d0f | Neon Reflective #d5f04d | Black Reflective #26282b | Black #111214,8,https://cdn.shopify.com/s/files/1/0686/4021/1122/files/productimage-f6211-front.jpg | https://cdn.shopify.com/s/files/1/0686/4021/1122/files/productimage-f6208-front.jpg | https://cdn.shopify.com/s/files/1/0686/4021/1122/files/productimage-f6209-front.jpg | https://cdn.shopify.com/s/files/1/0686/4021/1122/files/productimage-f6210-front.jpg | https://cdn.shopify.com/s/files/1/0686/4021/1122/files/productimage-f6110-front.jpg | https://cdn.shopify.com/s/files/1/0686/4021/1122/files/productimage-f6153-front.jpg | https://cdn.shopify.com/s/files/1/0686/4021/1122/files/productimage-f6154-front.jpg | https://cdn.shopify.com/s/files/1/0686/4021/1122/files/productimage-f6211-back.jpg,https://us.ortlieb.com/products/sport-roller-14-5l
Ortlieb,Sport-Roller,Sport-Roller Core,14.5L,pannier,14.5,25.9,11.9,37.1,,packed,"Height 14.6 in, Width 10.2 in, Depth 4.7 in (37.1 x 25.9 x 11.9 cm); Volume 14.5 L; Weight 25.0 oz; sold as a SINGLE bag - scope of delivery ""1x pannier with QL2.1 mounting system""","Ortlieb specs one fixed Height/Width/Depth per size in inches; converted to cm at 2.54. No unrolled/packed range is published. SINGLE bag: capacity_l, dims_cm and weight are all for the one bag.",maker,,TPU laminate (shiny welded),rolltop,box,1,,1,Quick-Lock2.1,19.8 lb,2,Red #c1372c | Black #111214,8,https://cdn.shopify.com/s/files/1/0686/4021/1122/files/productimage-f6006-front.jpg | https://cdn.shopify.com/s/files/1/0686/4021/1122/files/productimage-f6005-front.jpg | https://cdn.shopify.com/s/files/1/0686/4021/1122/files/productimage-f6006-back.jpg | https://cdn.shopify.com/s/files/1/0686/4021/1122/files/productimage-f6006-side.jpg | https://cdn.shopify.com/s/files/1/0686/4021/1122/files/productimage-f6006-inside.jpg | https://cdn.shopify.com/s/files/1/0686/4021/1122/files/productimage-f6006-detail-1.jpg | https://cdn.shopify.com/s/files/1/0686/4021/1122/files/productimage-f6006-detail-2.jpg | https://cdn.shopify.com/s/files/1/0686/4021/1122/files/productimage-f6006-avatar.jpg,https://us.ortlieb.com/products/sport-roller-core
Ortlieb,Sport-Packer,Sport-Packer,15L,pannier,15,24.9,14,39.9,,packed,"Height 15.7 in, Width 9.8 in, Depth 5.5 in (39.9 x 24.9 x 14.0 cm); Volume 15 L; Weight 30.8 oz; sold as a PAIR - scope of delivery ""2x pannier with QL2.1 mounting system"". Volume 15 L is PER BAG (30 L for the 2 bags together); the stated dimensions and weight are also per bag",Ortlieb specs one fixed Height/Width/Depth per size in inches; converted to cm at 2.54. No unrolled/packed range is published. PAIR: this listing ships 2 bags. capacity_l holds the SINGLE-bag volume (15 L); the pair totals 30 L. dims_cm are one bag.,maker,,TPU laminate (shiny welded),flap lid with buckles,box,0,,2,Quick-Lock2.1,19.8 lb,5,Red #c1372c | Black #111214 | Petrol #1f5a63 | Granite #71757a | Dark Chili #7c2b25,8,https://cdn.shopify.com/s/files/1/0686/4021/1122/files/productimage-f4801-pair.jpg | https://cdn.shopify.com/s/files/1/0686/4021/1122/files/productimage-f4803-pair.jpg | https://cdn.shopify.com/s/files/1/0686/4021/1122/files/productimage-f4804-pair.jpg | https://cdn.shopify.com/s/files/1/0686/4021/1122/files/productimage-f4904-pair.jpg | https://cdn.shopify.com/s/files/1/0686/4021/1122/files/productimage-f4905-pair.jpg | https://cdn.shopify.com/s/files/1/0686/4021/1122/files/productimage-f4801-front.jpg | https://cdn.shopify.com/s/files/1/0686/4021/1122/files/productimage-f4801-back.jpg | https://cdn.shopify.com/s/files/1/0686/4021/1122/files/productimage-f4801-side.jpg,https://us.ortlieb.com/products/sport-packer
Ortlieb,Bike-Packer,Bike-Packer,20L,pannier,20,32,17,41.9,,packed,"Height 16.5 in, Width 12.6 in, Depth 6.7 in (41.9 x 32.0 x 17.0 cm); Volume 20 L; Weight 36.7 oz; sold as a PAIR - scope of delivery ""2x pannier with QL2.1 mounting system"". Volume 20 L is PER BAG (40 L for the 2 bags together); the stated dimensions and weight are also per bag",Ortlieb specs one fixed Height/Width/Depth per size in inches; converted to cm at 2.54. No unrolled/packed range is published. PAIR: this listing ships 2 bags. capacity_l holds the SINGLE-bag volume (20 L); the pair totals 40 L. dims_cm are one bag.,maker,,TPU laminate (shiny welded),flap lid with buckles,box,0,,2,Quick-Lock2.1,19.8 lb,3,Red #c1372c | Black #111214 | Petrol #1f5a63,8,https://cdn.shopify.com/s/files/1/0686/4021/1122/files/productimage-f2601-pair.jpg | https://cdn.shopify.com/s/files/1/0686/4021/1122/files/productimage-f2603-pair.jpg | https://cdn.shopify.com/s/files/1/0686/4021/1122/files/productimage-f2604-pair.jpg | https://cdn.shopify.com/s/files/1/0686/4021/1122/files/productimage-f2601-front.jpg | https://cdn.shopify.com/s/files/1/0686/4021/1122/files/productimage-f2601-back.jpg | https://cdn.shopify.com/s/files/1/0686/4021/1122/files/productimage-f2601-side.jpg | https://cdn.shopify.com/s/files/1/0686/4021/1122/files/productimage-f2601-inside.jpg | https://cdn.shopify.com/s/files/1/0686/4021/1122/files/productimage-f2601-detail-1.jpg,https://us.ortlieb.com/products/bike-packer
Ortlieb,Bike-Packer,Bike-Packer Plus,21L,pannier,21,32,22.1,41.9,,packed,"Height 16.5 in, Width 12.6 in, Depth 8.7 in (41.9 x 32.0 x 22.1 cm); Volume 21 L; Weight 38.8 oz; sold as a PAIR - scope of delivery ""2x pannier with QL2.1 mounting system"". Volume 21 L is PER BAG (42 L for the 2 bags together); the stated dimensions and weight are also per bag",Deeper than the standard Bike-Packer: 8.7 in against 6.7 in. Ortlieb specs one fixed Height/Width/Depth per size in inches; converted to cm at 2.54. No unrolled/packed range is published. PAIR: this listing ships 2 bags. capacity_l holds the SINGLE-bag volume (21 L); the pair totals 42 L. dims_cm are one bag.,maker,,TPU laminate (shiny welded),flap lid with buckles,box,0,,2,Quick-Lock2.1,19.8 lb,2,Dark Chili #7c2b25 | Granite #71757a,8,https://cdn.shopify.com/s/files/1/0686/4021/1122/files/productimage-f2705-pair.jpg | https://cdn.shopify.com/s/files/1/0686/4021/1122/files/productimage-f2704-pair.jpg | https://cdn.shopify.com/s/files/1/0686/4021/1122/files/productimage-f2705-front.jpg | https://cdn.shopify.com/s/files/1/0686/4021/1122/files/productimage-f2705-back.jpg | https://cdn.shopify.com/s/files/1/0686/4021/1122/files/productimage-f2705-side.jpg | https://cdn.shopify.com/s/files/1/0686/4021/1122/files/productimage-f2705-inside.jpg | https://cdn.shopify.com/s/files/1/0686/4021/1122/files/productimage-f2705-detail-1.jpg | https://cdn.shopify.com/s/files/1/0686/4021/1122/files/productimage-f2705-detail-2.jpg,https://us.ortlieb.com/products/bike-packer-plus
Ortlieb,Saddle-Bag,Saddle-Bag,1.6L,saddlebag,1.6,19.1,16,11.9,,packed,"Height 4.7 in, Width 6.3 in, Depth 7.5 in (11.9 x 16.0 x 19.1 cm); Volume 1.6 L; Weight 7.8 oz; sold as a SINGLE bag - scope of delivery ""1x saddle bag with mounting system""","len is the 7.5 in fore-aft depth; wid is the 6.3 in width. Ortlieb specs one fixed Height/Width/Depth per size in inches; converted to cm at 2.54. No unrolled/packed range is published. SINGLE bag: capacity_l, dims_cm and weight are all for the one bag.",maker,,TPU laminate (shiny welded),roll closure with side buckles,,,,1,Saddle-Bag Mounting-Set,4.4 lb,1,Black Matt #1c1c1e,6,https://cdn.shopify.com/s/files/1/0686/4021/1122/files/productimage-f9414-front.jpg | https://cdn.shopify.com/s/files/1/0686/4021/1122/files/productimage-f9414-back.jpg | https://cdn.shopify.com/s/files/1/0686/4021/1122/files/productimage-f9414-side.jpg | https://cdn.shopify.com/s/files/1/0686/4021/1122/files/productimage-f9414-inside.jpg | https://cdn.shopify.com/s/files/1/0686/4021/1122/files/productimage-f9414-detail.jpg | https://cdn.shopify.com/s/files/1/0686/4021/1122/files/productimage-f9414-avatar.jpg,https://us.ortlieb.com/products/saddle-bag
Ortlieb,Saddle-Bag,Saddle-Bag,4.1L,saddlebag,4.1,27.9,21.1,14,,packed,"Height 5.5 in, Width 8.3 in, Depth 11 in (14.0 x 21.1 x 27.9 cm); Volume 4.1 L; Weight 9.2 oz; sold as a SINGLE bag - scope of delivery ""1x saddle bag with mounting system""","len is the 11 in fore-aft depth; wid is the 8.3 in width. Ortlieb specs one fixed Height/Width/Depth per size in inches; converted to cm at 2.54. No unrolled/packed range is published. SINGLE bag: capacity_l, dims_cm and weight are all for the one bag.",maker,,TPU laminate (shiny welded),roll closure with side buckles,,,,1,Saddle-Bag Mounting-Set,4.4 lb,3,Black Matt #1c1c1e | Dark Sand #b3a184 | Neon Reflective #d5f04d,8,https://cdn.shopify.com/s/files/1/0686/4021/1122/files/productimage-f9424-front.jpg | https://cdn.shopify.com/s/files/1/0686/4021/1122/files/productimage-f9425-front.jpg | https://cdn.shopify.com/s/files/1/0686/4021/1122/files/productimage-f9485-front.jpg | https://cdn.shopify.com/s/files/1/0686/4021/1122/files/productimage-f9424-back.jpg | https://cdn.shopify.com/s/files/1/0686/4021/1122/files/productimage-f9424-side.jpg | https://cdn.shopify.com/s/files/1/0686/4021/1122/files/productimage-f9424-inside.jpg | https://cdn.shopify.com/s/files/1/0686/4021/1122/files/productimage-f9424-detail.jpg | https://cdn.shopify.com/s/files/1/0686/4021/1122/files/productimage-f9424-avatar.jpg,https://us.ortlieb.com/products/saddle-bag
Ortlieb,Micro-Bag,Micro-Bag,0.5L,saddlebag,0.5,11.9,11.9,7.1,,packed,"Height 2.8 in, Width 4.7 in, Depth 4.7 in (7.1 x 11.9 x 11.9 cm); Volume 0.5 L; Weight 4.2 oz; sold as a SINGLE bag - scope of delivery ""1x saddle bag with mounting system""","Ortlieb specs one fixed Height/Width/Depth per size in inches; converted to cm at 2.54. No unrolled/packed range is published. SINGLE bag: capacity_l, dims_cm and weight are all for the one bag.",maker,,TPU laminate (shiny welded),roll closure with elastic drawstrings,,,,1,Saddle-Bag Mounting-Set,2.2 lb,3,Black Matt #1c1c1e | Cyber Pink #e35a9b | Dark Sand #b3a184,8,https://cdn.shopify.com/s/files/1/0686/4021/1122/files/productimage-f9664-front.jpg | https://cdn.shopify.com/s/files/1/0686/4021/1122/files/productimage-f9666-front.jpg | https://cdn.shopify.com/s/files/1/0686/4021/1122/files/productimage-f9665-front.jpg | https://cdn.shopify.com/s/files/1/0686/4021/1122/files/productimage-f9664-back.jpg | https://cdn.shopify.com/s/files/1/0686/4021/1122/files/productimage-f9664-side.jpg | https://cdn.shopify.com/s/files/1/0686/4021/1122/files/productimage-f9664-inside.jpg | https://cdn.shopify.com/s/files/1/0686/4021/1122/files/productimage-f9664-detail.jpg | https://cdn.shopify.com/s/files/1/0686/4021/1122/files/productimage-f9664-avatar.jpg,https://us.ortlieb.com/products/micro-bag
Ortlieb,Micro-Bag,Micro-Bag,0.8L,saddlebag,0.8,14,11.9,8.9,,packed,"Height 3.5 in, Width 4.7 in, Depth 5.5 in (8.9 x 11.9 x 14.0 cm); Volume 0.8 L; Weight 4.9 oz; sold as a SINGLE bag - scope of delivery ""1x saddle bag with mounting system""","Ortlieb specs one fixed Height/Width/Depth per size in inches; converted to cm at 2.54. No unrolled/packed range is published. SINGLE bag: capacity_l, dims_cm and weight are all for the one bag.",maker,,TPU laminate (shiny welded),roll closure with elastic drawstrings,,,,1,Saddle-Bag Mounting-Set,2.2 lb,2,Black Matt #1c1c1e | Dark Sand #b3a184,7,https://cdn.shopify.com/s/files/1/0686/4021/1122/files/productimage-f9674-front.jpg | https://cdn.shopify.com/s/files/1/0686/4021/1122/files/productimage-f9675-front.jpg | https://cdn.shopify.com/s/files/1/0686/4021/1122/files/productimage-f9674-back.jpg | https://cdn.shopify.com/s/files/1/0686/4021/1122/files/productimage-f9674-side.jpg | https://cdn.shopify.com/s/files/1/0686/4021/1122/files/productimage-f9674-inside.jpg | https://cdn.shopify.com/s/files/1/0686/4021/1122/files/productimage-f9674-detail.jpg | https://cdn.shopify.com/s/files/1/0686/4021/1122/files/productimage-f9674-avatar.jpg,https://us.ortlieb.com/products/micro-bag
Ortlieb,Trunk-Bag,Trunk-Bag,10L,trunk,10,32,18,20.1,,packed,"Height 7.9 in, Width 12.6 in, Depth 7.1 in (20.1 x 32.0 x 18.0 cm); Volume 10 L; Weight 34.6 oz; sold as a SINGLE bag - scope of delivery ""1x Trunk-Bag with universal Top-Lock mounting system""","Ortlieb specs one fixed Height/Width/Depth per size in inches; converted to cm at 2.54. No unrolled/packed range is published. SINGLE bag: capacity_l, dims_cm and weight are all for the one bag.",maker,,TPU laminate (shiny welded),rolltop,box,0,,1,Top-Lock,22 lb,2,Petrol #1f5a63 | Black #111214,8,https://cdn.shopify.com/s/files/1/0686/4021/1122/files/productimage-f8241-front.jpg | https://cdn.shopify.com/s/files/1/0686/4021/1122/files/productimage-f8240-front.jpg | https://cdn.shopify.com/s/files/1/0686/4021/1122/files/productimage-f8241-back.jpg | https://cdn.shopify.com/s/files/1/0686/4021/1122/files/productimage-f8241-side.jpg | https://cdn.shopify.com/s/files/1/0686/4021/1122/files/productimage-f8241-inside.jpg | https://cdn.shopify.com/s/files/1/0686/4021/1122/files/productimage-f8241-detail-1.jpg | https://cdn.shopify.com/s/files/1/0686/4021/1122/files/productimage-f8241-detail-2.jpg | https://cdn.shopify.com/s/files/1/0686/4021/1122/files/productimage-f8241-avatar.jpg,https://us.ortlieb.com/products/trunk-bag
Ortlieb,Trunk-Bag,Trunk-Bag RC,12L,trunk,12,38.1,20.1,30,,packed,"Height 11.8 in, Width 7.9 in, Depth 15 in (30.0 x 20.1 x 38.1 cm); Volume 12 L; Weight 28.2 oz; this page publishes no scope-of-delivery list, so the number of bags per listing is NOT stated - treated as a single rack-top bag","On the RC the 15 in figure is labelled Depth and is the fore-aft length of the rack-top bag. Ortlieb specs one fixed Height/Width/Depth per size in inches; converted to cm at 2.54. No unrolled/packed range is published. Quantity per listing not stated on the page. Treated as a single bag; it is a rack-top bag, not a pannier sold in pairs.",maker,,TPU laminate (shiny welded),rolltop,box,0,,1,Top-Lock,22 lb,2,Black #111214 | Pepper #4b4640,8,https://cdn.shopify.com/s/files/1/0686/4021/1122/files/productimage-f8422-front.jpg | https://cdn.shopify.com/s/files/1/0686/4021/1122/files/productimage-f8520-front.jpg | https://cdn.shopify.com/s/files/1/0686/4021/1122/files/productimage-f8422-back.jpg | https://cdn.shopify.com/s/files/1/0686/4021/1122/files/productimage-f8422-side.jpg | https://cdn.shopify.com/s/files/1/0686/4021/1122/files/productimage-f8422-inside.jpg | https://cdn.shopify.com/s/files/1/0686/4021/1122/files/productimage-f8422-detail-1.jpg | https://cdn.shopify.com/s/files/1/0686/4021/1122/files/productimage-f8422-detail-2.jpg | https://cdn.shopify.com/s/files/1/0686/4021/1122/files/productimage-f8422-detail-3.jpg,https://us.ortlieb.com/products/trunk-bag-rc
Revelate Designs,Spinelock,Spinelock,10L,seatpack,10,45,18,20,,unknown,,"NO retailer or review source publishes outer dimensions for the Spinelock. bike-packing.de, CampfireCycling and The Radavist's launch article all give only fit clearances (20 cm (7.9"") tyre clearance, 16.4 cm exposed seatpost), volume in cubic inches (610 cu in for the 10L, 975 cu in for the 16L) and weight (638 g / 680 g). dims_cm left at the existing catalogue value and is NOT retailer-confirmed. revelatedesigns.com blocks automated access (HTTP 403 to product pages, the /shop/ index and browser-UA curl), so nothing here is maker-verified.",retailer,https://www.bike-packing.de/en/revelate-designs-spinelock-saddlebag-black-10l-16l-black-10-l,Cordura (matte woven),rolltop,tapered,2,,1,,,1,Black #1c1c1c,1,https://bike-packing.imgbolt.de/media/f3/85/ff/1672933139/revelate-designs-spinelock-seat-bag-black-10l-001_24cb6222d01ebf2d8859052e3ad37db5.jpg,https://revelatedesigns.com/product/spinelock10/
Revelate Designs,Spinelock,Spinelock,16L,seatpack,16,52,21,24,,unknown,,"NO retailer or review source publishes outer dimensions for the Spinelock. bike-packing.de, CampfireCycling and The Radavist's launch article all give only fit clearances (24 cm (9.4"") tyre clearance, 16.4 cm exposed seatpost), volume in cubic inches (610 cu in for the 10L, 975 cu in for the 16L) and weight (638 g / 680 g). dims_cm left at the existing catalogue value and is NOT retailer-confirmed. revelatedesigns.com blocks automated access (HTTP 403 to product pages, the /shop/ index and browser-UA curl), so nothing here is maker-verified.",retailer,https://www.bike-packing.de/en/revelate-designs-spinelock-saddlebag-black-10l-16l-black-10-l,Cordura (matte woven),rolltop,tapered,2,,1,,,1,Black #1c1c1c,1,https://bike-packing.imgbolt.de/media/f3/85/ff/1672933139/revelate-designs-spinelock-seat-bag-black-10l-001_24cb6222d01ebf2d8859052e3ad37db5.jpg,https://revelatedesigns.com/product/spinelock16/
Revelate Designs,Terrapin,Terrapin System,8L,seatpack,8,43.2,15.2,15.2,15.2,packed,REI: 17 x 6 x 6 in (43.2 x 15.2 x 15.2 cm); 8 L with closure rolled 3 times; 1 lb 1 oz,"Dimensions from the REI product spec table (rei.com/product/189291); revelatedesigns.com blocks automated access (HTTP 403 to product pages, the /shop/ index and browser-UA curl), so nothing here is maker-verified. Second source bike-packing.de publishes no outer dimensions at all, only clearances (17.8 cm saddle-rail-to-tyre, 12.7 cm free seatpost) and weights (holster 369 g, drybag 113 g), so REI is unconfirmed. REI's figures are rounded to whole inches. CORRECTION: the catalogue carried a 12.9 cm diameter, which back-computes to only 5.6 L for a 43.2 cm cylinder; REI's 15.2 cm gives 7.8 L, matching the 8 L rating, so REI's figure is taken.",retailer,https://www.rei.com/product/189291/revelate-designs-terrapin-system-seat-pack-8-liters,Cordura (matte woven),rolltop,tapered,2,,1,,,3,Black #1c1c1c | Crushed Purple #5d4a6e | Alpine Camo #8b8874,1,https://bike-packing.imgbolt.de/media/e4/f8/d4/1672932866/revelate-designs-terrapin-8l-black-0001_375509333cb98b6122c2b8e0d1edf7fa.jpg,https://revelatedesigns.com/product/terrapin8l/
Revelate Designs,Terrapin,Terrapin System,14L,seatpack,14,45.7,17.8,20.3,19,packed,REI: 18 x 8 x 7 in (45.7 x 20.3 x 17.8 cm); 14 L with closure rolled 3 times; 1 lb 5 oz,"Dimensions from the REI product spec table (rei.com/product/188621); revelatedesigns.com blocks automated access (HTTP 403 to product pages, the /shop/ index and browser-UA curl), so nothing here is maker-verified. Second source bike-packing.de publishes no outer dimensions, only clearances (21.6 cm rail-to-tyre, 12.7 cm free seatpost) and weights (holster 425 g, drybag 142 g), so REI is unconfirmed. REI's figures are rounded to whole inches and REI does not label which axis is which; 18 in is taken as length and the 8/7 in pair as height/width, with dia set to their mean. Runs about 2.5 cm longer than the existing catalogue value.",retailer,https://www.rei.com/product/188621/revelate-designs-terrapin-system-seat-pack-14-liters,Cordura (matte woven),rolltop,tapered,2,,1,,,4,Black #1c1c1c | Blue #2f5d8c | Crushed Purple #5d4a6e | Multi-cam #8b8874,4,https://campfirecycling-media.s3.us-west-1.amazonaws.com/wp-content/uploads/terrapin-14-liter-black-2019-1000x1000.jpg | https://campfirecycling-media.s3.us-west-1.amazonaws.com/wp-content/uploads/revelate-designs-terrapin-14l-multi-cam-stock.jpg | https://campfirecycling-media.s3.us-west-1.amazonaws.com/wp-content/uploads/revelate-designs-terrapin-14l-purple-crush-stock.jpg | https://campfirecycling-media.s3.us-west-1.amazonaws.com/wp-content/uploads/revelate-designs-terrapin-14l-blue-seat-bag.jpg,https://revelatedesigns.com/product/terrapinsystem14l/
Revelate Designs,Shrew,Shrew,2.25L,saddlebag,2.25,25.4,12.7,12.7,,unknown,"up to 3 litres, 142 g","NO retailer publishes dimensions for the Shrew: bike-packing.de gives only 'up to 3 litres' and 142 g, CampfireCycling only 2.25 L and 4.5 oz. dims_cm left at the existing catalogue value, NOT retailer-confirmed. Note the 2.25 L / 3 L split is the rolled-vs-unrolled figure — CampfireCycling's own page carries both and flags the inconsistency; capacity_l stays at the packed 2.25 L. revelatedesigns.com blocks automated access (HTTP 403 to product pages, the /shop/ index and browser-UA curl), so nothing here is maker-verified.",retailer,https://www.bike-packing.de/en/revelate-designs-shrew-seat-bag-saddlebag-3l-black,Cordura (matte woven),,,,,1,,,4,Black #1c1c1c | Hivis Lime #c8d92a | Blue #2f5d8c | Purple Crush #5d4a6e,4,https://bike-packing.imgbolt.de/media/95/60/b9/1672933119/revelate-designs-shrew-seat-bag-black-0001_8a0084afc09e3f4cf1fe61a4ce6443cb.jpg | https://bike-packing.imgbolt.de/media/7b/d5/50/1672933104/revelate-designs-shrew-seat-bag-yellow-0001_1add37b787e4159428e1b13ee9fa4dd1.jpg | https://bike-packing.imgbolt.de/media/6c/d9/e6/1672933443/revelate-designs-shrew-seat-bag-blue-0001_9f781495ed2b88fc329f7bf2714f75fe.jpg | https://campfirecycling-media.s3.us-west-1.amazonaws.com/wp-content/uploads/revelate-designs-shrew-seat-bag-small-roll-top-purple-crush-1-1000x1000.jpg,https://revelatedesigns.com/product/shrew/
Revelate Designs,Shrew,Ultra Shrew,2.25L,saddlebag,2.25,25.4,12.7,12.7,,unknown,2.25 L; under 5 oz; Challenge Ultra 200 fabric,"NO retailer publishes dimensions for the Ultra Shrew — CampfireCycling, Angry Catfish, REI, Wheat Ridge and BikeParts.com all list only volume (2.25 L), weight (under 5 oz) and fabric. Most retailers do not stock the Ultra variant separately at all. dims_cm left at the existing catalogue value, which is copied from the standard Shrew, and is NOT retailer-confirmed. revelatedesigns.com blocks automated access (HTTP 403 to product pages, the /shop/ index and browser-UA curl), so nothing here is maker-verified.",retailer,https://www.campfirecycling.com/product/revelate-designs-shrew-seat-bag.html,Cordura (matte woven),,,,,1,,,1,Black #1c1c1c,0,,https://revelatedesigns.com/product/ultra-shrew/
Revelate Designs,Stoat,Stoat Seat Bag,0.8L,saddlebag,0.8,16.5,8.9,8.9,,unknown,"0.8 litres, 99 g","bike-packing.de lists no dimensions for the Stoat, only 0.8 L and 99 g. dims_cm left at the existing catalogue value, NOT retailer-confirmed. revelatedesigns.com blocks automated access (HTTP 403 to product pages, the /shop/ index and browser-UA curl), so nothing here is maker-verified.",retailer,https://www.bike-packing.de/en/revelate-designs-stoat-seat-bag-saddle-bag-08l,Cordura (matte woven),,,,,1,,,1,Black / Gray #3a3a3c,2,https://bike-packing.imgbolt.de/media/c4/af/68/1723764373/revelate-designs-stoat-seat-bag-000.jpg | https://bike-packing.imgbolt.de/media/35/50/b6/1723764373/revelate-designs-stoat-seat-bag-007.jpg,https://revelatedesigns.com/product/stoat/
Revelate Designs,Sweetroll,Sweetroll,11L,barroll,11,55.9,15.9,15.9,15.9,packed,M: max length approx. 559 mm (ends rolled); diameter approx. 159 mm; 11 L; 439 g,"Dimensions from bike-packing.de spec table; revelatedesigns.com blocks automated access (HTTP 403 to product pages, the /shop/ index and browser-UA curl), so nothing here is maker-verified. The 559 mm length is quoted WITH the ends rolled, so it is a packed figure, not an unrolled maximum. Agrees with the existing catalogue value to within 1 mm.",retailer,https://www.bike-packing.de/en/revelate-designs-sweetroll-handlebar-bag-black-m,Cordura (matte woven),rolltop,cylindrical,2,slip,1,,,2,Black #1c1c1c | Red #a52a2a,0,,https://revelatedesigns.com/product/sweetroll/
Revelate Designs,Sweetroll,Sweetroll,15L,barroll,15,55.9,17.8,17.8,17.8,packed,L: max length approx. 559 mm (ends rolled); diameter approx. 178 mm; 15 L; 468 g,"Dimensions from bike-packing.de spec table; revelatedesigns.com blocks automated access (HTTP 403 to product pages, the /shop/ index and browser-UA curl), so nothing here is maker-verified. Length quoted with ends rolled. Agrees with the existing catalogue value to within 1 mm.",retailer,https://www.bike-packing.de/en/revelate-designs-sweetroll-handlebar-bag-black-m,Cordura (matte woven),rolltop,cylindrical,2,slip,1,,,2,Black #1c1c1c | Red #a52a2a,0,,https://revelatedesigns.com/product/sweetroll/
Revelate Designs,Saltyroll,Saltyroll,12L,barroll,12,53.3,16.7,16.7,16.7,packed,diameter 16.7 cm; min length 33.3 cm; max length 53.3 cm (rolled 3x per end); 12 L; 185 g,"Dimensions from bike-packing.de spec table; revelatedesigns.com blocks automated access (HTTP 403 to product pages, the /shop/ index and browser-UA curl), so nothing here is maker-verified. The 53.3 cm figure is the length with each end rolled 3 times (the state the 12 L rating refers to), so it is treated as packed; length shortens to 33.3 cm when rolled down further. Diameter 16.7 cm is 1 mm off the existing catalogue value.",retailer,https://www.bike-packing.de/en/revelate-designs-saltyroll-dry-bag-12l,Cordura (matte woven),rolltop,cylindrical,0,,1,,,1,Black #1c1c1c,1,https://bike-packing.imgbolt.de/media/42/ef/28/1748990437/revelate-designs-saltyroll-drybag-update-01.jpg,https://revelatedesigns.com/product/saltyroll/
Revelate Designs,Pronghorn,Pronghorn,SM,barroll,7.5,41.9,11.4,14,,packed,S: 419 x 114 x 140 mm (W x D x H); 7.5 L; 213 g (238 g with pocket clips),"Dimensions from bike-packing.de spec table (W x D x H, remapped to len/wid/hgt); revelatedesigns.com blocks automated access (HTTP 403 to product pages, the /shop/ index and browser-UA curl), so nothing here is maker-verified. Agrees with the existing catalogue value to within 1 cm on every axis.",retailer,https://www.bike-packing.de/en/revelate-designs-pronghorn-handlebar-bag-75-23l-l,Cordura (matte woven),rolltop,cylindrical,2,,1,,,2,Black #1c1c1c | VX21 Blue #2f5d8c,1,https://bike-packing.imgbolt.de/media/b1/34/9e/1703119436/revelate-designs-pronghorn-update-008.jpg,https://revelatedesigns.com/product/pronghorn/
Revelate Designs,Pronghorn,Pronghorn,MD,barroll,11,48.3,17.8,16.5,,packed,M: 483 x 178 x 165 mm (W x D x H); 11 L; 232 g (258 g with pocket clips),"Dimensions from bike-packing.de spec table (W x D x H, remapped to len/wid/hgt); revelatedesigns.com blocks automated access (HTTP 403 to product pages, the /shop/ index and browser-UA curl), so nothing here is maker-verified. Agrees with the existing catalogue value to within 1 cm on every axis.",retailer,https://www.bike-packing.de/en/revelate-designs-pronghorn-handlebar-bag-75-23l-l,Cordura (matte woven),rolltop,cylindrical,2,,1,,,2,Black #1c1c1c | VX21 Blue #2f5d8c,1,https://bike-packing.imgbolt.de/media/c8/18/86/1703114985/revelate-designs-pronghorn-update-002.jpg,https://revelatedesigns.com/product/pronghorn/
Revelate Designs,Pronghorn,Pronghorn,LG,barroll,23,61,21.6,19,,packed,L: 610 x 216 x 190 mm (W x D x H); 23 L; 252 g (286 g with pocket clips),"Dimensions from bike-packing.de spec table (W x D x H, remapped to len/wid/hgt); revelatedesigns.com blocks automated access (HTTP 403 to product pages, the /shop/ index and browser-UA curl), so nothing here is maker-verified. Agrees with the existing catalogue value to within 1 cm on every axis.",retailer,https://www.bike-packing.de/en/revelate-designs-pronghorn-handlebar-bag-75-23l-l,Cordura (matte woven),rolltop,cylindrical,2,,1,,,2,Black #1c1c1c | VX21 Blue #2f5d8c,1,https://bike-packing.imgbolt.de/media/32/4d/87/1703114986/revelate-designs-pronghorn-update-010.jpg,https://revelatedesigns.com/product/pronghorn/
Revelate Designs,Harness,Hammerhead Harness,One Size,barroll,0,30,3.5,7.5,,packed,support tubes width 30 cm; light-mount height 7.5 cm (sling top to mount tube top); cargo offset from bars approx. 3.5 cm; max bracket spacing 80 mm; 336 g (410 g with accessory mount); load limit 3.6 kg,"Dimensions from the Cyclewerks (NZ) product spec block; revelatedesigns.com blocks automated access (HTTP 403 to product pages, the /shop/ index and browser-UA curl), so nothing here is maker-verified. This is a rigid cradle, not a bag: len is the carbon support-tube span, hgt the light-mount height, wid the offset from the bars. Existing catalogue value (26 x 10 x 12) was not retailer-supported and has been replaced. The Radavist and bikepacking.com both corroborate the 13 mm bar-clearance requirement and the load limit (quoted as 8 lb / 3.6 kg).",retailer,https://www.cyclewerks.co.nz/product/revelate-designs-hammerhead-harness,Cordura (matte woven),harness,cylindrical,2,,1,,,1,Black #1c1c1c,0,,https://revelatedesigns.com/product/hammerhead-harness/
Revelate Designs,Egress,Egress Pocket,2.8L,barbag,2.8,24.1,7.6,20.3,,packed,"length 24.1 cm, width 7.6 cm, height 20.3 cm; 2.8 L; 284 g complete / 213 g without extra straps and inner pouch","Dimensions from bike-packing.de spec table; revelatedesigns.com blocks automated access (HTTP 403 to product pages, the /shop/ index and browser-UA curl), so nothing here is maker-verified. Matches the existing catalogue value exactly on all three axes.",retailer,https://www.bike-packing.de/en/revelate-designs-egress-pocket-handlebar-bag-28l,Cordura (matte woven),rolltop,box,0,zip,1,,,1,Black #1c1c1c,0,,https://revelatedesigns.com/product/egress-pocket/
Revelate Designs,Scrambler,Scrambler Pocket,3.5L,barbag,3.5,24.1,7.6,22.9,,unknown,up to 3.5 L; DP UVX40 main fabric reinforced with Ultra 200,"NO source publishes dimensions for the Scrambler Pocket. The Radavist's launch article and Abbotsford Cycles both give only the 3.5 L capacity and the fabrics; BIKEPACKING.com has not reviewed it and no stocking retailer lists a spec table (Abbotsford Cycles returned HTTP 503 on the attempt). dims_cm left at the existing catalogue value and is NOT retailer-confirmed. revelatedesigns.com blocks automated access (HTTP 403 to product pages, the /shop/ index and browser-UA curl), so nothing here is maker-verified.",retailer,https://theradavist.com/revelate-designs-launches-the-hammerhead-harness,Cordura (matte woven),rolltop,box,0,,1,,,1,Black #1c1c1c,0,,https://revelatedesigns.com/product/scrambler-pocket/
Revelate Designs,Campamocha,Campamocha,2.3L,barbag,2.3,26.7,14,8.9,,packed,"width 267 mm, height 89 mm, depth 140 mm; 2.3 L; 241 g","Dimensions from bike-packing.de spec table; revelatedesigns.com blocks automated access (HTTP 403 to product pages, the /shop/ index and browser-UA curl), so nothing here is maker-verified. MAJOR correction: the existing catalogue value (20 x 13 x 9) had the shape wrong — the Campamocha is a wide, shallow bar bag, 26.7 cm across the bars, only 8.9 cm tall and 14 cm fore-aft.",retailer,https://www.bike-packing.de/en/revelate-designs-campamocha-handlebar-bag-23l,Cordura (matte woven),zip,box,0,zip,1,,,1,Black #1c1c1c,2,https://bike-packing.imgbolt.de/media/47/35/74/1769722914/revelate-designs-Campamocha-handlebar-bag-007.jpg | https://bike-packing.imgbolt.de/media/60/4d/e6/1769726973/revelate-designs-Campamocha-main-open.jpg,https://revelatedesigns.com/product/campamocha/
Revelate Designs,Speedbag,Speedbag,1L,barbag,1,8.9,8.9,15.2,8.9,packed,height approx. 15.2 cm; bottom width approx. 8.3 cm; max diameter (top) approx. 8.9 cm; 1 L; 94 g,"Dimensions from bike-packing.de spec table; revelatedesigns.com blocks automated access (HTTP 403 to product pages, the /shop/ index and browser-UA curl), so nothing here is maker-verified. Correction: the Speedbag is a cylindrical stem/feed pouch, not a box — the existing catalogue value (19 x 9 x 7) had the height wrong. Recorded as a cylinder: 15.2 cm tall, 8.9 cm max diameter at the top tapering to 8.3 cm at the base.",retailer,https://www.bike-packing.de/en/revelate-designs-speedbag-food-pouch,Cordura (matte woven),drawcord,cylindrical,0,stretch,1,,,2,White #e8e6e1 | Black #1c1c1c,1,https://bike-packing.imgbolt.de/media/aa/af/1d/1773736480/revelate-designs-speedbag-white.jpg,https://revelatedesigns.com/product/speedbag/
Revelate Designs,Pitchfork,Pitchfork Aerobar System,One Size,barbag,8,30.5,15.2,18.4,,packed,"holster 7.25 in long; drybag 12 in long x 6 in wide; bar spacing adjustable 3.5-5 in; 170 g; drybag 6 L rolled 3 times, pockets ~1 L per side","Dimensions from the Universal Cycles product spec block; revelatedesigns.com blocks automated access (HTTP 403 to product pages, the /shop/ index and browser-UA curl), so nothing here is maker-verified. Matches the existing catalogue value exactly (30.5 x 18.4 x 15.2). Volume note: Universal Cycles headlines 366 cu in (6.0 L) for the drybag alone while the same page and other retailers describe ~1 L per side pocket, giving the 8 L system figure the catalogue carries.",retailer,https://www.universalcycles.com/shopping/product_details.php?id=116276,Cordura (matte woven),rolltop,tapered,1,stretch stretch,1,,,1,Black / Grey #3a3a3c,0,,https://revelatedesigns.com/product/pitchfork/
Revelate Designs,Mag-Tank,Mag-Tank,0.5L,toptube,0.9,21.6,6.4,11.4,,packed,"The Radavist: length 9 in, height 4.5 in, width 2 in rear / 3 in at buckle, 187 g. bike-packing.de: length 216 mm, max height 127 mm (tapering to 64 mm at the rear), width 64 mm at the head tube tapering to 38 mm, 0.9 L, 157 g with TPU liner","Two retailer-grade sources DISAGREE. The Radavist's launch spec gives 22.9 x 11.4 x 7.6 cm; bike-packing.de's spec table gives 21.6 x 12.7 x 6.4 cm. Per the conservative rule the smaller value is taken on each axis: 21.6 x 11.4 x 6.4. Both sets are in dims_raw. Also note the retailers rate the current Mag-Tank at 0.9 L, not the 0.5 L the catalogue carries — capacity_l updated to 0.9. revelatedesigns.com blocks automated access (HTTP 403 to product pages, the /shop/ index and browser-UA curl), so nothing here is maker-verified.",maker,https://www.bike-packing.de/en/revelate-designs-mag-tank-with-tpu-liner-top-tube-bag-09l,Cordura (matte woven),,,,,1,,,2,Black #1c1c1c | Blue #2f5d8c,0,,https://revelatedesigns.com/product/mag-tank/
Revelate Designs,Mag-Tank,Mag-Tank FastTrack,0.5L,toptube,1,22,6.4,11.4,,packed,"bike-packing.de (bolt-on): 220 x 64 x 130 mm (L x W x H), 1 L, 157 g with TPU liner. The Radavist: same envelope as the Mag-Tank — length 9 in, height 4.5 in, width 2 in rear / 3 in at buckle, 208 g","Two sources disagree slightly: bike-packing.de's bolt-on listing gives 22 x 13 x 6.4 cm; The Radavist gives 22.9 x 11.4 x 7.6 cm. Smaller value taken per axis. CAVEAT: bike-packing.de sells this as 'Mag Tank Bolt On' rather than by the FastTrack name — FastTrack is Revelate's bolt-on top-tube mount, so these are taken to be the same product, but that identification is inferred, not stated by the retailer. Retailers rate it 1 L against the catalogue's 0.5 L; capacity_l updated to 1.0. revelatedesigns.com blocks automated access (HTTP 403 to product pages, the /shop/ index and browser-UA curl), so nothing here is maker-verified.",maker,https://www.bike-packing.de/en/revelate-designs-mag-tank-bolt-on-with-tpu-liner-top-tube-bag-1l,Cordura (matte woven),,,,,1,,,1,Black #1c1c1c,0,,https://revelatedesigns.com/product/mag-tank-fasttrack/
Revelate Designs,Mag-Tank,Mag-Tank 2000,1.4L,toptube,1.4,22.2,11.4,11.4,,packed,length 222 mm; height 114 mm; width 114 mm at the head tube tapering to 38 mm at the rear; 1.4 L; 176 g with TPU liner / 147 g without,"Dimensions from bike-packing.de spec table; revelatedesigns.com blocks automated access (HTTP 403 to product pages, the /shop/ index and browser-UA curl), so nothing here is maker-verified. Matches the existing catalogue value exactly. Width tapers 11.4 -> 3.8 cm front to rear; the larger figure is recorded.",maker,https://www.bike-packing.de/en/revelate-designs-mag-tank-2000-with-tpu-liner-top-tube-bag-14l,Cordura (matte woven),,,,,1,,,2,Black #1c1c1c | Blue #2f5d8c,0,,https://revelatedesigns.com/product/magtank2000/
Revelate Designs,Mag-Tank,Legacy Mag-Tank,0.9L,toptube,0.9,21.6,6.4,12.7,,packed,length 216 mm; max height 127 mm (tapering to 64 mm at the rear); width 64 mm at the head tube tapering to 38 mm; 0.9 L; 157 g with TPU liner / 128 g without,"Dimensions from bike-packing.de spec table; revelatedesigns.com blocks automated access (HTTP 403 to product pages, the /shop/ index and browser-UA curl), so nothing here is maker-verified. Matches the existing catalogue value exactly (21.6 x 12.7 x 6.4). Both height and width taper towards the rear; the larger figures are recorded.",maker,https://www.bike-packing.de/en/revelate-designs-mag-tank-with-tpu-liner-top-tube-bag-09l,Cordura (matte woven),,,,,1,,,2,Black #1c1c1c | Blue #2f5d8c,0,,https://revelatedesigns.com/product/magtank/
Revelate Designs,Jerrycan,Jerrycan,Regular,toptube,0.6,12.7,5,10.2,,packed,Regular (95 deg): approx. 12.7 x 5 x 10.2 cm (L x W x H); approx. 0.57 L; approx. 75 g,"Dimensions from bike-packing.de spec table; revelatedesigns.com blocks automated access (HTTP 403 to product pages, the /shop/ index and browser-UA curl), so nothing here is maker-verified. Correction: the existing catalogue value (14 x 12 x 6) was too large on every axis and identical for both Regular and Bent, which the retailer distinguishes.",maker,https://www.bike-packing.de/en/revelate-designs-jerrycan-top-tube-bag-regular,Cordura (matte woven),,,,,1,,,1,Black #1c1c1c,0,,https://revelatedesigns.com/product/jerrycan/
Revelate Designs,Jerrycan,Jerrycan,Bent,toptube,0.6,15.2,5,8.9,,packed,Bent (120 deg): approx. 15.2 x 5 x 8.9 cm (L x W x H); approx. 0.57 L; approx. 75 g,"Dimensions from bike-packing.de spec table; revelatedesigns.com blocks automated access (HTTP 403 to product pages, the /shop/ index and browser-UA curl), so nothing here is maker-verified. Correction: the Bent is longer and shallower than the Regular — the catalogue had both at the same 14 x 12 x 6.",maker,https://www.bike-packing.de/en/revelate-designs-jerrycan-top-tube-bag-regular,Cordura (matte woven),,,,,1,,,1,Black #1c1c1c,0,,https://revelatedesigns.com/product/jerrycan/
Revelate Designs,Gas Tank,Gas Tank,1.1L,toptube,1.1,22.8,6.4,12.7,,packed,length approx. 22.8 cm; height approx. 12.7 cm tapering to 3.8 cm; width approx. 6.4 cm tapering to 3.8 cm; 1.1 L; 100 g,"Dimensions from bike-packing.de spec table; revelatedesigns.com blocks automated access (HTTP 403 to product pages, the /shop/ index and browser-UA curl), so nothing here is maker-verified. Agrees with the existing catalogue value to within 1 mm. Both height and width taper to 3.8 cm at the rear; the larger figures are recorded.",maker,https://www.bike-packing.de/en/revelate-designs-gas-tank-top-tube-bag-black,Cordura (matte woven),,,,,1,,,4,Black #1c1c1c | Blue #2f5d8c | Crushed Purple #5d4a6e | Alpine Camo #8b8874,2,https://bike-packing.imgbolt.de/media/3a/42/7f/1723846896/revelate-designs-gas-tank-black-0001.jpg | https://bike-packing.imgbolt.de/media/f3/5b/42/1723846896/revelate-designs-gas-tank-black-0002.jpg,https://revelatedesigns.com/product/gastank/
Revelate Designs,Extended Play,Extended Play,14in,toptube,1.5,35.6,6.4,10.8,,packed,14 in long; height 4.25 in tapering to 2.25 in; width 2.5 in tapering to 2 in; 1.5 L; 240 g,"Dimensions from the BIKEPACKING.com review spec table; revelatedesigns.com blocks automated access (HTTP 403 to product pages, the /shop/ index and browser-UA curl), so nothing here is maker-verified. The Radavist independently confirms the 14 in length and 240 g weight. Correction: the catalogue's 9 cm height and 6 cm width were both understated — the tall end is 10.8 cm high and 6.4 cm wide, tapering to 5.7 x 5.1 cm.",retailer,https://bikepacking.com/gear/revelate-designs-extended-play-review/,Cordura (matte woven),,,,,1,,,1,Black #1c1c1c,0,,https://revelatedesigns.com/product/extended-play/
Revelate Designs,Extended Play,Extended Play,18in,toptube,2,45.7,6.4,10.8,,packed,18 in long; height 4.25 in tapering to 2.5 in; width 2.5 in tapering to 2 in; 2 L; 296 g,"Dimensions from the BIKEPACKING.com review spec table; revelatedesigns.com blocks automated access (HTTP 403 to product pages, the /shop/ index and browser-UA curl), so nothing here is maker-verified. The Radavist independently confirms the 18 in length and 296 g weight. Same height/width correction as the 14 in: 10.8 x 6.4 cm at the tall end, tapering to 6.4 x 5.1 cm.",retailer,https://bikepacking.com/gear/revelate-designs-extended-play-review/,Cordura (matte woven),,,,,1,,,1,Black #1c1c1c,0,,https://revelatedesigns.com/product/extended-play/
Revelate Designs,Feedbag,Mountain Feedbag,1L,stembag,1,9.5,9.5,15.2,9.5,packed,height 152 mm; inner diameter 95 mm; max length handlebar-to-fork-crown 300 mm; approx. 1.1 L; 105 g,"Dimensions from bike-packing.de spec table; revelatedesigns.com blocks automated access (HTTP 403 to product pages, the /shop/ index and browser-UA curl), so nothing here is maker-verified. Confirms 15.2 cm height and 9.5 cm diameter. The existing catalogue value carried len 15.2, duplicating the height on the long axis; len is set to the diameter here so the footprint is a correct cylinder. Retailer quotes 1.1 L against the catalogue's 1 L.",retailer,https://www.bike-packing.de/en/revelate-designs-mountain-feedbag-handlebar-bag-black,Cordura (matte woven),,,,,1,,,3,Black #1c1c1c | Lime #c8d92a | Blue #2f5d8c,1,https://bike-packing.imgbolt.de/media/0c/76/31/1767180379/revelate-designs-mountain-feedbag-black-update-001.jpg,https://revelatedesigns.com/product/mountainfeedbag/
Revelate Designs,Ranger,Ranger Frame Bag,SM,framebag_full,6,41.3,6.4,19.1,,packed,"S: length approx. 41.3 cm, height approx. 19.1 cm, 340 g","Length and height from the bike-packing.de size table; revelatedesigns.com blocks automated access (HTTP 403 to product pages, the /shop/ index and browser-UA curl), so nothing here is maker-verified. BIKE24 corroborates the per-size volumes (8.6 L Large, 10 L X-Large). Neither retailer publishes a depth, so wid is left at the catalogue's 6.4 cm and is NOT retailer-confirmed. The retailer figures run up to 1.9 cm smaller than the catalogue's on the M and XL and have been taken as the more conservative values.",retailer,https://www.bike-packing.de/en/revelate-designs-ranger-frame-bag-41-45-50-53-cm,Cordura (matte woven),zip,wedge,0,zip,1,,,2,Black #1c1c1c | Red #a52a2a,0,,https://revelatedesigns.com/product/ranger/
Revelate Designs,Ranger,Ranger Frame Bag,MD,framebag_full,7.3,45.1,6.4,24.1,,packed,"M: length approx. 45.1 cm, height approx. 24.1 cm, 370 g","Length and height from the bike-packing.de size table; revelatedesigns.com blocks automated access (HTTP 403 to product pages, the /shop/ index and browser-UA curl), so nothing here is maker-verified. BIKE24 corroborates the per-size volumes (8.6 L Large, 10 L X-Large). Neither retailer publishes a depth, so wid is left at the catalogue's 6.4 cm and is NOT retailer-confirmed. The retailer figures run up to 1.9 cm smaller than the catalogue's on the M and XL and have been taken as the more conservative values.",retailer,https://www.bike-packing.de/en/revelate-designs-ranger-frame-bag-41-45-50-53-cm,Cordura (matte woven),zip,wedge,0,zip,1,,,2,Black #1c1c1c | Red #a52a2a,0,,https://revelatedesigns.com/product/ranger/
Revelate Designs,Ranger,Ranger Frame Bag,LG,framebag_full,8.6,50.2,6.4,29.2,,packed,"L: length approx. 50.2 cm, height approx. 29.2 cm, 425 g","Length and height from the bike-packing.de size table; revelatedesigns.com blocks automated access (HTTP 403 to product pages, the /shop/ index and browser-UA curl), so nothing here is maker-verified. BIKE24 corroborates the per-size volumes (8.6 L Large, 10 L X-Large). Neither retailer publishes a depth, so wid is left at the catalogue's 6.4 cm and is NOT retailer-confirmed. The retailer figures run up to 1.9 cm smaller than the catalogue's on the M and XL and have been taken as the more conservative values.",retailer,https://www.bike-packing.de/en/revelate-designs-ranger-frame-bag-41-45-50-53-cm,Cordura (matte woven),zip,wedge,0,zip,1,,,2,Black #1c1c1c | Red #a52a2a,0,,https://revelatedesigns.com/product/ranger/
Revelate Designs,Ranger,Ranger Frame Bag,XL,framebag_full,10,53.3,6.4,34.3,,packed,"XL: length approx. 53.3 cm, height approx. 34.3 cm, 482 g","Length and height from the bike-packing.de size table; revelatedesigns.com blocks automated access (HTTP 403 to product pages, the /shop/ index and browser-UA curl), so nothing here is maker-verified. BIKE24 corroborates the per-size volumes (8.6 L Large, 10 L X-Large). Neither retailer publishes a depth, so wid is left at the catalogue's 6.4 cm and is NOT retailer-confirmed. The retailer figures run up to 1.9 cm smaller than the catalogue's on the M and XL and have been taken as the more conservative values.",retailer,https://www.bike-packing.de/en/revelate-designs-ranger-frame-bag-41-45-50-53-cm,Cordura (matte woven),zip,wedge,0,zip,1,,,2,Black #1c1c1c | Red #a52a2a,0,,https://revelatedesigns.com/product/ranger/
Revelate Designs,Ripio,Ripio Frame Bag,SM,framebag_full,5,44.5,6.4,34.3,,packed,"Small: A 17.5"" (445 mm), B 1.0"" (25 mm), C 17.5"" (451 mm), D 2.75"" (70 mm), E 305 cu in (5 L); 13 oz (364 g)","Length from the CampfireCycling A-E size table, which matches the existing catalogue length exactly on all four sizes (44.5 / 49.5 / 52.1 / 54.6 cm) — that is the one axis this record can call retailer-confirmed. revelatedesigns.com blocks automated access (HTTP 403 to product pages, the /shop/ index and browser-UA curl), so nothing here is maker-verified. CampfireCycling's B, C and D columns are keyed to a sizing DIAGRAM that is only published as an image, so they cannot be mapped to height and depth: C runs 45-52 cm, which is far too large to be the bag's height, and D is non-monotonic across the sizes. hgt and wid are therefore left at the existing catalogue values and are NOT retailer-confirmed; they do reconcile with the retailer's own volumes on a triangular-prism basis (44.5 x 34.3 x 6.4 / 2 = 4.9 L against a stated 5 L). Per-size volumes (5 / 6.3 / 7.7 / 9 L) match the catalogue and BIKE24 exactly. WEIGHT DISAGREEMENT: CampfireCycling gives 364/397/454/493 g while bike-packing.de gives 227/397/454/524 g.",maker,https://www.campfirecycling.com/product/revelate-designs-ripio-frame-bag-p-4139.html,Cordura (matte woven),zip,wedge,0,zip,1,,,2,Black #1c1c1c | Red #a52a2a,0,,https://revelatedesigns.com/product/ripio/
Revelate Designs,Ripio,Ripio Frame Bag,MD,framebag_full,6.3,49.5,6.4,37.5,,packed,"Medium: A 19.5"" (495 mm), B 1.25"" (32 mm), C 18.5"" (470 mm), D 4.25"" (108 mm), E 385 cu in (6.3 L); 14 oz (397 g)","Length from the CampfireCycling A-E size table, which matches the existing catalogue length exactly on all four sizes (44.5 / 49.5 / 52.1 / 54.6 cm) — that is the one axis this record can call retailer-confirmed. revelatedesigns.com blocks automated access (HTTP 403 to product pages, the /shop/ index and browser-UA curl), so nothing here is maker-verified. CampfireCycling's B, C and D columns are keyed to a sizing DIAGRAM that is only published as an image, so they cannot be mapped to height and depth: C runs 45-52 cm, which is far too large to be the bag's height, and D is non-monotonic across the sizes. hgt and wid are therefore left at the existing catalogue values and are NOT retailer-confirmed; they do reconcile with the retailer's own volumes on a triangular-prism basis (44.5 x 34.3 x 6.4 / 2 = 4.9 L against a stated 5 L). Per-size volumes (5 / 6.3 / 7.7 / 9 L) match the catalogue and BIKE24 exactly. WEIGHT DISAGREEMENT: CampfireCycling gives 364/397/454/493 g while bike-packing.de gives 227/397/454/524 g.",maker,https://www.campfirecycling.com/product/revelate-designs-ripio-frame-bag-p-4139.html,Cordura (matte woven),zip,wedge,0,zip,1,,,2,Black #1c1c1c | Red #a52a2a,0,,https://revelatedesigns.com/product/ripio/
Revelate Designs,Ripio,Ripio Frame Bag,LG,framebag_full,7.7,52.1,6.4,43.2,,packed,"Large: A 20.5"" (521 mm), B 3.0"" (76 mm), C 19.0"" (483 mm), D 3.75"" (95 mm), E 470 cu in (7.7 L); 16 oz (454 g)","Length from the CampfireCycling A-E size table, which matches the existing catalogue length exactly on all four sizes (44.5 / 49.5 / 52.1 / 54.6 cm) — that is the one axis this record can call retailer-confirmed. revelatedesigns.com blocks automated access (HTTP 403 to product pages, the /shop/ index and browser-UA curl), so nothing here is maker-verified. CampfireCycling's B, C and D columns are keyed to a sizing DIAGRAM that is only published as an image, so they cannot be mapped to height and depth: C runs 45-52 cm, which is far too large to be the bag's height, and D is non-monotonic across the sizes. hgt and wid are therefore left at the existing catalogue values and are NOT retailer-confirmed; they do reconcile with the retailer's own volumes on a triangular-prism basis (44.5 x 34.3 x 6.4 / 2 = 4.9 L against a stated 5 L). Per-size volumes (5 / 6.3 / 7.7 / 9 L) match the catalogue and BIKE24 exactly. WEIGHT DISAGREEMENT: CampfireCycling gives 364/397/454/493 g while bike-packing.de gives 227/397/454/524 g.",maker,https://www.campfirecycling.com/product/revelate-designs-ripio-frame-bag-p-4139.html,Cordura (matte woven),zip,wedge,0,zip,1,,,2,Black #1c1c1c | Red #a52a2a,0,,https://revelatedesigns.com/product/ripio/
Revelate Designs,Ripio,Ripio Frame Bag,XL,framebag_full,9,54.6,6.4,50.2,,packed,"XL: A 21.5"" (546 mm), B 4.75"" (121 mm), C 20.5"" (521 mm), D 3.25"" (83 mm), E 550 cu in (9 L); 17.4 oz (493 g)","Length from the CampfireCycling A-E size table, which matches the existing catalogue length exactly on all four sizes (44.5 / 49.5 / 52.1 / 54.6 cm) — that is the one axis this record can call retailer-confirmed. revelatedesigns.com blocks automated access (HTTP 403 to product pages, the /shop/ index and browser-UA curl), so nothing here is maker-verified. CampfireCycling's B, C and D columns are keyed to a sizing DIAGRAM that is only published as an image, so they cannot be mapped to height and depth: C runs 45-52 cm, which is far too large to be the bag's height, and D is non-monotonic across the sizes. hgt and wid are therefore left at the existing catalogue values and are NOT retailer-confirmed; they do reconcile with the retailer's own volumes on a triangular-prism basis (44.5 x 34.3 x 6.4 / 2 = 4.9 L against a stated 5 L). Per-size volumes (5 / 6.3 / 7.7 / 9 L) match the catalogue and BIKE24 exactly. WEIGHT DISAGREEMENT: CampfireCycling gives 364/397/454/493 g while bike-packing.de gives 227/397/454/524 g.",maker,https://www.campfirecycling.com/product/revelate-designs-ripio-frame-bag-p-4139.html,Cordura (matte woven),zip,wedge,0,zip,1,,,2,Black #1c1c1c | Red #a52a2a,0,,https://revelatedesigns.com/product/ripio/
Revelate Designs,Rifter,Rifter Frame Bag,SM,framebag_full,4.5,34.9,3.8,25.4,,packed,SM: 349 x 254 mm (L x H); 254 g,"Length and height from the bike-packing.de size table; revelatedesigns.com blocks automated access (HTTP 403 to product pages, the /shop/ index and browser-UA curl), so nothing here is maker-verified. Agrees with the existing catalogue value to within 1.3 cm on every axis. No depth is published, so wid is left at the catalogue's 3.8 cm and is NOT retailer-confirmed. VOLUME WARNING: bike-packing.de's Rifter volume column (6/7.3/8.6/10 L) is identical to the Ranger's and is almost certainly a copy-paste error; BIKEPACKING.com's review gives 3.7/4.4/5.7/7.1 L. capacity_l is left at the catalogue value, which sits between the two.",retailer,https://www.bike-packing.de/en/revelate-designs-rifter-frame-bag-35-38-41-44-cm,Cordura (matte woven),zip,wedge,0,zip,1,,,2,Black #1c1c1c | Red #a52a2a,0,,https://revelatedesigns.com/product/rifter/
Revelate Designs,Rifter,Rifter Frame Bag,MD,framebag_full,5.5,38.1,3.8,27.9,,packed,MD: 381 x 279 mm (L x H); 301 g,"Length and height from the bike-packing.de size table; revelatedesigns.com blocks automated access (HTTP 403 to product pages, the /shop/ index and browser-UA curl), so nothing here is maker-verified. Agrees with the existing catalogue value to within 1.3 cm on every axis. No depth is published, so wid is left at the catalogue's 3.8 cm and is NOT retailer-confirmed. VOLUME WARNING: bike-packing.de's Rifter volume column (6/7.3/8.6/10 L) is identical to the Ranger's and is almost certainly a copy-paste error; BIKEPACKING.com's review gives 3.7/4.4/5.7/7.1 L. capacity_l is left at the catalogue value, which sits between the two.",retailer,https://www.bike-packing.de/en/revelate-designs-rifter-frame-bag-35-38-41-44-cm,Cordura (matte woven),zip,wedge,0,zip,1,,,2,Black #1c1c1c | Red #a52a2a,0,,https://revelatedesigns.com/product/rifter/
Revelate Designs,Rifter,Rifter Frame Bag,LG,framebag_full,7,40.6,3.8,31.8,,packed,LG: 406 x 318 mm (L x H); 325 g,"Length and height from the bike-packing.de size table; revelatedesigns.com blocks automated access (HTTP 403 to product pages, the /shop/ index and browser-UA curl), so nothing here is maker-verified. Agrees with the existing catalogue value to within 1.3 cm on every axis. No depth is published, so wid is left at the catalogue's 3.8 cm and is NOT retailer-confirmed. VOLUME WARNING: bike-packing.de's Rifter volume column (6/7.3/8.6/10 L) is identical to the Ranger's and is almost certainly a copy-paste error; BIKEPACKING.com's review gives 3.7/4.4/5.7/7.1 L. capacity_l is left at the catalogue value, which sits between the two.",retailer,https://www.bike-packing.de/en/revelate-designs-rifter-frame-bag-35-38-41-44-cm,Cordura (matte woven),zip,wedge,0,zip,1,,,2,Black #1c1c1c | Red #a52a2a,0,,https://revelatedesigns.com/product/rifter/
Revelate Designs,Rifter,Rifter Frame Bag,XL,framebag_full,8.5,43.8,3.8,35.6,,packed,XL: 438 x 356 mm (L x H); 347 g,"Length and height from the bike-packing.de size table; revelatedesigns.com blocks automated access (HTTP 403 to product pages, the /shop/ index and browser-UA curl), so nothing here is maker-verified. Agrees with the existing catalogue value to within 1.3 cm on every axis. No depth is published, so wid is left at the catalogue's 3.8 cm and is NOT retailer-confirmed. VOLUME WARNING: bike-packing.de's Rifter volume column (6/7.3/8.6/10 L) is identical to the Ranger's and is almost certainly a copy-paste error; BIKEPACKING.com's review gives 3.7/4.4/5.7/7.1 L. capacity_l is left at the catalogue value, which sits between the two.",retailer,https://www.bike-packing.de/en/revelate-designs-rifter-frame-bag-35-38-41-44-cm,Cordura (matte woven),zip,wedge,0,zip,1,,,2,Black #1c1c1c | Red #a52a2a,0,,https://revelatedesigns.com/product/rifter/
Revelate Designs,Tangle,Tangle Frame Bag,XS,framebag_half,3,38.8,6,11.4,,packed,"XS: length approx. 38.8 cm, height approx. 11.4 cm, 217 g","Length and height from the bike-packing.de per-size table; revelatedesigns.com blocks automated access (HTTP 403 to product pages, the /shop/ index and browser-UA curl), so nothing here is maker-verified. Per-size volumes (3 / 3.5 / 4 / 6 L) match the catalogue exactly, which is a good cross-check. No depth is published, so wid is left at the catalogue's 6 cm and is NOT retailer-confirmed.",retailer,https://www.bike-packing.de/en/revelate-designs-tangle-frame-bag-39-45-50-53-cm-black-xs,Cordura (matte woven),zip,wedge,0,zip,1,,,1,Black #1c1c1c,1,https://bike-packing.imgbolt.de/media/da/56/12/1672932993/revelate-designs-tangle-rahmentasche-schwarz-01.jpg,https://revelatedesigns.com/product/tangleframebag/
Revelate Designs,Tangle,Tangle Frame Bag,SM,framebag_half,3.5,44.5,6,11.4,,packed,"SM: length approx. 44.5 cm, height approx. 11.4 cm, 224 g","Length and height from the bike-packing.de per-size table; revelatedesigns.com blocks automated access (HTTP 403 to product pages, the /shop/ index and browser-UA curl), so nothing here is maker-verified. Per-size volumes (3 / 3.5 / 4 / 6 L) match the catalogue exactly, which is a good cross-check. No depth is published, so wid is left at the catalogue's 6 cm and is NOT retailer-confirmed.",retailer,https://www.bike-packing.de/en/revelate-designs-tangle-frame-bag-39-45-50-53-cm-black-xs,Cordura (matte woven),zip,wedge,0,zip,1,,,1,Black #1c1c1c,1,https://bike-packing.imgbolt.de/media/dc/32/5d/1672933124/revelate-designs-tangle-rahmentasche-schwarz-02.jpg,https://revelatedesigns.com/product/tangleframebag/
Revelate Designs,Tangle,Tangle Frame Bag,MD,framebag_half,4,50.2,6,11.4,,packed,"MD: length approx. 50.2 cm, height approx. 11.4 cm, 250 g","Length and height from the bike-packing.de per-size table; revelatedesigns.com blocks automated access (HTTP 403 to product pages, the /shop/ index and browser-UA curl), so nothing here is maker-verified. Per-size volumes (3 / 3.5 / 4 / 6 L) match the catalogue exactly, which is a good cross-check. No depth is published, so wid is left at the catalogue's 6 cm and is NOT retailer-confirmed.",retailer,https://www.bike-packing.de/en/revelate-designs-tangle-frame-bag-39-45-50-53-cm-black-xs,Cordura (matte woven),zip,wedge,0,zip,1,,,1,Black #1c1c1c,1,https://bike-packing.imgbolt.de/media/65/20/78/1672933236/revelate-designs-tangle-rahmentasche-black-06.jpg,https://revelatedesigns.com/product/tangleframebag/
Revelate Designs,Tangle,Tangle Frame Bag,LG,framebag_half,6,53.3,6,16.5,,packed,"LG: length approx. 53.3 cm, height approx. 16.5 cm, 338 g","Length and height from the bike-packing.de per-size table; revelatedesigns.com blocks automated access (HTTP 403 to product pages, the /shop/ index and browser-UA curl), so nothing here is maker-verified. Per-size volumes (3 / 3.5 / 4 / 6 L) match the catalogue exactly, which is a good cross-check. No depth is published, so wid is left at the catalogue's 6 cm and is NOT retailer-confirmed.",retailer,https://www.bike-packing.de/en/revelate-designs-tangle-frame-bag-39-45-50-53-cm-black-xs,Cordura (matte woven),zip,wedge,0,zip,1,,,1,Black #1c1c1c,1,https://bike-packing.imgbolt.de/media/2b/77/ec/1672934638/revelate-designs-tangle-rahmentasche-2.jpg,https://revelatedesigns.com/product/tangleframebag/
Revelate Designs,Choss,Choss Frame Bag,SM,framebag_full,2.7,35.6,6,19.1,,unknown,Small: 2.7 L / 165 cu in; 190 g; fits from 35 cm,"NO retailer publishes height or depth for the Choss. The only dimensional signal is bike-packing.de's product title, '(35/40 cm)', which on this retailer encodes bag LENGTH — a convention confirmed against their Ranger, Tangle, Rifter and Sandur listings, where the title numbers match the published per-size tables. That corroborates the catalogue's 35.6 cm length to within 1 cm; height and depth are left at the catalogue values and are NOT retailer-confirmed. Volume 2.7 L agrees across bike-packing.de, CampfireCycling, Universal Cycles and BIKEPACKING.com. revelatedesigns.com blocks automated access (HTTP 403 to product pages, the /shop/ index and browser-UA curl), so nothing here is maker-verified.",retailer,https://www.bike-packing.de/en/revelate-designs-choss-frame-bag-35-40-cm,Cordura (matte woven),zip,wedge,0,slip,1,,,1,Black #1c1c1c,0,,https://revelatedesigns.com/product/choss/
Revelate Designs,Choss,Choss Frame Bag,LG,framebag_full,3.4,40.6,6,21.6,,unknown,Large: 3.4 L / 205 cu in; 222 g; fits from 40 cm,"Same gap as the Small: no retailer publishes height or depth. bike-packing.de's title '(35/40 cm)' encodes bag length on this retailer (convention verified against their Ranger/Tangle/Rifter/Sandur tables), corroborating the catalogue's 40.6 cm to within 1 cm; height and depth left at catalogue values and NOT retailer-confirmed. VOLUME CORRECTION: Universal Cycles, CampfireCycling, BIKE24 and BIKEPACKING.com all give 3.4 L for the Large against the catalogue's 4 L; capacity_l lowered to 3.4. revelatedesigns.com blocks automated access (HTTP 403 to product pages, the /shop/ index and browser-UA curl), so nothing here is maker-verified.",retailer,https://www.bike-packing.de/en/revelate-designs-choss-frame-bag-35-40-cm,Cordura (matte woven),zip,wedge,0,slip,1,,,1,Black #1c1c1c,0,,https://revelatedesigns.com/product/choss/
Revelate Designs,Sandur,Sandur Frame Bag,SM,framebag_full,2,36.8,6,19,,packed,"Small: 14.5"" x 7.5"" x 10"" (368 x 190 x 254 mm); 2.0 L / 120 cu in; 7.6 oz (215 g)","Length and height from the CampfireCycling spec block; revelatedesigns.com blocks automated access (HTTP 403 to product pages, the /shop/ index and browser-UA curl), so nothing here is maker-verified. Matches the existing catalogue value to within 1 mm on both axes. bike-packing.de independently corroborates via its product title, which encodes bag length as '36/38 cm' (that title convention is verified against the Ranger, Tangle and Rifter, where bike-packing.de publishes full per-size tables). The third CampfireCycling figure (10 in / 254 mm) is NOT the depth — a 25 cm-deep frame bag is impossible and it would blow the 2 L rating apart — so wid is left at the catalogue's 6 cm and is not retailer-confirmed.",retailer,https://www.campfirecycling.com/product/revelate-designs-sandur-frame-bag.html,Cordura (matte woven),zip,wedge,0,zip,1,,,1,Black #1c1c1c,0,,https://revelatedesigns.com/product/sandur/
Revelate Designs,Sandur,Sandur Frame Bag,LG,framebag_full,2.7,38.1,6,22.8,,packed,"Large: 15"" x 9"" x 12"" (381 x 228 x 305 mm); 2.7 L / 165 cu in; 8.5 oz (241 g)","Length and height from the CampfireCycling spec block; revelatedesigns.com blocks automated access (HTTP 403 to product pages, the /shop/ index and browser-UA curl), so nothing here is maker-verified. Matches the existing catalogue value to within 1 mm on both axes. Third figure (12 in) is not the depth, so wid stays at the catalogue's 6 cm, not retailer-confirmed. VOLUME CORRECTION: CampfireCycling, bike-packing.de and BIKEPACKING.com all give 2.7 L for the Large against the catalogue's 3 L; capacity_l lowered to 2.7.",retailer,https://www.campfirecycling.com/product/revelate-designs-sandur-frame-bag.html,Cordura (matte woven),zip,wedge,0,zip,1,,,1,Black #1c1c1c,0,,https://revelatedesigns.com/product/sandur/
Revelate Designs,Hopper,Hopper Frame Bag,One Size,framebag_full,2.5,33,6,20,,packed,length 33 cm; height 20 cm; fits from 28 cm frame; 2.5 L; 175 g,"Dimensions from bike-packing.de spec table; revelatedesigns.com blocks automated access (HTTP 403 to product pages, the /shop/ index and browser-UA curl), so nothing here is maker-verified. Correction: the catalogue's 27.9 cm length looks to have been the 28 cm minimum FRAME size from the product title, not the bag's own length — the bag itself is 33 x 20 cm. No depth published, so wid stays at the catalogue's 6 cm, NOT retailer-confirmed. Volume 2.5 L matches.",retailer,https://www.bike-packing.de/en/revelate-designs-hopper-frame-bag-25l-28-cm,Cordura (matte woven),flap,wedge,0,,1,,,2,Black #1c1c1c | Red #a52a2a,0,,https://revelatedesigns.com/product/hopper/
Revelate Designs,Cranny,Cranny Frame Bag,0.6L,framebag_half,0.6,22.9,9.5,16.5,,packed,length/height (A) 22.9 cm; width (B) 16.5 cm; depth 9.5 cm; 0.6 L; 72 g,"Dimensions from bike-packing.de spec table; revelatedesigns.com blocks automated access (HTTP 403 to product pages, the /shop/ index and browser-UA curl), so nothing here is maker-verified. Matches the existing catalogue value exactly on all three axes, and the 0.6 L volume matches too.",maker,https://www.bike-packing.de/en/revelate-designs-cranny-frame-bag,Cordura (matte woven),zip,wedge,0,,1,,,1,Black #1c1c1c,1,https://bike-packing.imgbolt.de/media/c4/cb/26/1713950571/revelate-designs-cranny-frame-back-black.jpg,https://revelatedesigns.com/product/cranny/
Revelate Designs,Nook,Nook Frame Bag,1.2L,framebag_half,1.2,24.1,10.2,20.3,,packed,length (A) 24.1 cm; height (B) 20.3 cm; width 10.2 cm; 1.2 L; 85 g,"Dimensions from bike-packing.de spec table; revelatedesigns.com blocks automated access (HTTP 403 to product pages, the /shop/ index and browser-UA curl), so nothing here is maker-verified. Matches the existing catalogue value exactly on all three axes, and the 1.2 L volume matches too.",maker,https://www.bike-packing.de/en/revelate-designs-nook-frame-bag,Cordura (matte woven),zip,wedge,0,,1,,,1,Black #1c1c1c,0,,https://revelatedesigns.com/product/nook/
Revelate Designs,Joey,Joey Downtube Bag,1L,downtube,1,17.8,10.2,10.2,10.2,packed,1 L: 10.2 cm diameter x 17.8 cm length; 109 g,"Dimensions from bike-packing.de spec table; revelatedesigns.com blocks automated access (HTTP 403 to product pages, the /shop/ index and browser-UA curl), so nothing here is maker-verified. Matches the existing catalogue value exactly. Retailer rates it 1 L against the catalogue's 1.5 L; capacity_l lowered to the retailer's figure, which also matches the product's own name.",maker,https://www.bike-packing.de/en/revelate-designs-joey-downtube-bag,Cordura (matte woven),,,,,1,,,1,Black #1c1c1c,0,,https://revelatedesigns.com/product/joey-downtube-bag/
Revelate Designs,Joey,Joey Downtube Bag,2L,downtube,2,22.9,12.7,12.7,12.7,packed,2 L: 12.7 cm diameter x 22.9 cm length; 137 g,"Dimensions from bike-packing.de spec table; revelatedesigns.com blocks automated access (HTTP 403 to product pages, the /shop/ index and browser-UA curl), so nothing here is maker-verified. Matches the existing catalogue value exactly. Retailer rates it 2 L against the catalogue's 2.4 L; capacity_l lowered to the retailer's figure.",retailer,https://www.bike-packing.de/en/revelate-designs-joey-downtube-bag,Cordura (matte woven),,,,,1,,,1,Black #1c1c1c,0,,https://revelatedesigns.com/product/joey-downtube-bag/
Revelate Designs,Joey,Ultra Joey Downtube Bag,2L,downtube,2,25.4,10.8,10.8,10.8,packed,length at max capacity 254 mm; max diameter 108 mm; 2 L; approx. 122 g,"Dimensions from bike-packing.de spec table; revelatedesigns.com blocks automated access (HTTP 403 to product pages, the /shop/ index and browser-UA curl), so nothing here is maker-verified. Matches the existing catalogue value exactly. The 25.4 cm length is quoted 'at max capacity', i.e. the packed rather than unrolled state.",retailer,https://www.bike-packing.de/en/revelate-designs-ultra-joey-downtube-bag-2l,Cordura (matte woven),,,,,1,,,1,Black #1c1c1c,1,https://bike-packing.imgbolt.de/media/a0/be/ed/1773913167/revelate-designs-ultra-joey-downtube-bag-2-liter.jpg,https://revelatedesigns.com/product/ultra-joey-downtube-bag/
Revelate Designs,Polecat,Polecat,3.5L,forkbag,3.5,10.2,13.3,31.8,,packed,"31.8 x 13.3 x 10.2 cm (H x W x D); 4 litres (bike-packing.de) / 3.5 L (Tree Fort Bikes, BikeParts.com, H8BIKES); 96 g","Dimensions from bike-packing.de spec table; revelatedesigns.com blocks automated access (HTTP 403 to product pages, the /shop/ index and browser-UA curl), so nothing here is maker-verified. Correction: the catalogue read 31.8 x 31.8 x 13.3, duplicating the height onto the length axis. The Polecat is a cargo-cage drybag 31.8 cm tall, 13.3 cm wide and only 10.2 cm deep. VOLUME DISAGREEMENT: bike-packing.de lists 4 L while Tree Fort Bikes, BikeParts.com and H8BIKES all list 3.5 L; capacity_l kept at the more conservative 3.5 L.",retailer,https://www.bike-packing.de/en/revelate-designs-polecat-dry-bag-4l,Cordura (matte woven),,,,,1,,,1,Black #1c1c1c,1,https://bike-packing.imgbolt.de/media/a5/3b/3c/1748992393/revelate-designs-polecat-update-0001.jpg,https://revelatedesigns.com/product/polecat/
Revelate Designs,Rohn,Rohn Rack Bag,37L max,trunk,37,61,27.9,25,,packed,approximately 11 in (279 mm) by 24 in (610 mm) (D x L); 37 to 39 L; 320 g,"Length and depth from the BIKEPACKING.com launch article; revelatedesigns.com blocks automated access (HTTP 403 to product pages, the /shop/ index and browser-UA curl), so nothing here is maker-verified. Correction: the catalogue's 48 x 30 cm footprint was well short — the Rohn is 61 cm long and 27.9 cm wide. NO source publishes a height, so hgt is left at the catalogue's 25 cm and is NOT retailer-confirmed. This is a small-batch, direct-from-Anchorage item, so no retailer stocks it and no second source exists.",maker,https://bikepacking.com/news/revelate-designs-rohn-rack-bag/,Cordura (matte woven),rolltop,barrel,2,stretch stretch,1,,,1,Black #1c1c1c,0,,https://revelatedesigns.com/product/rohn-rack-bag/
Revelate Designs,Portage,Portage Panniers,10L,pannier,10,21,10.2,43.2,,packed,"10L: height 43.2 cm, width 21.0 cm, depth 10.2 cm, per bag (sold as a pair)","Dimensions from the bike-packing.de per-size table; revelatedesigns.com blocks automated access (HTTP 403 to product pages, the /shop/ index and browser-UA curl), so nothing here is maker-verified. Figures are explicitly PER BAG (the panniers are sold as a pair), so capacity_l of 10 L is the single-bag volume. Correction: the catalogue's footprints were all too small and too deep — depth is a uniform 10.2 cm across the range. Note the 10 L is TALLER than the 14 L (43.2 vs 38.1 cm) because it is a narrow, tall bag; that is the retailer's table as printed, not a transcription slip.",retailer,https://www.bike-packing.de/en/revelate-designs-portage-panniers,Cordura (matte woven),rolltop,cylindrical,3,,1,,,1,Black #1c1c1c,0,,https://revelatedesigns.com/product/portage-panniers/
Revelate Designs,Portage,Portage Panniers,14L,pannier,14,26.7,10.2,38.1,,packed,"14L: height 38.1 cm, width 26.7 cm, depth 10.2 cm, per bag (sold as a pair)","Dimensions from the bike-packing.de per-size table; revelatedesigns.com blocks automated access (HTTP 403 to product pages, the /shop/ index and browser-UA curl), so nothing here is maker-verified. Figures are explicitly PER BAG (the panniers are sold as a pair), so capacity_l of 14 L is the single-bag volume. Correction: the catalogue's footprints were all too small and too deep — depth is a uniform 10.2 cm across the range. Note the 10 L is TALLER than the 14 L (43.2 vs 38.1 cm) because it is a narrow, tall bag; that is the retailer's table as printed, not a transcription slip.",maker,https://www.bike-packing.de/en/revelate-designs-portage-panniers,Cordura (matte woven),rolltop,cylindrical,3,,1,,,1,Black #1c1c1c,0,,https://revelatedesigns.com/product/portage-panniers/
Revelate Designs,Portage,Portage Panniers,18L,pannier,18,30.5,10.2,40.6,,packed,"18L: height 40.6 cm, width 30.5 cm, depth 10.2 cm, per bag (sold as a pair)","Dimensions from the bike-packing.de per-size table; revelatedesigns.com blocks automated access (HTTP 403 to product pages, the /shop/ index and browser-UA curl), so nothing here is maker-verified. Figures are explicitly PER BAG (the panniers are sold as a pair), so capacity_l of 18 L is the single-bag volume. Correction: the catalogue's footprints were all too small and too deep — depth is a uniform 10.2 cm across the range. Note the 10 L is TALLER than the 14 L (43.2 vs 38.1 cm) because it is a narrow, tall bag; that is the retailer's table as printed, not a transcription slip.",maker,https://www.bike-packing.de/en/revelate-designs-portage-panniers,Cordura (matte woven),rolltop,cylindrical,3,,1,,,1,Black #1c1c1c,0,,https://revelatedesigns.com/product/portage-panniers/
Revelate Designs,Nano,Nano Panniers,11L each,pannier,11,26.6,10.1,25.4,,packed,"BikeParts.com: 25.4 x 26.6 x 10.1 cm per bag; 680 cu in (11.0 L) each side; 510 g the pair. bike-packing.de: 7-11 L per bag (14-22 L the pair), width approx. 10 cm, 255 g per bag","Dimensions from the BikeParts.com spec block; revelatedesigns.com blocks automated access (HTTP 403 to product pages, the /shop/ index and browser-UA curl), so nothing here is maker-verified. Agrees with the existing catalogue value to within 1 mm on every axis, and bike-packing.de independently confirms the ~10 cm width. capacity_l of 11 L is the SINGLE-bag figure (the pair is 22 L); bike-packing.de quotes 7-11 L per bag because the roll-top closure varies the volume.",maker,https://www.bikeparts.com/BPC202216/revelate-designs-nano-pannier-bags-gray,Cordura (matte woven),rolltop,box,2,,1,,,2,Gray #7d7d7d | Black #1c1c1c,2,https://campfirecycling-media.s3.us-west-1.amazonaws.com/wp-content/uploads/nano-panniers-1.jpg | https://campfirecycling-media.s3.us-west-1.amazonaws.com/wp-content/uploads/nano-panniers-4.jpg,https://revelatedesigns.com/product/nanopanniers/
Revelate Designs,Pannier Pod,Pannier Pod,5.7L,pannier,5.7,26.7,9.5,22.9,,packed,"10.5"" long x 9"" wide x 3.75"" deep (267 x 229 x 95 mm); 348 cu in (5.7 L); 2.2 oz","Dimensions from the CampfireCycling spec block; revelatedesigns.com blocks automated access (HTTP 403 to product pages, the /shop/ index and browser-UA curl), so nothing here is maker-verified. Matches the existing catalogue value exactly on all three axes, and 348 cu in converts to the catalogue's 5.7 L exactly.",retailer,https://www.campfirecycling.com/product/revelate-designs-pannier-pod.html,Cordura (matte woven),zip,box,0,,1,,,1,Dyneema White #e3e1da,2,https://campfirecycling-media.s3.us-west-1.amazonaws.com/wp-content/uploads/pannier-pod.jpg | https://campfirecycling-media.s3.us-west-1.amazonaws.com/wp-content/uploads/pannier-pod3.jpg,https://revelatedesigns.com/product/pannierpod/
Restrap,Adventure,Saddle Bag,8L,seatpack,8,40,16,16,,packed,400mm (length) x 160mm (height/diameter); recommended 200mm clearance between saddle rails and tyre,"Size-guide diagram shows the bag as mounted and loaded; 160mm is the vertical/diameter dimension, used for both hgt and wid. Source: Restrap's own Size Guide diagram on the product page.",maker,,Cordura (matte woven),harness,tapered,1,,1,,,2,Black #2b2b2b | Orange #f4813a,7,https://cdn.shopify.com/s/files/1/1308/4941/files/00_8L_SaddleBag.jpg | https://cdn.shopify.com/s/files/1/1308/4941/files/00_8L_SaddleBag7.jpg | https://cdn.shopify.com/s/files/1/1308/4941/files/00_8L_SaddleBag2.jpg | https://cdn.shopify.com/s/files/1/1308/4941/files/00_8L_SaddleBag3.jpg | https://cdn.shopify.com/s/files/1/1308/4941/files/00_8L_SaddleBag4.jpg | https://cdn.shopify.com/s/files/1/1308/4941/files/00_8L_SaddleBag5.jpg | https://restrap.com/cdn/shop/files/Restrap-8L-Saddle-Bag-Size-Guide.png,https://restrap.com/products/saddle-bag-holster-dry-bag-8-litres-black-black
Restrap,Adventure,Saddle Bag,14L,seatpack,14,45,18,18,,packed,450mm x 180mm; recommended 240mm clearance between saddle rails and tyre,As-mounted diagram; 180mm used for hgt and wid. Source: Restrap's own Size Guide diagram on the product page.,maker,,Cordura (matte woven),harness,tapered,1,,1,,,2,Black #2b2b2b | Orange #f4813a,7,https://cdn.shopify.com/s/files/1/1308/4941/files/00_14L_SaddleBag.jpg | https://cdn.shopify.com/s/files/1/1308/4941/files/00_14L_SaddleBag7.jpg | https://cdn.shopify.com/s/files/1/1308/4941/files/00_14L_SaddleBag2.jpg | https://cdn.shopify.com/s/files/1/1308/4941/files/00_14L_SaddleBag3.jpg | https://cdn.shopify.com/s/files/1/1308/4941/files/00_14L_SaddleBag4.jpg | https://cdn.shopify.com/s/files/1/1308/4941/files/00_14L_SaddleBag5.jpg | https://restrap.com/cdn/shop/files/Restrap-14L-Saddle-Bag-Size-Guide.png,https://restrap.com/products/saddle-bag-14-litres
Restrap,Adventure,Saddle Bag,18L,seatpack,18,58,18,18,,packed,580mm x 180mm; recommended 260mm clearance between saddle rails and tyre,As-mounted diagram; 180mm used for hgt and wid. Source: Restrap's own Size Guide diagram on the product page.,maker,,Cordura (matte woven),harness,tapered,1,,1,,,2,Black #2b2b2b | Orange #f4813a,7,https://cdn.shopify.com/s/files/1/1308/4941/files/00_18L_SaddleBag.jpg | https://cdn.shopify.com/s/files/1/1308/4941/files/00_18L_SaddleBag4.jpg | https://cdn.shopify.com/s/files/1/1308/4941/files/00_18L_SaddleBag2.jpg | https://cdn.shopify.com/s/files/1/1308/4941/files/00_18L_SaddleBag3.jpg | https://cdn.shopify.com/s/files/1/1308/4941/files/00_18L_SaddleBag5.jpg | https://cdn.shopify.com/s/files/1/1308/4941/files/00_18L_SaddleBag6.jpg | https://restrap.com/cdn/shop/files/Restrap-Saddle-Bag-18L-Size-Guide_31a43bbd-4cf5-4e5a-9c06-35c5835d7f37.png,https://restrap.com/products/saddle-bag-18-litres
Restrap,Race,Race Saddle Bag,7L,seatpack,7,33,16,16,,packed,330mm Rolled x3 x 160mm; recommended 170mm clearance between saddle rails and tyre,"Diagram is explicitly the rolled-x3 (sealed) state, so this is already a packed figure. Source: Restrap's own Size Guide diagram on the product page.",maker,,Cordura (matte woven),harness,tapered,1,,1,,,1,Black #2b2b2b,7,https://cdn.shopify.com/s/files/1/1308/4941/files/RaceSaddleBag2025.jpg | https://cdn.shopify.com/s/files/1/1308/4941/files/RaceSaddleBag20252.jpg | https://cdn.shopify.com/s/files/1/1308/4941/files/RaceSaddleBag20253.jpg | https://cdn.shopify.com/s/files/1/1308/4941/files/RaceSaddleBag20254.jpg | https://cdn.shopify.com/s/files/1/1308/4941/files/RaceSaddleBag20255.jpg | https://cdn.shopify.com/s/files/1/1308/4941/files/RaceSaddleBag20256.jpg | https://restrap.com/cdn/shop/files/Restrap-Race-Saddle-Bag-Size-Guide_b296a52d-eaca-4c6a-96e9-ebb7db2ee4b6.png,https://restrap.com/products/race-saddle-bag
Restrap,Adventure,Saddle Pack,2.5L,saddlebag,2.5,26,12,12,,packed,260mm Rolled x3 x 120mm; 130mm clearance between saddle rail and bottom of bag,Rolled-x3 state. Source: Restrap's own Size Guide diagram on the product page.,maker,,Cordura (matte woven),,,,,1,,,3,Black #2b2b2b | Olive #52522a | Orange #f4813a,7,https://cdn.shopify.com/s/files/1/1308/4941/files/Restrap-Saddle-Pack-2.5L-Black-1_21c76a5d-25c8-4c11-8114-fa29ba38629d.jpg | https://cdn.shopify.com/s/files/1/1308/4941/files/Restrap-Saddle-Pack-2.5L-Black-2_d9afc8f1-5e74-4c6f-ba5b-5d211d71aaf3.jpg | https://cdn.shopify.com/s/files/1/1308/4941/files/Restrap-Saddle-Pack-2.5L-Black-3_d997130f-1284-4c07-b68d-a96ad4c8a965.jpg | https://cdn.shopify.com/s/files/1/1308/4941/files/Restrap-Saddle-Pack-2.5L-Black-4_2e5fdd78-1347-4292-bd06-54124b54ec75.jpg | https://cdn.shopify.com/s/files/1/1308/4941/files/Restrap-Saddle-Pack-2.5L-Black-5_c5593417-23b1-4df3-860d-f110f14eeb59.jpg | https://cdn.shopify.com/s/files/1/1308/4941/files/Restrap-Saddle-Pack-2.5L-Black-6_6183c250-6c35-447c-af70-d67e349d7937.jpg | https://restrap.com/cdn/shop/files/Restrap-Saddle-Pack-2.5L-Size-Guide.png,https://restrap.com/products/saddle-pack-2-5l
Restrap,Adventure,Saddle Pack,4.5L,seatpack,4.5,32,14,14,,packed,320mm Rolled x3 x 140mm; 160mm clearance between saddle rail and bottom of bag,Rolled-x3 state. Source: Restrap's own Size Guide diagram on the product page.,maker,,Cordura (matte woven),rolltop,tapered,1,,1,,,3,Black #2b2b2b | Olive #52522a | Orange #f4813a,7,https://cdn.shopify.com/s/files/1/1308/4941/files/Restrap-Saddle-Pack-4.5L-Black-1.jpg | https://cdn.shopify.com/s/files/1/1308/4941/files/Restrap-Saddle-Pack-4.5L-Black-2.jpg | https://cdn.shopify.com/s/files/1/1308/4941/files/Restrap-Saddle-Pack-4.5L-Black-3.jpg | https://cdn.shopify.com/s/files/1/1308/4941/files/Restrap-Saddle-Pack-4.5L-Black-4.jpg | https://cdn.shopify.com/s/files/1/1308/4941/files/Restrap-Saddle-Pack-4.5L-Black-5.jpg | https://cdn.shopify.com/s/files/1/1308/4941/files/Restrap-Saddle-Pack-4.5L-Black-6.jpg | https://restrap.com/cdn/shop/files/Restrap-Saddle-Pack-4.5L-Size-Guide.png,https://restrap.com/products/saddle-pack-4-5l
Restrap,Adventure,Bar Pack,10L,barbag,10,25,16,24,,packed,250mm (width across the bars) x 240mm Rolled x3 (height); depth 'Variable on Load'; recommended 220mm clearance between handlebars and tyre,Catalogue had this as a 50cm-long barroll; the diagram shows a 250mm-wide boxy bar pack 240mm tall. Depth is not published ('Variable on Load') so wid is left at the prior 16cm estimate. Source: Restrap's own Size Guide diagram on the product page.,maker,,Cordura (matte woven),rolltop,box,2,stretch,1,,,3,Black #2b2b2b | Olive #52522a | Orange #f4813a,7,https://cdn.shopify.com/s/files/1/1308/4941/products/Bar-Pack-Restrap-Black.jpg | https://cdn.shopify.com/s/files/1/1308/4941/products/Bar-Pack-Restrap-Black6.jpg | https://cdn.shopify.com/s/files/1/1308/4941/products/Bar-Pack-Restrap-Black2.jpg | https://cdn.shopify.com/s/files/1/1308/4941/products/Bar-Pack-Restrap-Black3.jpg | https://cdn.shopify.com/s/files/1/1308/4941/products/Bar-Pack-Restrap-Black4.jpg | https://cdn.shopify.com/s/files/1/1308/4941/products/Bar-Pack-Restrap-Black5.jpg | https://restrap.com/cdn/shop/files/Restrap-Bar-Pack-Size-Guide.png,https://restrap.com/products/bar-pack
Restrap,Adventure,Holster Bar Bag,14L,barroll,14,54,,,18,unknown,,Restrap publishes no dimension diagram or spec figures for this bag; dims_cm left as the existing catalogue estimate.,maker,,Cordura (matte woven),harness,cylindrical,2,,1,,,1,Black #2b2b2b,6,https://cdn.shopify.com/s/files/1/1308/4941/files/holster-bar-bag.jpg | https://cdn.shopify.com/s/files/1/1308/4941/files/holster-bar-bag2.jpg | https://cdn.shopify.com/s/files/1/1308/4941/files/holster-bar-bag3.jpg | https://cdn.shopify.com/s/files/1/1308/4941/files/holster-bar-bag4.jpg | https://cdn.shopify.com/s/files/1/1308/4941/files/holster-bar-bag5.jpg | https://cdn.shopify.com/s/files/1/1308/4941/files/holster-bar-bag6_620bd285-0e2b-4a78-b16c-799fb0c15927.jpg,https://restrap.com/products/holster-bar-bag
Restrap,Adventure,Holster Bar Bag Plus,18L,barroll,18,54,,,20,unknown,,Restrap publishes no dimension diagram or spec figures for this bag; dims_cm left as the existing catalogue estimate.,maker,,Cordura (matte woven),harness,cylindrical,2,mesh,1,,,1,Black #2b2b2b,6,https://cdn.shopify.com/s/files/1/1308/4941/files/holster-bar-bag-plus.jpg | https://cdn.shopify.com/s/files/1/1308/4941/files/holster-bar-bag-plus2.jpg | https://cdn.shopify.com/s/files/1/1308/4941/files/holster-bar-bag-plus3.jpg | https://cdn.shopify.com/s/files/1/1308/4941/files/holster-bar-bag-plus4.jpg | https://cdn.shopify.com/s/files/1/1308/4941/files/holster-bar-bag-plus5.jpg | https://cdn.shopify.com/s/files/1/1308/4941/files/holster-bar-bag-plus6_79ec2add-ba1a-4ac9-9dc7-cfa4d137a752.jpg,https://restrap.com/products/holster-bar-bag-plus
Restrap,Race,Race Bar Bag - Drop Bar,7L,barroll,7,28,,,15,unknown,a width of 280mm (product copy); optimised to fit within drop handlebars,Only the 280mm width is published; diameter left at the prior 15cm estimate.,maker,,Cordura (matte woven),harness,cylindrical,1,mesh,1,,,1,Black #2b2b2b,6,https://cdn.shopify.com/s/files/1/1308/4941/files/race-bar-bag-drop-bar.jpg | https://cdn.shopify.com/s/files/1/1308/4941/files/race-bar-bag-drop-bar2.jpg | https://cdn.shopify.com/s/files/1/1308/4941/files/race-bar-bag-drop-bar3.jpg | https://cdn.shopify.com/s/files/1/1308/4941/files/race-bar-bag-drop-bar4.jpg | https://cdn.shopify.com/s/files/1/1308/4941/files/race-bar-bag-drop-bar5.jpg | https://cdn.shopify.com/s/files/1/1308/4941/files/race-bar-bag-drop-bar6.jpg,https://restrap.com/products/race-bar-bag-drop-bar
Restrap,Race,Race Bar Bag - Flat Bar,7L,barroll,7,47,,,16,unknown,a compact 160mm diameter (product copy); runs wider than the drop-bar version,Only the 160mm diameter is published; length left at the prior 47cm estimate.,maker,,Cordura (matte woven),harness,cylindrical,1,mesh,1,,,1,Black #2b2b2b,6,https://cdn.shopify.com/s/files/1/1308/4941/files/race-bar-bag-flat-bar.jpg | https://cdn.shopify.com/s/files/1/1308/4941/files/race-bar-bag-flat-bar2.jpg | https://cdn.shopify.com/s/files/1/1308/4941/files/race-bar-bag-flat-bar3.jpg | https://cdn.shopify.com/s/files/1/1308/4941/files/race-bar-bag-flat-bar4.jpg | https://cdn.shopify.com/s/files/1/1308/4941/files/race-bar-bag-flat-bar5.jpg | https://cdn.shopify.com/s/files/1/1308/4941/files/race-bar-bag-flat-bar6.jpg,https://restrap.com/products/race-bar-bag-flat-bar
Restrap,Race,Race Bar Bag - Aero,7L,barroll,7,33,17,16,,packed,330mm Rolled x3; 160mm; 170mm,"Rolled-x3 state; 170mm is the fore-aft depth at the bar, 160mm the far-end height. Source: Restrap's own Size Guide diagram on the product page.",maker,,Cordura (matte woven),harness,cylindrical,2,,1,,,1,Black #2b2b2b,7,https://cdn.shopify.com/s/files/1/1308/4941/files/RaceAeroBarBag2025.jpg | https://cdn.shopify.com/s/files/1/1308/4941/files/RaceAeroBarBag20252.jpg | https://cdn.shopify.com/s/files/1/1308/4941/files/RaceAeroBarBag20253.jpg | https://cdn.shopify.com/s/files/1/1308/4941/files/RaceAeroBarBag20254.jpg | https://cdn.shopify.com/s/files/1/1308/4941/files/RaceAeroBarBag20255.jpg | https://cdn.shopify.com/s/files/1/1308/4941/files/RaceAeroBarBag20256.jpg | https://restrap.com/cdn/shop/files/Restrap-Race-Aero-Bar-Bag-Size-Guide_cd817758-c9b6-49b5-a13a-227a19614284.png,https://restrap.com/products/race-aero-bar-bag
Restrap,Adventure,Canister Bag,1.5L,barbag,1.5,20,,,12,packed,200mm x 120mm Diameter; recommended 120mm clearance between handlebars and tyre, Source: Restrap's own Size Guide diagram on the product page.,maker,,Cordura (matte woven),zip,cylindrical,0,stretch,1,,,3,Black #2b2b2b | Olive #52522a | Orange #f4813a,7,https://cdn.shopify.com/s/files/1/1308/4941/products/00_Canister.jpg | https://cdn.shopify.com/s/files/1/1308/4941/products/00_Canister2.jpg | https://cdn.shopify.com/s/files/1/1308/4941/products/00_Canister4.jpg | https://cdn.shopify.com/s/files/1/1308/4941/products/00_Canister5.jpg | https://cdn.shopify.com/s/files/1/1308/4941/products/00_Canister8.jpg | https://cdn.shopify.com/s/files/1/1308/4941/products/00_Canister9_24a824ac-e84b-4030-86c5-eed821e452a9.jpg | https://restrap.com/cdn/shop/files/Restrap-Canister-Bag-Size-Guide.png,https://restrap.com/products/canister-bag
Restrap,Adventure,Rolltop Canister Bag,4L,barbag,4,30,,,13,unknown,,Restrap publishes no dimension diagram or spec figures for this bag; dims_cm left as the existing catalogue estimate.,maker,,Cordura (matte woven),rolltop,cylindrical,1,mesh,1,,,1,Black #2b2b2b,6,https://cdn.shopify.com/s/files/1/1308/4941/files/rolltop-canister-bag.jpg | https://cdn.shopify.com/s/files/1/1308/4941/files/rolltop-canister-bag10.jpg | https://cdn.shopify.com/s/files/1/1308/4941/files/rolltop-canister-bag2.jpg | https://cdn.shopify.com/s/files/1/1308/4941/files/rolltop-canister-bag3.jpg | https://cdn.shopify.com/s/files/1/1308/4941/files/rolltop-canister-bag4.jpg | https://cdn.shopify.com/s/files/1/1308/4941/files/rolltop-canister-bag5.jpg,https://restrap.com/products/rolltop-canister-bag
Restrap,Adventure,Frame Bag,Small,framebag_half,2.5,30,6,14,,packed,300mm (top) / 195mm (bottom) / 140mm (max height) / 55mm (rear edge) / 50mm (front edge) / 160mm (down-tube strap span) / 60mm Width, Source: Restrap's own Size Guide diagram on the product page.,maker,,Cordura (matte woven),zip,wedge,0,,1,,,1,Black #2b2b2b,7,https://cdn.shopify.com/s/files/1/1308/4941/products/Small_Frame_Bag_1.jpg | https://cdn.shopify.com/s/files/1/1308/4941/products/Frame_Bag_Small_2.jpg | https://cdn.shopify.com/s/files/1/1308/4941/products/Frame_Bag_Small_3.jpg | https://cdn.shopify.com/s/files/1/1308/4941/products/Frame_Bag_Small_4.jpg | https://cdn.shopify.com/s/files/1/1308/4941/products/frame_bag_small_5.jpg | https://cdn.shopify.com/s/files/1/1308/4941/products/00_Custom-Framebags6_f8e3bb81-42d3-41ec-b921-bf34abac326e.jpg | https://restrap.com/cdn/shop/files/Restrap-Small-Frame-Bag-Size-Guide.png,https://restrap.com/products/frame-bag-small
Restrap,Adventure,Frame Bag,Medium,framebag_half,3.5,40,6,14,,packed,400mm (top) / 250mm (bottom) / 140mm (max height) / 75mm / 50mm / 170mm / 60mm Width, Source: Restrap's own Size Guide diagram on the product page.,maker,,Cordura (matte woven),zip,wedge,0,,1,,,1,Black #2b2b2b,6,https://cdn.shopify.com/s/files/1/1308/4941/products/frame_bag_medium_1.jpg | https://cdn.shopify.com/s/files/1/1308/4941/products/frame_bag_medium_2.jpg | https://cdn.shopify.com/s/files/1/1308/4941/products/frame_bag_medium_3.jpg | https://cdn.shopify.com/s/files/1/1308/4941/products/frame_bag_medium_4.jpg | https://cdn.shopify.com/s/files/1/1308/4941/products/frame_bag_medium_5.jpg | https://restrap.com/cdn/shop/files/Restrap-Medium-Frame-Bag-Size-Guide.png,https://restrap.com/products/frame-bag-medium
Restrap,Adventure,Frame Bag,Large,framebag_half,4.5,50,6,15,,packed,500mm (top) / 360mm (bottom) / 150mm (max height) / 80mm / 55mm / 180mm / 60mm Width, Source: Restrap's own Size Guide diagram on the product page.,maker,,Cordura (matte woven),zip,wedge,0,,1,,,1,Black #2b2b2b,7,https://cdn.shopify.com/s/files/1/1308/4941/products/frame_bag_large_1.jpg | https://cdn.shopify.com/s/files/1/1308/4941/products/frame_bag_large_2.jpg | https://cdn.shopify.com/s/files/1/1308/4941/products/frame_bag_large_3.jpg | https://cdn.shopify.com/s/files/1/1308/4941/products/frame_bag_large_4.jpg | https://cdn.shopify.com/s/files/1/1308/4941/products/frame_bag_large_5.jpg | https://cdn.shopify.com/s/files/1/1308/4941/products/frame_bag_large_6.jpg | https://restrap.com/cdn/shop/files/Restrap-Large-Frame-Bag-Size-Guide.png,https://restrap.com/products/frame-bag-large
Restrap,Race,Race Frame Bag,Small,framebag_half,3,37,5.5,9.5,,packed,370mm (top) / 220mm (bottom) / 95mm (rear edge) / 55mm Width / 55mm (front edge) / 180mm,95mm is the tallest labelled edge; the page labels no mid-height. Source: Restrap's own Size Guide diagram on the product page.,maker,,Cordura (matte woven),zip,wedge,0,zip zip,1,,,1,Black #2b2b2b,7,https://cdn.shopify.com/s/files/1/1308/4941/products/RaceFrameBag-Small.jpg | https://cdn.shopify.com/s/files/1/1308/4941/products/RaceFrameBag-Small2.jpg | https://cdn.shopify.com/s/files/1/1308/4941/products/RaceFrameBag-Small3.jpg | https://cdn.shopify.com/s/files/1/1308/4941/products/RaceFrameBag-Small4.jpg | https://cdn.shopify.com/s/files/1/1308/4941/products/RaceFrameBag-Small5.jpg | https://cdn.shopify.com/s/files/1/1308/4941/products/RaceFrameBag-Small6.jpg | https://restrap.com/cdn/shop/files/Restrap-Race-Frame-Bag-Small-Size-Guide.png,https://restrap.com/products/race-frame-bag
Restrap,Race,Race Frame Bag,Large,framebag_half,4.2,50,5.5,8,,packed,500mm (top) / 360mm (bottom) / 80mm (rear edge) / 55mm Width / 55mm (front edge) / 180mm,"The Large guide labels only edge heights (80mm rear, 55mm front) and no mid-height, so hgt is the larger edge - it reads shallower than the Small, which is what the page says. Source: Restrap's own Size Guide diagram on the product page.",maker,,Cordura (matte woven),zip,wedge,0,zip zip,1,,,1,Black #2b2b2b,7,https://cdn.shopify.com/s/files/1/1308/4941/products/RaceFrameBag-Large.jpg | https://cdn.shopify.com/s/files/1/1308/4941/products/RaceFrameBag-Large2.jpg | https://cdn.shopify.com/s/files/1/1308/4941/products/RaceFrameBag-Large3.jpg | https://cdn.shopify.com/s/files/1/1308/4941/products/RaceFrameBag-Large4.jpg | https://cdn.shopify.com/s/files/1/1308/4941/products/RaceFrameBag-Large5.jpg | https://cdn.shopify.com/s/files/1/1308/4941/products/RaceFrameBag-Large6.jpg | https://restrap.com/cdn/shop/files/Restrap-Race-Frame-Bag-Large-Size-Guide.png,https://restrap.com/products/race-frame-bag-large
Restrap,Adventure,Full Frame Bag,Small,framebag_full,6,41,6,27,,packed,410mm (top tube) / 350mm (down tube) / 100mm (bottom) / 270mm (seat-tube edge) / 145mm (mid height) / 40mm (head-tube edge) / Width 60mm, Source: Restrap's own Size Guide diagram on the product page.,maker,,Cordura (matte woven),zip,wedge,0,slip,1,,,1,Black #2b2b2b,7,https://cdn.shopify.com/s/files/1/1308/4941/products/full_frame_bag_small_1.jpg | https://cdn.shopify.com/s/files/1/1308/4941/products/full_frame_bag_small_2.jpg | https://cdn.shopify.com/s/files/1/1308/4941/products/full_frame_bag_small_3.jpg | https://cdn.shopify.com/s/files/1/1308/4941/products/full_frame_bag_small_4.jpg | https://cdn.shopify.com/s/files/1/1308/4941/products/full_frame_bag_small_5.jpg | https://cdn.shopify.com/s/files/1/1308/4941/products/full_frame_bag_small_6.jpg | https://restrap.com/cdn/shop/files/Restrap-Full-Frame-Bag-All-Size-Guide.png,https://restrap.com/products/full-frame-bag-small
Restrap,Adventure,Full Frame Bag,Medium,framebag_full,7.5,46,6,29,,packed,460mm / 370mm / 145mm (bottom) / 290mm / 145mm / 40mm / Width 60mm, Source: Restrap's own Size Guide diagram on the product page.,maker,,Cordura (matte woven),zip,wedge,0,slip,1,,,1,Black #2b2b2b,7,https://cdn.shopify.com/s/files/1/1308/4941/products/restrap_full_frame_bag_medium_1.jpg | https://cdn.shopify.com/s/files/1/1308/4941/products/restrap_full_frame_bag_medium_2.jpg | https://cdn.shopify.com/s/files/1/1308/4941/products/restrap_full_frame_bag_medium_3.jpg | https://cdn.shopify.com/s/files/1/1308/4941/products/restrap_full_frame_bag_medium_4.jpg | https://cdn.shopify.com/s/files/1/1308/4941/products/restrap_full_frame_bag_medium_5.jpg | https://cdn.shopify.com/s/files/1/1308/4941/products/restrap_full_frame_bag_medium_6.jpg | https://restrap.com/cdn/shop/files/Restrap-Full-Frame-Bag-All-Size-Guide.png,https://restrap.com/products/full-frame-bag-medium
Restrap,Adventure,Full Frame Bag,Large,framebag_full,9,51,6,32.5,,packed,510mm / 400mm / 170mm (bottom) / 325mm / 145mm / 50mm / Width 60mm, Source: Restrap's own Size Guide diagram on the product page.,maker,,Cordura (matte woven),zip,wedge,0,slip,1,,,1,Black #2b2b2b,7,https://cdn.shopify.com/s/files/1/1308/4941/products/full_frame_bag_large_1.jpg | https://cdn.shopify.com/s/files/1/1308/4941/products/full_frame_bag_large_2.jpg | https://cdn.shopify.com/s/files/1/1308/4941/products/full_frame_bag_large_3.jpg | https://cdn.shopify.com/s/files/1/1308/4941/products/full_frame_bag_large_4.jpg | https://cdn.shopify.com/s/files/1/1308/4941/products/full_frame_bag_large_5.jpg | https://cdn.shopify.com/s/files/1/1308/4941/products/full_frame_bag_large_6.jpg | https://restrap.com/cdn/shop/files/Restrap-Full-Frame-Bag-All-Size-Guide.png,https://restrap.com/products/full-frame-bag-large
Restrap,Adventure,Top Tube Bag,0.8L,toptube,0.8,25,3,13,,packed,250mm (base) / 180mm (top) / 130mm (front height) / 50mm (rear height) / 30mm Depth,30mm is the depth at the top edge; the bag flares toward the base. 25 x 13 x 3cm is consistent with the stated 0.8L. Source: Restrap's own Size Guide diagram on the product page.,maker,,Cordura (matte woven),,,,,1,,,1,Black #2b2b2b,7,https://cdn.shopify.com/s/files/1/1308/4941/products/00_TopTubeBag.jpg | https://cdn.shopify.com/s/files/1/1308/4941/products/00_TopTubeBag2.jpg | https://cdn.shopify.com/s/files/1/1308/4941/products/00_TopTubeBag3.jpg | https://cdn.shopify.com/s/files/1/1308/4941/products/00_TopTubeBag4.jpg | https://cdn.shopify.com/s/files/1/1308/4941/products/00_TopTubeBag5.jpg | https://cdn.shopify.com/s/files/1/1308/4941/products/00_TopTubeBag6.jpg | https://restrap.com/cdn/shop/files/Restrap-Top-Tube-Bag-Size-Guide.png,https://restrap.com/products/top-tube-bag
Restrap,Adventure,Bolt-on Top Tube Bag,0.8L,toptube,0.8,25,3,13,,packed,250mm (base) / 180mm (top) / 130mm / 50mm / 30mm Depth; four bolt-hole options at 80mm-24-40-24-80mm,Same shell as the strap-mount Top Tube Bag. Source: Restrap's own Size Guide diagram on the product page.,maker,,Cordura (matte woven),,,,,1,,,1,Black #2b2b2b,7,https://cdn.shopify.com/s/files/1/1308/4941/products/s0fwukjOSkSZJXLQpLss_00_Top_Tube_Bag.jpg | https://cdn.shopify.com/s/files/1/1308/4941/products/DJC0F2RoQMe23kNWVy5P_00_Top_Tube_Bag2.jpg | https://cdn.shopify.com/s/files/1/1308/4941/products/VN8GR2vSR9y6s4EMo3Vf_00_Top_Tube_Bag4.jpg | https://cdn.shopify.com/s/files/1/1308/4941/products/jgZHHfQkTTCmGDNrvj1Q_00_Top_Tube_Bag3.jpg | https://cdn.shopify.com/s/files/1/1308/4941/products/sZE7qv1dQR2WXNGig8It_00_Top_Tube_Bag5.jpg | https://cdn.shopify.com/s/files/1/1308/4941/products/00_Top_Tube_Bag6.jpg | https://restrap.com/cdn/shop/files/Restrap-Bolt-On-Top-Tube-Size-Guide.png,https://restrap.com/products/bolt-on-top-tube-bag
Restrap,Race,Race Top Tube Bag - Short,1.2L,toptube,1.2,24,4.5,12,,packed,240mm (base) / 190mm (top) / 120mm (rear height) / 70mm (front height) / 45mm width; 64mm bolt spacing, Source: Restrap's own Size Guide diagram on the product page.,maker,,Cordura (matte woven),,,,,1,,,1,Black #2b2b2b,7,https://cdn.shopify.com/s/files/1/1308/4941/files/RaceTopTubeShort.jpg | https://cdn.shopify.com/s/files/1/1308/4941/files/RaceTopTubeShort2.jpg | https://cdn.shopify.com/s/files/1/1308/4941/files/RaceTopTubeShort3.jpg | https://cdn.shopify.com/s/files/1/1308/4941/files/RaceTopTubeShort4.jpg | https://cdn.shopify.com/s/files/1/1308/4941/files/RaceTopTubeShort5.jpg | https://cdn.shopify.com/s/files/1/1308/4941/files/RaceTopTubeShort6.jpg | https://restrap.com/cdn/shop/files/Restrap-Race-Top-Tube-Short-Size-Guide_083c48e8-476e-454f-bc80-2f1cc71d6384.png,https://restrap.com/products/race-top-tube-bag-short
Restrap,Race,Race Top Tube Bag - Long,2L,toptube,2,49,4.5,11,,packed,490mm (base) / 450mm (top) / 110mm (front height) / 40mm (rear height) / 45mm width, Source: Restrap's own Size Guide diagram on the product page.,maker,,Cordura (matte woven),,,,,1,,,1,Black #2b2b2b,7,https://cdn.shopify.com/s/files/1/1308/4941/files/RaceTopTube-Long.jpg | https://cdn.shopify.com/s/files/1/1308/4941/files/RaceTopTube-Long7.jpg | https://cdn.shopify.com/s/files/1/1308/4941/files/RaceTopTube-Long2.jpg | https://cdn.shopify.com/s/files/1/1308/4941/files/RaceTopTube-Long3.jpg | https://cdn.shopify.com/s/files/1/1308/4941/files/RaceTopTube-Long4.jpg | https://cdn.shopify.com/s/files/1/1308/4941/files/RaceTopTube-Long5.jpg | https://restrap.com/cdn/shop/files/Restrap-Race-Top-Tube-Long-Size-Guide.png,https://restrap.com/products/race-top-tube-bag-long
Restrap,Race,Aero Race Top Tube Bag,0.6L,toptube,0.6,25,5,6,,unknown,,Restrap publishes no dimension diagram or spec figures for this bag; dims_cm left as the existing catalogue estimate. Product copy gives only the 64mm top-tube bolt spacing.,maker,,Cordura (matte woven),,,,,1,,,1,Black #2b2b2b,6,https://cdn.shopify.com/s/files/1/1308/4941/files/AeroRaceTopTubeBag.jpg | https://cdn.shopify.com/s/files/1/1308/4941/files/AeroRaceTopTubeBag2.jpg | https://cdn.shopify.com/s/files/1/1308/4941/files/AeroRaceTopTubeBag3.jpg | https://cdn.shopify.com/s/files/1/1308/4941/files/AeroRaceTopTubeBag4.jpg | https://cdn.shopify.com/s/files/1/1308/4941/files/AeroRaceTopTubeBag5.jpg | https://cdn.shopify.com/s/files/1/1308/4941/files/AeroRaceTopTubeBag6.jpg,https://restrap.com/products/aero-race-top-tube-bag
Restrap,Adventure,Rear Top Tube Bag,0.8L,toptube,0.8,18,5,13,,packed,180mm (top) / 150mm (base) / 130mm height / 30mm Wide (top) / 50mm Wide (bottom),Width tapers 50mm at the base to 30mm at the top; wid is the larger. Source: Restrap's own Size Guide diagram on the product page.,maker,,Cordura (matte woven),,,,,1,,,1,Black #2b2b2b,7,https://cdn.shopify.com/s/files/1/1308/4941/products/00_Rear_Top_Tube_Bag2.jpg | https://cdn.shopify.com/s/files/1/1308/4941/products/00_Rear_Top_Tube_Bag6.jpg | https://cdn.shopify.com/s/files/1/1308/4941/products/00_Rear_Top_Tube_Bag.jpg | https://cdn.shopify.com/s/files/1/1308/4941/products/00_Rear_Top_Tube_Bag3.jpg | https://cdn.shopify.com/s/files/1/1308/4941/products/00_Rear_Top_Tube_Bag4.jpg | https://cdn.shopify.com/s/files/1/1308/4941/products/00_Rear_Top_Tube_Bag5.jpg | https://restrap.com/cdn/shop/files/Restrap-Rear-Top-Tube-Bag-Size-Guide.png,https://restrap.com/products/rear-top-tube-bag
Restrap,Adventure,Stem Bag,1.1L,stembag,1.1,,,20.5,11,packed,205mm (height) / 90mm Opening / 110mm Base Width,dia is the 110mm base width; the opening is 90mm. Source: Restrap's own Size Guide diagram on the product page.,maker,,Cordura (matte woven),,,,,1,,,1,Black #2b2b2b,7,https://cdn.shopify.com/s/files/1/1308/4941/products/gkX3EJ1RoORvHjtQcNjG_00_Stem_Bag.jpg | https://cdn.shopify.com/s/files/1/1308/4941/products/LzMSD41R2SLkp8yzNZPQ_00_Stem_Bag6.jpg | https://cdn.shopify.com/s/files/1/1308/4941/products/jDrgaScIS4qOoXcWS8dn_00_Stem_Bag7.jpg | https://cdn.shopify.com/s/files/1/1308/4941/products/QVutCADTX2R1YgEIzU8f_00_Stem_Bag8.jpg | https://cdn.shopify.com/s/files/1/1308/4941/products/lHaGtlyTQimGi5XTsWsr_00_Stem_Bag5.jpg | https://cdn.shopify.com/s/files/1/1308/4941/products/WN4NS1bT2qZ5LW91JW7B_00_Stem_Bag2.jpg | https://restrap.com/cdn/shop/files/Restrap-Stem-Bag-Size-Guide.png,https://restrap.com/products/stem-bag
Restrap,Race,Race Stem Bag,1.1L,stembag,1.1,,,20,9,packed,200mm (height) / 90mm (depth) / 110mm Mesh (mesh panel height), Source: Restrap's own Size Guide diagram on the product page.,maker,,Cordura (matte woven),,,,,1,,,1,Black #2b2b2b,7,https://cdn.shopify.com/s/files/1/1308/4941/products/RaceStemBag.jpg | https://cdn.shopify.com/s/files/1/1308/4941/products/RaceStemBag2.jpg | https://cdn.shopify.com/s/files/1/1308/4941/products/RaceStemBag3.jpg | https://cdn.shopify.com/s/files/1/1308/4941/products/RaceStemBag4.jpg | https://cdn.shopify.com/s/files/1/1308/4941/products/RaceStemBag5.jpg | https://cdn.shopify.com/s/files/1/1308/4941/products/RaceStemBag6.jpg | https://restrap.com/cdn/shop/files/Restrap-Race-Stem-Bag-Size-Guide.png,https://restrap.com/products/race-stem-bag
Restrap,City,City Stem Bag,1L,stembag,1,,,28,11,packed,280mm (height) / 110mm (width) / 60mm Depth,"Cross-section is a flattened oval 110 x 60mm, not round; dia is the 110mm width. Source: Restrap's own Size Guide diagram on the product page.",maker,,Cordura (matte woven),,,,,1,,,1,Black #2b2b2b,7,https://cdn.shopify.com/s/files/1/1308/4941/products/City-Stem-Bag-Restrap-Black.jpg | https://cdn.shopify.com/s/files/1/1308/4941/products/City-Stem-Bag-Restrap-Black2.jpg | https://cdn.shopify.com/s/files/1/1308/4941/products/City-Stem-Bag-Restrap-Black3.jpg | https://cdn.shopify.com/s/files/1/1308/4941/products/City-Stem-Bag-Restrap-Black4.jpg | https://cdn.shopify.com/s/files/1/1308/4941/products/City-Stem-Bag-Restrap-Black5.jpg | https://cdn.shopify.com/s/files/1/1308/4941/products/City-Stem-Bag-Restrap-Black6.jpg | https://restrap.com/cdn/shop/files/Restrap-City-Stem-Bag-Size-Guide.png,https://restrap.com/products/city-stem-bag
Restrap,Adventure,Fork Bag,5L,forkbag,5,,,30,19,packed,300mm Rolled x3 (height) / 190mm (width),Rolled-x3 state. Source: Restrap's own Size Guide diagram on the product page.,maker,,Cordura (matte woven),,,,,1,,,1,Black #2b2b2b,7,https://cdn.shopify.com/s/files/1/1308/4941/products/00_Fork_Bag.jpg | https://cdn.shopify.com/s/files/1/1308/4941/products/00_Fork_Bag2.jpg | https://cdn.shopify.com/s/files/1/1308/4941/products/00_Fork_Bag4.jpg | https://cdn.shopify.com/s/files/1/1308/4941/products/00_Fork_Bag3.jpg | https://cdn.shopify.com/s/files/1/1308/4941/products/00_Fork_Bag5.jpg | https://cdn.shopify.com/s/files/1/1308/4941/products/00_Fork_Bag6.jpg | https://restrap.com/cdn/shop/files/Restrap-Fork-Bag-Size-Guide_0cf72910-ff95-4917-86d2-7d9c5d421f72.png,https://restrap.com/products/fork-bag
Restrap,Adventure,Downtube Bag,1.2L,downtube,1.2,24,,,9,packed,240mm Rolled / 340mm Unrolled; 90mm Width; 80mm Depth; strap width 50mm; max tube circumference 190mm,"Page gives both states; the 240mm rolled figure is used. Cross-section is 90 x 80mm, not round. Source: Restrap's own Size Guide diagram on the product page.",maker,,Cordura (matte woven),,,,,1,,,1,Black #2b2b2b,7,https://cdn.shopify.com/s/files/1/1308/4941/files/00_DowntubeBag.jpg | https://cdn.shopify.com/s/files/1/1308/4941/files/00_DowntubeBag2.jpg | https://cdn.shopify.com/s/files/1/1308/4941/files/00_DowntubeBag3.jpg | https://cdn.shopify.com/s/files/1/1308/4941/files/00_DowntubeBag4.jpg | https://cdn.shopify.com/s/files/1/1308/4941/files/00_DowntubeBag5.jpg | https://cdn.shopify.com/s/files/1/1308/4941/files/00_DowntubeBag6.jpg | https://restrap.com/cdn/shop/files/Restrap-Downtube-Bag-Size-Guide.png,https://restrap.com/products/downtube-bag
Restrap,Adventure,Pannier,Small (13L),pannier,13,30,16,35,,packed,300mm (top width) / 250mm (bottom width) / 350mm Rolled x3 (height) / Max 160mm Depth, Source: Restrap's own Size Guide diagram on the product page.,maker,,Cordura (matte woven),rolltop,box,2,,1,,,2,Black #2b2b2b | Olive #52522a,7,https://cdn.shopify.com/s/files/1/1308/4941/products/RStwMGSuRJGPWPsO9cy6_00_Panniers14.jpg | https://cdn.shopify.com/s/files/1/1308/4941/products/E2QASC3Sc2xDQ2shl7OA_00_Panniers18.jpg | https://cdn.shopify.com/s/files/1/1308/4941/products/074eI3SqRR6OD0p2MvUp_00_Panniers16.jpg | https://cdn.shopify.com/s/files/1/1308/4941/products/aDotYKTwRuCP1hHELCJ8_00_Panniers15.jpg | https://cdn.shopify.com/s/files/1/1308/4941/products/1eNsFa4mSjGdWs8aDeKv_00_Panniers17.jpg | https://cdn.shopify.com/s/files/1/1308/4941/products/mwQqyNoMS5WYvDTIZexc_00_Panniers20.jpg | https://restrap.com/cdn/shop/files/Restrap-Small-Pannier-Size-Guide.png,https://restrap.com/products/small-pannier
Restrap,Adventure,Pannier,Large (22L),pannier,22,40,20,43,,packed,400mm (top width) / 250mm (bottom width) / 430mm Rolled x3 (height) / Max 200mm Depth, Source: Restrap's own Size Guide diagram on the product page.,maker,,Cordura (matte woven),rolltop,box,2,,1,,,2,Black #2b2b2b | Olive #52522a,7,https://cdn.shopify.com/s/files/1/1308/4941/products/mOoULd6wQS6M1604A2Rc_00_Panniers.jpg | https://cdn.shopify.com/s/files/1/1308/4941/products/EdiCFTW4QyKX7BVUWN00_00_Panniers5.jpg | https://cdn.shopify.com/s/files/1/1308/4941/products/rkWA4liPRIqvlGI66XLO_00_Panniers3.jpg | https://cdn.shopify.com/s/files/1/1308/4941/products/r70u4aIuQBSXCOPS2L4F_00_Panniers4.jpg | https://cdn.shopify.com/s/files/1/1308/4941/products/nZuzV0lQdd1elXqU9NKA_00_Panniers2.jpg | https://cdn.shopify.com/s/files/1/1308/4941/products/76bOQvD9Sp6LZakuLe11_00_Panniers6.jpg | https://restrap.com/cdn/shop/files/Restrap-Large-Pannier-Size-Guide.png,https://restrap.com/products/restrap-large-pannier
Restrap,Switch,Switch Pannier,5L,pannier,5,18,12,28,,packed,280mm Sealed with 3 x Rolls / 420mm Open and Unsealed; 180mm (width); 120mm (depth),"Page states the sealed height explicitly, so 280mm is used rather than the 420mm unsealed figure. Source: Restrap's own Size Guide diagram on the product page.",maker,,Cordura (matte woven),rolltop,box,1,,1,,,1,Black #2b2b2b,7,https://cdn.shopify.com/s/files/1/1308/4941/files/Switch_Pannier_5L.jpg | https://cdn.shopify.com/s/files/1/1308/4941/files/Switch_Pannier_5L2.jpg | https://cdn.shopify.com/s/files/1/1308/4941/files/Switch_Pannier_5L3.jpg | https://cdn.shopify.com/s/files/1/1308/4941/files/Switch_Pannier_5L4.jpg | https://cdn.shopify.com/s/files/1/1308/4941/files/Switch_Pannier_5L5.jpg | https://cdn.shopify.com/s/files/1/1308/4941/files/Switch_Pannier_5L6.jpg | https://restrap.com/cdn/shop/files/Restrap-Switch-Pannier-5L-Size-Guide.png,https://restrap.com/products/switch-pannier-5-litres
Restrap,Switch,Switch Pannier,10L,pannier,10,22,14,34,,packed,340mm Sealed with 3 x Rolls / 480mm Open and Unsealed; 220mm (width); 140mm (depth),"Sealed height used, not the 480mm unsealed figure. Source: Restrap's own Size Guide diagram on the product page.",maker,,Cordura (matte woven),rolltop,box,1,,1,,,1,Black #2b2b2b,7,https://cdn.shopify.com/s/files/1/1308/4941/files/SwitchPannier10L.jpg | https://cdn.shopify.com/s/files/1/1308/4941/files/SwitchPannier10L2.jpg | https://cdn.shopify.com/s/files/1/1308/4941/files/SwitchPannier10L3.jpg | https://cdn.shopify.com/s/files/1/1308/4941/files/SwitchPannier10L4.jpg | https://cdn.shopify.com/s/files/1/1308/4941/files/SwitchPannier10L5.jpg | https://cdn.shopify.com/s/files/1/1308/4941/files/SwitchPannier10L6.jpg | https://restrap.com/cdn/shop/files/Restrap-Switch-Pannier-10L-Size-Guide_10a984c6-3316-4db0-8ffb-9a96c3f6c1e8.png,https://restrap.com/products/switch-pannier-10-litres-1
Restrap,Switch,Switch Top Bag,15L,trunk,15,35,20,21,,unknown,,"FALSE POSITIVE - trunk is correct. Photos assets/products/restrap/switch-switch-top-bag-15l-1.jpg and -2.jpg show the bag sitting squarely ON TOP of the Switch rack platform with straps wrapping down around the rack tubes; the head-on shot (-3.jpg) shows it centred over the wheel, not offset to one side. Restrap's page: 'Specifically designed to seamlessly attach to the Restrap Switch Rack' via the 'Hiplock X Restrap Switch fitting system'. Contrast the Switch Pannier (switch-switch-pannier-10l-1.jpg), which clearly hangs off the side of the rack. The Switch line is a rack system containing both panniers and a rack-top bag, so the line-majority heuristic misfires here.",maker,,Cordura (matte woven),rolltop,tapered,2,stretch,1,,,1,Black #2b2b2b,0,,https://restrap.com/products/switch-top-bag-15l
Restrap,City,City Loader,20L,pannier,20,35,15,35,,packed,350mm (width) / 300-350mm (height) / 150mm (depth),Height is given as a 300-350mm range (fold-closure); the maximum is used. Source: Restrap's own Size Guide diagram on the product page.,maker,,Cordura (matte woven),flap,box,2,stretch slip,1,,,3,Black #2b2b2b | Navy #1c2836 | Olive #52522a,7,https://cdn.shopify.com/s/files/1/1308/4941/products/City-Loader-Restrap-Black.jpg | https://cdn.shopify.com/s/files/1/1308/4941/products/City-Loader-Restrap-Black4.jpg | https://cdn.shopify.com/s/files/1/1308/4941/products/City-Loader-Restrap-Black3.jpg | https://cdn.shopify.com/s/files/1/1308/4941/products/City-Loader-Restrap-Black5.jpg | https://cdn.shopify.com/s/files/1/1308/4941/products/City-Loader-Restrap-Black6.jpg | https://cdn.shopify.com/s/files/1/1308/4941/products/City-Loader-Restrap-Black7.jpg | https://restrap.com/cdn/shop/files/Restrap-City-Loader-Size-Guide.png,https://restrap.com/products/city-loader
Tailfin,CargoPack,CargoPack System,18L,trunk,18,43.5,16.4,25,,unrolled,Top Bag Dimensions (width) 164mm (rear) / 128mm (front); (Length) 435mm; (Unrolled Height) 420mm (rear) / 380mm (front). Volume 18L (+3.0L Pockets),"Page height is explicitly the UNROLLED height. No rolled figure is published, so hgt is derived from the stated 18L over the stated 435 x 164mm footprint (=252mm). The same method reproduces the SpeedPack's catalogue height to within 5%, which is the cross-check. Never use the 420mm unrolled figure.",maker,,TPU laminate (shiny welded),rolltop,tapered,3,mesh mesh,1,,,1,Black #111214,6,https://media.tailfin.cc/app/uploads/2026/01/12151731/700X500-CARGOPACK-NEW-BRANDING-FEATURED-IMAGE.jpg | https://media.tailfin.cc/app/uploads/2024/08/02111513/CarbonX.jpg | https://media.tailfin.cc/app/uploads/2022/02/27105229/RD_MEGA-MENU-01.jpg | https://media.tailfin.cc/app/uploads/2026/07/24172140/tailfin-woman-cyclist-pointing-on-road.jpg | https://media.tailfin.cc/app/uploads/2025/03/24104455/fairbrother-licked-and-loaded-06.jpg | https://media.tailfin.cc/app/uploads/2023/10/27102340/MEGAMENU-COMPLETE-PRODUCT-GUIDES.jpg,https://www.tailfin.cc/product/racks-rear-systems/rear-systems/cargopack-system/
Tailfin,CargoPack,CargoPack Top Bag,18L,trunk,18,43.5,16.4,25,,unrolled,Top Bag Dimensions (width) 164mm (rear) / 128mm (front); (Length) 435mm; (Unrolled Height) 420mm (rear) / 380mm (front). Volume 18L (+3.0L Pockets),Same as CargoPack System: the 420mm is the unrolled height; hgt is a volume-derived packed estimate.,maker,,TPU laminate (shiny welded),rolltop,tapered,3,mesh mesh,1,,,1,Black #111214,6,https://media.tailfin.cc/app/uploads/2026/01/12143220/cargopack-removeable-tailfin-product-features.jpg | https://media.tailfin.cc/app/uploads/2025/04/07162811/TB_20250325_Tailfin_Tankwa_2860.jpg | https://media.tailfin.cc/app/uploads/2026/01/12143235/cargopack-removeable-tailfin-product-features-4.jpg | https://media.tailfin.cc/app/uploads/2026/01/12143225/cargopack-removeable-tailfin-product-features-2.jpg | https://media.tailfin.cc/app/uploads/2026/01/12143230/cargopack-removeable-tailfin-product-features-3.jpg | https://media.tailfin.cc/app/uploads/2026/01/12143240/cargopack-removeable-tailfin-product-features-5.jpg,https://www.tailfin.cc/product/pannier-rack-top-bags/rack-top-bags/cargopack-top-bag/
Tailfin,SpeedPack,SpeedPack System,10L,trunk,10,43.5,18.5,13,,unknown,"Dimensions 185mm (rear width), 435mm (length). Volume 10L (+3.0L Pocket)","Length and width verified; Tailfin publishes no height for this bag, so hgt is left at the prior 13cm (consistent with 10L over the stated footprint).",maker,,TPU laminate (shiny welded),rolltop,tapered,2,mesh,1,,,1,Black #111214,6,https://media.tailfin.cc/app/uploads/2025/09/12115116/700X500-SPEEDPACK.jpg | https://media.tailfin.cc/app/uploads/2024/08/02111513/CarbonX.jpg | https://media.tailfin.cc/app/uploads/2022/02/27105229/RD_MEGA-MENU-01.jpg | https://media.tailfin.cc/app/uploads/2026/07/24172140/tailfin-woman-cyclist-pointing-on-road.jpg | https://media.tailfin.cc/app/uploads/2025/03/24104455/fairbrother-licked-and-loaded-06.jpg | https://media.tailfin.cc/app/uploads/2023/10/27102340/MEGAMENU-COMPLETE-PRODUCT-GUIDES.jpg,https://www.tailfin.cc/product/racks-rear-systems/rear-systems/speedpack-system/
Tailfin,SpeedPack,SpeedPack Top Bag,10L,trunk,10,43.5,18.5,13,,unknown,"Dimensions 185mm (rear width), 435mm (length). Volume 10L (+3.0L Pocket)",Length and width verified; no height published.,maker,,TPU laminate (shiny welded),rolltop,tapered,2,mesh,1,,,1,Black #111214,6,https://media.tailfin.cc/app/uploads/2025/08/27113015/SPEEDPACK-TOP-BAG-700X500.jpg | https://media.tailfin.cc/app/uploads/2024/08/02111513/CarbonX.jpg | https://media.tailfin.cc/app/uploads/2022/02/27105229/RD_MEGA-MENU-01.jpg | https://media.tailfin.cc/app/uploads/2026/07/24172140/tailfin-woman-cyclist-pointing-on-road.jpg | https://media.tailfin.cc/app/uploads/2025/03/24104455/fairbrother-licked-and-loaded-06.jpg | https://media.tailfin.cc/app/uploads/2023/10/27102340/MEGAMENU-COMPLETE-PRODUCT-GUIDES.jpg,https://www.tailfin.cc/product/pannier-rack-top-bags/rack-top-bags/speedpack-top-bag/
Tailfin,Panniers,Mini Pannier,5L,pannier,5,17,12,38,,packed,170mm (top width) / 110mm (bottom width) / 380mm (height) / 120mm (top depth) / 70mm (bottom depth),From Tailfin's own Mini Panniers spec sheet; drawn rolled and buckled shut. Widths and depths taper - the larger value is used.,maker,,TPU laminate (shiny welded),rolltop,box,2,,1,,,1,Black #111214,6,https://media.tailfin.cc/app/uploads/2026/02/17163203/MINI-PANNIERS-FEATURED-IMAGE-GOTY.jpg | https://media.tailfin.cc/app/uploads/2024/08/02111513/CarbonX.jpg | https://media.tailfin.cc/app/uploads/2022/02/27105229/RD_MEGA-MENU-01.jpg | https://media.tailfin.cc/app/uploads/2026/07/24172140/tailfin-woman-cyclist-pointing-on-road.jpg | https://media.tailfin.cc/app/uploads/2025/03/24104455/fairbrother-licked-and-loaded-06.jpg | https://media.tailfin.cc/app/uploads/2023/10/27102340/MEGAMENU-COMPLETE-PRODUCT-GUIDES.jpg,https://www.tailfin.cc/product/pannier-rack-top-bags/rear-pannier-bags/mini-panniers/
Tailfin,Panniers,Mini Pannier,10L,pannier,10,21,15,40,,packed,210mm / 140mm / 400mm / 150mm / 110mm,"Tailfin Mini Panniers spec sheet; tapered, larger values used.",maker,,TPU laminate (shiny welded),rolltop,box,2,,1,,,1,Black #111214,6,https://media.tailfin.cc/app/uploads/2026/02/17163203/MINI-PANNIERS-FEATURED-IMAGE-GOTY.jpg | https://media.tailfin.cc/app/uploads/2024/08/02111513/CarbonX.jpg | https://media.tailfin.cc/app/uploads/2022/02/27105229/RD_MEGA-MENU-01.jpg | https://media.tailfin.cc/app/uploads/2026/07/24172140/tailfin-woman-cyclist-pointing-on-road.jpg | https://media.tailfin.cc/app/uploads/2025/03/24104455/fairbrother-licked-and-loaded-06.jpg | https://media.tailfin.cc/app/uploads/2023/10/27102340/MEGAMENU-COMPLETE-PRODUCT-GUIDES.jpg,https://www.tailfin.cc/product/pannier-rack-top-bags/rear-pannier-bags/mini-panniers/
Tailfin,Panniers,Pannier,16L,pannier,16,26,19,44,,packed,260mm (top width) / 170mm (bottom width) / 440mm (height) / 190mm (top depth) / 120mm (bottom depth),"Tailfin Panniers spec sheet; tapered, larger values used.",maker,,TPU laminate (shiny welded),rolltop,box,2,,1,,,1,Black #111214,6,https://media.tailfin.cc/app/uploads/2026/02/19105429/22L-FEATURED-IMAGE-700X500-1.jpg | https://media.tailfin.cc/app/uploads/2024/08/02111513/CarbonX.jpg | https://media.tailfin.cc/app/uploads/2022/02/27105229/RD_MEGA-MENU-01.jpg | https://media.tailfin.cc/app/uploads/2026/07/24172140/tailfin-woman-cyclist-pointing-on-road.jpg | https://media.tailfin.cc/app/uploads/2025/03/24104455/fairbrother-licked-and-loaded-06.jpg | https://media.tailfin.cc/app/uploads/2023/10/27102340/MEGAMENU-COMPLETE-PRODUCT-GUIDES.jpg,https://www.tailfin.cc/product/pannier-rack-top-bags/rear-pannier-bags/panniers/
Tailfin,Panniers,Pannier,22L,pannier,22,32,22,44,,packed,320mm / 250mm / 440mm / 220mm / 130mm,"Tailfin Panniers spec sheet. Note both sizes are 440mm tall - the 22L is wider and deeper, not taller, correcting the prior 47cm.",maker,,TPU laminate (shiny welded),rolltop,box,2,,1,,,1,Black #111214,6,https://media.tailfin.cc/app/uploads/2026/02/19105429/22L-FEATURED-IMAGE-700X500-1.jpg | https://media.tailfin.cc/app/uploads/2024/08/02111513/CarbonX.jpg | https://media.tailfin.cc/app/uploads/2022/02/27105229/RD_MEGA-MENU-01.jpg | https://media.tailfin.cc/app/uploads/2026/07/24172140/tailfin-woman-cyclist-pointing-on-road.jpg | https://media.tailfin.cc/app/uploads/2025/03/24104455/fairbrother-licked-and-loaded-06.jpg | https://media.tailfin.cc/app/uploads/2023/10/27102340/MEGAMENU-COMPLETE-PRODUCT-GUIDES.jpg,https://www.tailfin.cc/product/pannier-rack-top-bags/rear-pannier-bags/panniers/
Tailfin,Fork Packs,Fork Pack,5L,forkbag,5,,,28,15,unknown,,"Tailfin's specification block for this line publishes volume, weight and construction only - no linear dimensions (sizing is done via their printable template). dims_cm left as the existing catalogue estimate.",maker,,TPU laminate (shiny welded),,,,,1,,,1,Black #111214,6,https://media.tailfin.cc/app/uploads/2023/11/19160610/2F-5-1.jpg | https://media.tailfin.cc/app/uploads/2023/11/19155207/5L-AND-10L-FRONT-SQ-1-1.jpg | https://media.tailfin.cc/app/uploads/2023/11/19153557/F2-MB-1.jpg | https://media.tailfin.cc/app/uploads/2023/11/19153106/waterproof-1.jpg | https://media.tailfin.cc/app/uploads/2023/11/20100113/additional-imagery-2-1.jpg | https://media.tailfin.cc/app/uploads/2023/11/27144222/additional-imagery-3.jpg,https://www.tailfin.cc/product/pannier-rack-top-bags/fork-packs/fork-packs/
Tailfin,Fork Packs,Fork Pack,10L,forkbag,10,,,35,19,unknown,,"Tailfin's specification block for this line publishes volume, weight and construction only - no linear dimensions (sizing is done via their printable template). dims_cm left as the existing catalogue estimate.",maker,,TPU laminate (shiny welded),,,,,1,,,1,Black #111214,6,https://media.tailfin.cc/app/uploads/2023/11/19160610/2F-5-1.jpg | https://media.tailfin.cc/app/uploads/2023/11/19155207/5L-AND-10L-FRONT-SQ-1-1.jpg | https://media.tailfin.cc/app/uploads/2023/11/19153557/F2-MB-1.jpg | https://media.tailfin.cc/app/uploads/2023/11/19153106/waterproof-1.jpg | https://media.tailfin.cc/app/uploads/2023/11/20100113/additional-imagery-2-1.jpg | https://media.tailfin.cc/app/uploads/2023/11/27144222/additional-imagery-3.jpg,https://www.tailfin.cc/product/pannier-rack-top-bags/fork-packs/fork-packs/
Tailfin,Cargo Cage System,Cage Pack,1.7L,forkbag,1.7,,,24,9.5,unknown,,"Tailfin's specification block for this line publishes volume, weight and construction only - no linear dimensions (sizing is done via their printable template). dims_cm left as the existing catalogue estimate.",maker,,TPU laminate (shiny welded),,,,,1,,,1,Black #111214,6,https://media.tailfin.cc/app/uploads/2022/03/27104419/Cage-Pack-Product-15.jpg | https://media.tailfin.cc/app/uploads/2022/03/27104420/Cage-Pack-Product-14.jpg | https://media.tailfin.cc/app/uploads/2022/03/27104423/Cage-Pack-Product-2.jpg | https://media.tailfin.cc/app/uploads/2022/03/27104426/Cage-Pack-Lifestyle-19.jpg | https://media.tailfin.cc/app/uploads/2022/03/27104427/Cage-Pack-Lifestyle-17.jpg | https://media.tailfin.cc/app/uploads/2022/03/27104429/Cage-Pack-Lifestyle-16.jpg,https://www.tailfin.cc/product/cargo-cage-system/cage-packs/cage-packs/
Tailfin,Cargo Cage System,Cage Pack,3L,forkbag,3,,,30,11.3,unknown,,"Tailfin's specification block for this line publishes volume, weight and construction only - no linear dimensions (sizing is done via their printable template). dims_cm left as the existing catalogue estimate.",maker,,TPU laminate (shiny welded),,,,,1,,,1,Black #111214,6,https://media.tailfin.cc/app/uploads/2022/03/27104419/Cage-Pack-Product-15.jpg | https://media.tailfin.cc/app/uploads/2022/03/27104420/Cage-Pack-Product-14.jpg | https://media.tailfin.cc/app/uploads/2022/03/27104423/Cage-Pack-Product-2.jpg | https://media.tailfin.cc/app/uploads/2022/03/27104426/Cage-Pack-Lifestyle-19.jpg | https://media.tailfin.cc/app/uploads/2022/03/27104427/Cage-Pack-Lifestyle-17.jpg | https://media.tailfin.cc/app/uploads/2022/03/27104429/Cage-Pack-Lifestyle-16.jpg,https://www.tailfin.cc/product/cargo-cage-system/cage-packs/cage-packs/
Tailfin,Cargo Cage System,Cage Pack,5L,forkbag,5,,,35,13.5,unknown,,"Tailfin's specification block for this line publishes volume, weight and construction only - no linear dimensions (sizing is done via their printable template). dims_cm left as the existing catalogue estimate.",maker,,TPU laminate (shiny welded),,,,,1,,,1,Black #111214,6,https://media.tailfin.cc/app/uploads/2022/03/27104419/Cage-Pack-Product-15.jpg | https://media.tailfin.cc/app/uploads/2022/03/27104420/Cage-Pack-Product-14.jpg | https://media.tailfin.cc/app/uploads/2022/03/27104423/Cage-Pack-Product-2.jpg | https://media.tailfin.cc/app/uploads/2022/03/27104426/Cage-Pack-Lifestyle-19.jpg | https://media.tailfin.cc/app/uploads/2022/03/27104427/Cage-Pack-Lifestyle-17.jpg | https://media.tailfin.cc/app/uploads/2022/03/27104429/Cage-Pack-Lifestyle-16.jpg,https://www.tailfin.cc/product/cargo-cage-system/cage-packs/cage-packs/
Tailfin,Bar System,Bar Bag System - Drop Bar,Small (9.1L),barroll,9.1,33.6,,,16,unrolled,Min. Width 290 MM / Max. Width 445 MM (2 rolls for waterproofing); Diameter 160MM; Volume 4.0L - 9.1L Small (+1.6L Pocket),Page gives a min/max width range; packed = min + 0.3*(max-min). Diameter corrected from 17 to the stated 160mm.,maker,,TPU laminate (shiny welded),rolltop,cylindrical,2,,1,,,1,Black #111214,6,https://media.tailfin.cc/app/uploads/2026/04/02163410/BAR-Bag-shop-all-drop-GOTY-1.jpg | https://media.tailfin.cc/app/uploads/2024/08/02111513/CarbonX.jpg | https://media.tailfin.cc/app/uploads/2022/02/27105229/RD_MEGA-MENU-01.jpg | https://media.tailfin.cc/app/uploads/2026/07/24172140/tailfin-woman-cyclist-pointing-on-road.jpg | https://media.tailfin.cc/app/uploads/2025/03/24104455/fairbrother-licked-and-loaded-06.jpg | https://media.tailfin.cc/app/uploads/2023/10/27102340/MEGAMENU-COMPLETE-PRODUCT-GUIDES.jpg,https://www.tailfin.cc/product/bar-systems/bar-bags/bar-bag-system/
Tailfin,Bar System,Bar Bag System - Drop Bar,Large (12.5L),barroll,12.5,37.2,,,18,unrolled,Min. Width 335 MM / Max. Width 460 MM (2 rolls); Diameter 180MM; Volume 6.7L - 12.5L Large (+2.7L Pocket),packed = min + 0.3*(max-min). Diameter corrected from 18.5 to the stated 180mm.,maker,,TPU laminate (shiny welded),rolltop,cylindrical,2,,1,,,1,Black #111214,6,https://media.tailfin.cc/app/uploads/2026/04/02163410/BAR-Bag-shop-all-drop-GOTY-1.jpg | https://media.tailfin.cc/app/uploads/2024/08/02111513/CarbonX.jpg | https://media.tailfin.cc/app/uploads/2022/02/27105229/RD_MEGA-MENU-01.jpg | https://media.tailfin.cc/app/uploads/2026/07/24172140/tailfin-woman-cyclist-pointing-on-road.jpg | https://media.tailfin.cc/app/uploads/2025/03/24104455/fairbrother-licked-and-loaded-06.jpg | https://media.tailfin.cc/app/uploads/2023/10/27102340/MEGAMENU-COMPLETE-PRODUCT-GUIDES.jpg,https://www.tailfin.cc/product/bar-systems/bar-bags/bar-bag-system/
Tailfin,Bar System,Bar Bag System - MTB Flat Bar,Small (14.9L),barroll,14.7,48.9,,,16,unrolled,Min. Width 420 MM / Max. Width 650 MM (3 rolls for waterproofing); Diameter 160MM; Volume 5.8L - 14.7L Small (+2.7L Pocket),"packed = min + 0.3*(max-min). Diameter corrected from 19 to 160mm; capacity is 14.7L, not 14.9L.",maker,,TPU laminate (shiny welded),rolltop,cylindrical,2,,1,,,1,Black #111214,6,https://media.tailfin.cc/app/uploads/2026/04/02163410/BAR-Bag-shop-all-drop-GOTY-1.jpg | https://media.tailfin.cc/app/uploads/2024/08/02111513/CarbonX.jpg | https://media.tailfin.cc/app/uploads/2022/02/27105229/RD_MEGA-MENU-01.jpg | https://media.tailfin.cc/app/uploads/2026/07/24172140/tailfin-woman-cyclist-pointing-on-road.jpg | https://media.tailfin.cc/app/uploads/2025/03/24104455/fairbrother-licked-and-loaded-06.jpg | https://media.tailfin.cc/app/uploads/2023/10/27102340/MEGAMENU-COMPLETE-PRODUCT-GUIDES.jpg,https://www.tailfin.cc/product/bar-systems/bar-bags/bar-bag-system/
Tailfin,Bar System,Bar Bag System - MTB Flat Bar,Large (18.9L),barroll,18.9,55.2,,,18,unrolled,Min. Width 480 MM / Max. Width 720 MM (3 rolls); Diameter 180MM; Volume 8.7L - 18.9L Large (+3.5L Pocket),packed = min + 0.3*(max-min). Diameter corrected from 20 to 180mm.,maker,,TPU laminate (shiny welded),rolltop,cylindrical,2,,1,,,1,Black #111214,6,https://media.tailfin.cc/app/uploads/2026/04/02163410/BAR-Bag-shop-all-drop-GOTY-1.jpg | https://media.tailfin.cc/app/uploads/2024/08/02111513/CarbonX.jpg | https://media.tailfin.cc/app/uploads/2022/02/27105229/RD_MEGA-MENU-01.jpg | https://media.tailfin.cc/app/uploads/2026/07/24172140/tailfin-woman-cyclist-pointing-on-road.jpg | https://media.tailfin.cc/app/uploads/2025/03/24104455/fairbrother-licked-and-loaded-06.jpg | https://media.tailfin.cc/app/uploads/2023/10/27102340/MEGAMENU-COMPLETE-PRODUCT-GUIDES.jpg,https://www.tailfin.cc/product/bar-systems/bar-bags/bar-bag-system/
Tailfin,Bar System,Bar Cage Bag,Small (8L),barroll,8,41.4,,,13.5,unrolled,Dimensions Width: Min 360mm Max 540mm; Diameter: 135mm,Catalogue had 54cm - that is the fully extended maximum. packed = min + 0.3*(max-min).,maker,,TPU laminate (shiny welded),rolltop,cylindrical,2,,1,,,1,Black #111214,6,https://media.tailfin.cc/app/uploads/2025/06/26162408/TailfinBarCage-03514_250623.jpg | https://media.tailfin.cc/app/uploads/2025/06/26162012/TailfinBarCage-03437_250623.jpg | https://media.tailfin.cc/app/uploads/2025/06/26162037/TailfinBarCage-03604_250624.jpg | https://media.tailfin.cc/app/uploads/2025/06/26162042/TailfinBarCage-03608_250624.jpg | https://media.tailfin.cc/app/uploads/2025/06/26162032/TailfinBarCage-03460_250623.jpg | https://media.tailfin.cc/app/uploads/2025/06/26162026/TailfinBarCage-03449_250623.jpg,https://www.tailfin.cc/product/cargo-cage-system/cage-packs/bar-cage-bag/
Tailfin,Bar System,Bar Cage Bag,Medium (11L),barroll,11,42.1,,,16.5,unrolled,Width: Min 370mm Max 540mm; Diameter: 165mm,Catalogue had 54cm (the maximum). packed = min + 0.3*(max-min).,maker,,TPU laminate (shiny welded),rolltop,cylindrical,2,,1,,,1,Black #111214,6,https://media.tailfin.cc/app/uploads/2025/06/26162408/TailfinBarCage-03514_250623.jpg | https://media.tailfin.cc/app/uploads/2025/06/26162012/TailfinBarCage-03437_250623.jpg | https://media.tailfin.cc/app/uploads/2025/06/26162037/TailfinBarCage-03604_250624.jpg | https://media.tailfin.cc/app/uploads/2025/06/26162042/TailfinBarCage-03608_250624.jpg | https://media.tailfin.cc/app/uploads/2025/06/26162032/TailfinBarCage-03460_250623.jpg | https://media.tailfin.cc/app/uploads/2025/06/26162026/TailfinBarCage-03449_250623.jpg,https://www.tailfin.cc/product/cargo-cage-system/cage-packs/bar-cage-bag/
Tailfin,Bar System,Bar Cage Bag,Large (15L),barroll,15,43.4,,,18,unrolled,Width: Min 380mm Max 560mm; Diameter: 180mm,Catalogue had 56cm (the maximum). packed = min + 0.3*(max-min).,maker,,TPU laminate (shiny welded),rolltop,cylindrical,2,,1,,,1,Black #111214,6,https://media.tailfin.cc/app/uploads/2025/06/26162408/TailfinBarCage-03514_250623.jpg | https://media.tailfin.cc/app/uploads/2025/06/26162012/TailfinBarCage-03437_250623.jpg | https://media.tailfin.cc/app/uploads/2025/06/26162037/TailfinBarCage-03604_250624.jpg | https://media.tailfin.cc/app/uploads/2025/06/26162042/TailfinBarCage-03608_250624.jpg | https://media.tailfin.cc/app/uploads/2025/06/26162032/TailfinBarCage-03460_250623.jpg | https://media.tailfin.cc/app/uploads/2025/06/26162026/TailfinBarCage-03449_250623.jpg,https://www.tailfin.cc/product/cargo-cage-system/cage-packs/bar-cage-bag/
Tailfin,Frame Bags,Half Frame Bag,2.3L,framebag_half,2.3,36,6,11,,unknown,,"Tailfin publishes volume, weight, construction and included straps for the Frame Bag range but no linear dimensions - fitment is via their printable A4/US-Letter sizing poster, which carries no labelled numbers. dims_cm left as the existing catalogue estimate.",maker,,TPU laminate (shiny welded),zip,wedge,0,,1,,,1,Black #111214,6,https://media.tailfin.cc/app/uploads/2026/03/20161442/HFP-FEATURED-IMAGE.jpg | https://media.tailfin.cc/app/uploads/2024/08/02111513/CarbonX.jpg | https://media.tailfin.cc/app/uploads/2022/02/27105229/RD_MEGA-MENU-01.jpg | https://media.tailfin.cc/app/uploads/2026/07/24172140/tailfin-woman-cyclist-pointing-on-road.jpg | https://media.tailfin.cc/app/uploads/2025/03/24104455/fairbrother-licked-and-loaded-06.jpg | https://media.tailfin.cc/app/uploads/2023/10/27102340/MEGAMENU-COMPLETE-PRODUCT-GUIDES.jpg,https://www.tailfin.cc/product/frame-bags/half-frame-bag/
Tailfin,Frame Bags,Half Frame Bag,3.0L,framebag_half,3,40,6,12.5,,unknown,,"Tailfin publishes volume, weight, construction and included straps for the Frame Bag range but no linear dimensions - fitment is via their printable A4/US-Letter sizing poster, which carries no labelled numbers. dims_cm left as the existing catalogue estimate.",maker,,TPU laminate (shiny welded),zip,wedge,0,,1,,,1,Black #111214,6,https://media.tailfin.cc/app/uploads/2026/03/20161442/HFP-FEATURED-IMAGE.jpg | https://media.tailfin.cc/app/uploads/2024/08/02111513/CarbonX.jpg | https://media.tailfin.cc/app/uploads/2022/02/27105229/RD_MEGA-MENU-01.jpg | https://media.tailfin.cc/app/uploads/2026/07/24172140/tailfin-woman-cyclist-pointing-on-road.jpg | https://media.tailfin.cc/app/uploads/2025/03/24104455/fairbrother-licked-and-loaded-06.jpg | https://media.tailfin.cc/app/uploads/2023/10/27102340/MEGAMENU-COMPLETE-PRODUCT-GUIDES.jpg,https://www.tailfin.cc/product/frame-bags/half-frame-bag/
Tailfin,Frame Bags,Half Frame Bag,3.8L,framebag_half,3.8,44,6.4,13.5,,unknown,,"Tailfin publishes volume, weight, construction and included straps for the Frame Bag range but no linear dimensions - fitment is via their printable A4/US-Letter sizing poster, which carries no labelled numbers. dims_cm left as the existing catalogue estimate.",maker,,TPU laminate (shiny welded),zip,wedge,0,,1,,,1,Black #111214,6,https://media.tailfin.cc/app/uploads/2026/03/20161442/HFP-FEATURED-IMAGE.jpg | https://media.tailfin.cc/app/uploads/2024/08/02111513/CarbonX.jpg | https://media.tailfin.cc/app/uploads/2022/02/27105229/RD_MEGA-MENU-01.jpg | https://media.tailfin.cc/app/uploads/2026/07/24172140/tailfin-woman-cyclist-pointing-on-road.jpg | https://media.tailfin.cc/app/uploads/2025/03/24104455/fairbrother-licked-and-loaded-06.jpg | https://media.tailfin.cc/app/uploads/2023/10/27102340/MEGAMENU-COMPLETE-PRODUCT-GUIDES.jpg,https://www.tailfin.cc/product/frame-bags/half-frame-bag/
Tailfin,Frame Bags,Half Frame Bag,4.5L,framebag_half,4.5,48,6.5,14.5,,unknown,,"Tailfin publishes volume, weight, construction and included straps for the Frame Bag range but no linear dimensions - fitment is via their printable A4/US-Letter sizing poster, which carries no labelled numbers. dims_cm left as the existing catalogue estimate.",maker,,TPU laminate (shiny welded),zip,wedge,0,,1,,,1,Black #111214,6,https://media.tailfin.cc/app/uploads/2026/03/20161442/HFP-FEATURED-IMAGE.jpg | https://media.tailfin.cc/app/uploads/2024/08/02111513/CarbonX.jpg | https://media.tailfin.cc/app/uploads/2022/02/27105229/RD_MEGA-MENU-01.jpg | https://media.tailfin.cc/app/uploads/2026/07/24172140/tailfin-woman-cyclist-pointing-on-road.jpg | https://media.tailfin.cc/app/uploads/2025/03/24104455/fairbrother-licked-and-loaded-06.jpg | https://media.tailfin.cc/app/uploads/2023/10/27102340/MEGAMENU-COMPLETE-PRODUCT-GUIDES.jpg,https://www.tailfin.cc/product/frame-bags/half-frame-bag/
Tailfin,Frame Bags,Half Frame Bag,5.3L,framebag_half,5.3,52,6.6,15.5,,unknown,,"Tailfin publishes volume, weight, construction and included straps for the Frame Bag range but no linear dimensions - fitment is via their printable A4/US-Letter sizing poster, which carries no labelled numbers. dims_cm left as the existing catalogue estimate.",maker,,TPU laminate (shiny welded),zip,wedge,0,,1,,,1,Black #111214,6,https://media.tailfin.cc/app/uploads/2026/03/20161442/HFP-FEATURED-IMAGE.jpg | https://media.tailfin.cc/app/uploads/2024/08/02111513/CarbonX.jpg | https://media.tailfin.cc/app/uploads/2022/02/27105229/RD_MEGA-MENU-01.jpg | https://media.tailfin.cc/app/uploads/2026/07/24172140/tailfin-woman-cyclist-pointing-on-road.jpg | https://media.tailfin.cc/app/uploads/2025/03/24104455/fairbrother-licked-and-loaded-06.jpg | https://media.tailfin.cc/app/uploads/2023/10/27102340/MEGAMENU-COMPLETE-PRODUCT-GUIDES.jpg,https://www.tailfin.cc/product/frame-bags/half-frame-bag/
Tailfin,Frame Bags,Half Frame Bag,6.5L,framebag_half,6.5,56,7,16.5,,unknown,,"Tailfin publishes volume, weight, construction and included straps for the Frame Bag range but no linear dimensions - fitment is via their printable A4/US-Letter sizing poster, which carries no labelled numbers. dims_cm left as the existing catalogue estimate.",maker,,TPU laminate (shiny welded),zip,wedge,0,,1,,,1,Black #111214,6,https://media.tailfin.cc/app/uploads/2026/03/20161442/HFP-FEATURED-IMAGE.jpg | https://media.tailfin.cc/app/uploads/2024/08/02111513/CarbonX.jpg | https://media.tailfin.cc/app/uploads/2022/02/27105229/RD_MEGA-MENU-01.jpg | https://media.tailfin.cc/app/uploads/2026/07/24172140/tailfin-woman-cyclist-pointing-on-road.jpg | https://media.tailfin.cc/app/uploads/2025/03/24104455/fairbrother-licked-and-loaded-06.jpg | https://media.tailfin.cc/app/uploads/2023/10/27102340/MEGAMENU-COMPLETE-PRODUCT-GUIDES.jpg,https://www.tailfin.cc/product/frame-bags/half-frame-bag/
Tailfin,Frame Bags,Wedge Frame Bag,1.9L,framebag_half,1.9,32,6,10,,unknown,,"Tailfin publishes volume, weight, construction and included straps for the Frame Bag range but no linear dimensions - fitment is via their printable A4/US-Letter sizing poster, which carries no labelled numbers. dims_cm left as the existing catalogue estimate.",maker,,TPU laminate (shiny welded),zip,wedge,0,,1,,,1,Black #111214,6,https://media.tailfin.cc/app/uploads/2026/03/20153440/FEATURED-IMAGE-TAILFIN-FRAME-BAG-WEDGE.jpg | https://media.tailfin.cc/app/uploads/2024/08/02111513/CarbonX.jpg | https://media.tailfin.cc/app/uploads/2022/02/27105229/RD_MEGA-MENU-01.jpg | https://media.tailfin.cc/app/uploads/2026/07/24172140/tailfin-woman-cyclist-pointing-on-road.jpg | https://media.tailfin.cc/app/uploads/2025/03/24104455/fairbrother-licked-and-loaded-06.jpg | https://media.tailfin.cc/app/uploads/2023/10/27102340/MEGAMENU-COMPLETE-PRODUCT-GUIDES.jpg,https://www.tailfin.cc/product/frame-bags/wedge-frame-bag/
Tailfin,Frame Bags,Wedge Frame Bag,2.7L,framebag_half,2.7,36,6.5,11.5,,unknown,,"Tailfin publishes volume, weight, construction and included straps for the Frame Bag range but no linear dimensions - fitment is via their printable A4/US-Letter sizing poster, which carries no labelled numbers. dims_cm left as the existing catalogue estimate.",maker,,TPU laminate (shiny welded),zip,wedge,0,,1,,,1,Black #111214,6,https://media.tailfin.cc/app/uploads/2026/03/20153440/FEATURED-IMAGE-TAILFIN-FRAME-BAG-WEDGE.jpg | https://media.tailfin.cc/app/uploads/2024/08/02111513/CarbonX.jpg | https://media.tailfin.cc/app/uploads/2022/02/27105229/RD_MEGA-MENU-01.jpg | https://media.tailfin.cc/app/uploads/2026/07/24172140/tailfin-woman-cyclist-pointing-on-road.jpg | https://media.tailfin.cc/app/uploads/2025/03/24104455/fairbrother-licked-and-loaded-06.jpg | https://media.tailfin.cc/app/uploads/2023/10/27102340/MEGAMENU-COMPLETE-PRODUCT-GUIDES.jpg,https://www.tailfin.cc/product/frame-bags/wedge-frame-bag/
Tailfin,Frame Bags,Wedge Frame Bag,3.5L,framebag_half,3.5,40,7,12.5,,unknown,,"Tailfin publishes volume, weight, construction and included straps for the Frame Bag range but no linear dimensions - fitment is via their printable A4/US-Letter sizing poster, which carries no labelled numbers. dims_cm left as the existing catalogue estimate.",maker,,TPU laminate (shiny welded),zip,wedge,0,,1,,,1,Black #111214,6,https://media.tailfin.cc/app/uploads/2026/03/20153440/FEATURED-IMAGE-TAILFIN-FRAME-BAG-WEDGE.jpg | https://media.tailfin.cc/app/uploads/2024/08/02111513/CarbonX.jpg | https://media.tailfin.cc/app/uploads/2022/02/27105229/RD_MEGA-MENU-01.jpg | https://media.tailfin.cc/app/uploads/2026/07/24172140/tailfin-woman-cyclist-pointing-on-road.jpg | https://media.tailfin.cc/app/uploads/2025/03/24104455/fairbrother-licked-and-loaded-06.jpg | https://media.tailfin.cc/app/uploads/2023/10/27102340/MEGAMENU-COMPLETE-PRODUCT-GUIDES.jpg,https://www.tailfin.cc/product/frame-bags/wedge-frame-bag/
Tailfin,Frame Bags,Downtube Pack (V-Mount),1.7L,downtube,1.7,38,7.5,6,,unknown,,"Tailfin's specification block for this line publishes volume, weight and construction only - no linear dimensions (sizing is done via their printable template). dims_cm left as the existing catalogue estimate.",maker,,TPU laminate (shiny welded),,,,,1,,,1,Black #111214,6,https://media.tailfin.cc/app/uploads/2022/05/27104159/packing-advice-1.7L.jpg | https://media.tailfin.cc/app/uploads/2022/05/27104158/packing-advice-3L.jpg | https://media.tailfin.cc/app/uploads/2022/05/27104253/V-MOUNT-PACK_PRESS-PACK_LIFESTYLE-1-of-14-2-of-4.jpg | https://media.tailfin.cc/app/uploads/2022/05/27104252/V-MOUNT-PACK_PRESS-PACK_LIFESTYLE-1-of-14-3-of-4.jpg | https://media.tailfin.cc/app/uploads/2022/05/27104250/V-MOUNT-PACK_PRESS-PACK_LIFESTYLE-1-of-14-4-of-4.jpg | https://media.tailfin.cc/app/uploads/2022/05/27104248/V-MOUNT-PACK_PRESS-PACK_LIFESTYLE-3-of-14.jpg,https://www.tailfin.cc/product/frame-bags/downtube-packs/
Tailfin,Frame Bags,Downtube Pack (V-Mount),3L,downtube,3,44,9,7.6,,unknown,,"Tailfin's specification block for this line publishes volume, weight and construction only - no linear dimensions (sizing is done via their printable template). dims_cm left as the existing catalogue estimate.",maker,,TPU laminate (shiny welded),,,,,1,,,1,Black #111214,6,https://media.tailfin.cc/app/uploads/2022/05/27104159/packing-advice-1.7L.jpg | https://media.tailfin.cc/app/uploads/2022/05/27104158/packing-advice-3L.jpg | https://media.tailfin.cc/app/uploads/2022/05/27104253/V-MOUNT-PACK_PRESS-PACK_LIFESTYLE-1-of-14-2-of-4.jpg | https://media.tailfin.cc/app/uploads/2022/05/27104252/V-MOUNT-PACK_PRESS-PACK_LIFESTYLE-1-of-14-3-of-4.jpg | https://media.tailfin.cc/app/uploads/2022/05/27104250/V-MOUNT-PACK_PRESS-PACK_LIFESTYLE-1-of-14-4-of-4.jpg | https://media.tailfin.cc/app/uploads/2022/05/27104248/V-MOUNT-PACK_PRESS-PACK_LIFESTYLE-3-of-14.jpg,https://www.tailfin.cc/product/frame-bags/downtube-packs/
Tailfin,Top Tube,Top Tube Bag,0.8L Zip,toptube,0.8,22.4,6.5,10,,packed,224 MM (length) / 100 MM (height) / 65 MM (width) / 48 MM; 0.8L Top Tube Bag (Zip) Road/Gravel,From Tailfin's own Top Tube Bag dimensions sheet. Width corrected from 5.0 to 6.5cm.,maker,,TPU laminate (shiny welded),,,,,1,,,1,Black #111214,6,https://media.tailfin.cc/app/uploads/2026/05/20094739/tailfin-top-tube-bag.jpg | https://media.tailfin.cc/app/uploads/2024/08/02111513/CarbonX.jpg | https://media.tailfin.cc/app/uploads/2022/02/27105229/RD_MEGA-MENU-01.jpg | https://media.tailfin.cc/app/uploads/2026/07/24172140/tailfin-woman-cyclist-pointing-on-road.jpg | https://media.tailfin.cc/app/uploads/2025/03/24104455/fairbrother-licked-and-loaded-06.jpg | https://media.tailfin.cc/app/uploads/2023/10/27102340/MEGAMENU-COMPLETE-PRODUCT-GUIDES.jpg,https://www.tailfin.cc/product/top-tube-cockpit/top-tube-bag/
Tailfin,Top Tube,Top Tube Bag,1.1L Zip/Flip,toptube,1.1,24.9,7.5,10.4,,packed,249 MM / 104 MM / 75 MM; 1.1L Top Tube Bag (Flip + Zip) Road/Gravel/MTB,Tailfin Top Tube Bag dimensions sheet. Width corrected from 6.0 to 7.5cm.,maker,,TPU laminate (shiny welded),,,,,1,,,1,Black #111214,6,https://media.tailfin.cc/app/uploads/2026/05/20094739/tailfin-top-tube-bag.jpg | https://media.tailfin.cc/app/uploads/2024/08/02111513/CarbonX.jpg | https://media.tailfin.cc/app/uploads/2022/02/27105229/RD_MEGA-MENU-01.jpg | https://media.tailfin.cc/app/uploads/2026/07/24172140/tailfin-woman-cyclist-pointing-on-road.jpg | https://media.tailfin.cc/app/uploads/2025/03/24104455/fairbrother-licked-and-loaded-06.jpg | https://media.tailfin.cc/app/uploads/2023/10/27102340/MEGAMENU-COMPLETE-PRODUCT-GUIDES.jpg,https://www.tailfin.cc/product/top-tube-cockpit/top-tube-bag/
Tailfin,Top Tube,Top Tube Bag,1.5L Zip/Flip,toptube,1.5,27.2,9,11.4,,packed,272 MM / 114 MM / 90 MM; 1.5L Top Tube Bag (Flip + Zip) MTB,Tailfin Top Tube Bag dimensions sheet. Width corrected from 6.5 to 9.0cm.,maker,,TPU laminate (shiny welded),,,,,1,,,1,Black #111214,6,https://media.tailfin.cc/app/uploads/2026/05/20094739/tailfin-top-tube-bag.jpg | https://media.tailfin.cc/app/uploads/2024/08/02111513/CarbonX.jpg | https://media.tailfin.cc/app/uploads/2022/02/27105229/RD_MEGA-MENU-01.jpg | https://media.tailfin.cc/app/uploads/2026/07/24172140/tailfin-woman-cyclist-pointing-on-road.jpg | https://media.tailfin.cc/app/uploads/2025/03/24104455/fairbrother-licked-and-loaded-06.jpg | https://media.tailfin.cc/app/uploads/2023/10/27102340/MEGAMENU-COMPLETE-PRODUCT-GUIDES.jpg,https://www.tailfin.cc/product/top-tube-cockpit/top-tube-bag/
Tailfin,Top Tube,Long Top Tube Bag,1.6L,toptube,1.6,37,5.5,8.5,,packed,370 MM (length); 50 MM / 85 MM (heights),From Tailfin's Long Top Tube Pack sizing poster. Length corrected from 40 to 37cm. Width is not published and is left at the prior estimate.,maker,,TPU laminate (shiny welded),,,,,1,,,1,Black #111214,6,https://media.tailfin.cc/app/uploads/2024/12/10173113/SHOP-ALL-LONG-TOP-TUBE-PACK-07-08-08.jpg | https://media.tailfin.cc/app/uploads/2024/08/02111513/CarbonX.jpg | https://media.tailfin.cc/app/uploads/2022/02/27105229/RD_MEGA-MENU-01.jpg | https://media.tailfin.cc/app/uploads/2026/07/24172140/tailfin-woman-cyclist-pointing-on-road.jpg | https://media.tailfin.cc/app/uploads/2025/03/24104455/fairbrother-licked-and-loaded-06.jpg | https://media.tailfin.cc/app/uploads/2023/10/27102340/MEGAMENU-COMPLETE-PRODUCT-GUIDES.jpg,https://www.tailfin.cc/product/top-tube-cockpit/long-top-tube-bag/
Tailfin,Top Tube,Long Top Tube Bag,2.2L,toptube,2.2,47,5.8,10.5,,packed,470 MM (length); 65 MM / 105 MM (heights),Long Top Tube Pack sizing poster. Length corrected from 45 to 47cm; width not published.,maker,,TPU laminate (shiny welded),,,,,1,,,1,Black #111214,6,https://media.tailfin.cc/app/uploads/2024/12/10173113/SHOP-ALL-LONG-TOP-TUBE-PACK-07-08-08.jpg | https://media.tailfin.cc/app/uploads/2024/08/02111513/CarbonX.jpg | https://media.tailfin.cc/app/uploads/2022/02/27105229/RD_MEGA-MENU-01.jpg | https://media.tailfin.cc/app/uploads/2026/07/24172140/tailfin-woman-cyclist-pointing-on-road.jpg | https://media.tailfin.cc/app/uploads/2025/03/24104455/fairbrother-licked-and-loaded-06.jpg | https://media.tailfin.cc/app/uploads/2023/10/27102340/MEGAMENU-COMPLETE-PRODUCT-GUIDES.jpg,https://www.tailfin.cc/product/top-tube-cockpit/long-top-tube-bag/
Tailfin,Top Tube,Long Top Tube Bag,3L,toptube,3,50,6.3,11.5,,packed,500 MM (length); 68 MM / 115 MM (heights),Long Top Tube Pack sizing poster. Width not published.,maker,,TPU laminate (shiny welded),,,,,1,,,1,Black #111214,6,https://media.tailfin.cc/app/uploads/2024/12/10173113/SHOP-ALL-LONG-TOP-TUBE-PACK-07-08-08.jpg | https://media.tailfin.cc/app/uploads/2024/08/02111513/CarbonX.jpg | https://media.tailfin.cc/app/uploads/2022/02/27105229/RD_MEGA-MENU-01.jpg | https://media.tailfin.cc/app/uploads/2026/07/24172140/tailfin-woman-cyclist-pointing-on-road.jpg | https://media.tailfin.cc/app/uploads/2025/03/24104455/fairbrother-licked-and-loaded-06.jpg | https://media.tailfin.cc/app/uploads/2023/10/27102340/MEGAMENU-COMPLETE-PRODUCT-GUIDES.jpg,https://www.tailfin.cc/product/top-tube-cockpit/long-top-tube-bag/
Tailfin,Top Tube,Rear Top Tube Bag,0.9L Road/Gravel,toptube,0.9,25,5,9,,unknown,,Tailfin's Rear Top Tube Bag spec sheet is a print-at-home sizing template with no labelled dimensions; the page publishes volume and weight only. dims_cm left as the existing catalogue estimate.,maker,,TPU laminate (shiny welded),,,,,1,,,1,Black #111214,6,https://media.tailfin.cc/app/uploads/2025/02/20152729/REAR-TOP-TUBE-BAG-FOOTBED-.jpg | https://media.tailfin.cc/app/uploads/2025/11/03161200/Secondary-Feature-800x800px-5.jpg | https://media.tailfin.cc/app/uploads/2025/04/30125200/TAPERED-SHAPE.jpg | https://media.tailfin.cc/app/uploads/2025/11/03161154/Secondary-Feature-800x800px-4.jpg | https://media.tailfin.cc/app/uploads/2025/11/03161149/Secondary-Feature-800x800px-3.jpg | https://media.tailfin.cc/app/uploads/2025/11/03161508/Secondary-Feature-800x800px-6-1.jpg,https://www.tailfin.cc/product/top-tube-cockpit/rear-top-tube-bag/
Tailfin,Top Tube,Rear Top Tube Bag,0.8L MTB,toptube,0.8,25,5.5,7,,unknown,,Tailfin's Rear Top Tube Bag spec sheet is a print-at-home sizing template with no labelled dimensions; the page publishes volume and weight only. dims_cm left as the existing catalogue estimate.,maker,,TPU laminate (shiny welded),,,,,1,,,1,Black #111214,6,https://media.tailfin.cc/app/uploads/2025/02/20152729/REAR-TOP-TUBE-BAG-FOOTBED-.jpg | https://media.tailfin.cc/app/uploads/2025/11/03161200/Secondary-Feature-800x800px-5.jpg | https://media.tailfin.cc/app/uploads/2025/04/30125200/TAPERED-SHAPE.jpg | https://media.tailfin.cc/app/uploads/2025/11/03161154/Secondary-Feature-800x800px-4.jpg | https://media.tailfin.cc/app/uploads/2025/11/03161149/Secondary-Feature-800x800px-3.jpg | https://media.tailfin.cc/app/uploads/2025/11/03161508/Secondary-Feature-800x800px-6-1.jpg,https://www.tailfin.cc/product/top-tube-cockpit/rear-top-tube-bag/
Salsa (EXP Series),,EXP Series Saguaro Seat Bag,,seatpack,14,48,20,18,,unknown,,,none,,Cordura (matte woven),,,,,1,,,0,,0,,https://www.salsacycles.com/products/exp-series-saguaro-seat-bag
Salsa (EXP Series),,Old Man Mountain Manzanita Cradle with Bag,,barbag,11,48,,,17,unknown,,,none,,Cordura (matte woven),,,,,1,,,0,,0,,https://www.salsacycles.com/products/old-man-mountain-manzanita-cradle-and-bag
Salsa (EXP Series),,EXP Series Cholla Half-Frame Bag,,framebag_half,2.1,47.9,6,9,,unknown,,,none,,Cordura (matte woven),,,,,1,,,0,,0,,https://www.salsacycles.com/products/exp-series-cholla-half-frame-bag
Salsa (EXP Series),,EXP-R Series Trillium Top Tube Bag,,toptube,1.67,28.7,6,10,,unknown,,,none,,Cordura (matte woven),,,,,1,,,0,,0,,https://www.salsacycles.com/products/exp-r-series-trillium-top-tube-bag
Salsa (EXP Series),,EXP Series Agave Pannier,,pannier,12.5,34,18,28,,unknown,,,none,,Cordura (matte woven),,,,,1,,,0,,0,,https://www.campfirecycling.com/product/salsa-exp-series-agave-pannier.html
Salsa (EXP Series),,EXP-R Series Campion Frame Bag,,framebag_full,1.67,28.7,6,18,,unknown,,,none,,Cordura (matte woven),,,,,1,,,0,,0,,https://www.salsacycles.com/products/exp-r-series-campion-frame-bag
Blackburn Design,Outpost,Frame Bag,Small,framebag_half,3.2,40,6,11,,unknown,,,none,,TPU laminate (shiny welded),zip,wedge,0,zip slip,1,,,1,Black,0,,https://www.bellhelmets.com/product/outpost-frame-bag-small/350170000100000059.html
Blackburn Design,Outpost,Frame Bag,Medium,framebag_half,4.2,47,6,12,,unknown,,,none,,TPU laminate (shiny welded),zip,wedge,0,zip slip,1,,,1,Black,0,,https://www.bellhelmets.com/product/outpost-frame-bag-medium/350170000100000040.html
Blackburn Design,Outpost,Frame Bag,Large,framebag_half,5.5,53,6,13,,unknown,,,none,,TPU laminate (shiny welded),zip,wedge,0,zip slip,1,,,1,Black,0,,https://www.bellhelmets.com/product/outpost-frame-bag-large/350170000100000047.html
Blackburn Design,Outpost,Corner Bag,std,framebag_half,0.7,23.3,5.1,12.7,,packed,"Dimensions: 233 x 108 x 127 x 51mm (9.2 x 4.3 x 5 x 2""); Capacity: 0.7 liter; Weight: 130g / 4.6oz","REAL ERROR on capacity, small correction on dims. Blackburn quotes FOUR numbers because the bag is a wedge that sits in the corner behind the head tube: 233mm long, two heights of 108 and 127mm, and 51mm wide. hgt is the taller of the two heights. The catalogue also carried 1.5L against Blackburn's published 0.7L - more than double - which is what made the shape flag look worse than it was. 23.3 x 12.7 x 5.1 = 1.51L bounding box against 0.7L, exactly right for a triangular wedge that fills about half its box.",maker,,TPU laminate (shiny welded),zip,wedge,0,zip,1,,,1,Black,0,,https://www.bellhelmets.com/product/outpost-corner-bag/350170000100000061.html
Blackburn Design,Outpost,Top Tube Bag,std,toptube,1,22,6,10,,unknown,,,none,,TPU laminate (shiny welded),,,,,1,,,0,,0,,https://www.bellhelmets.com/product/outpost-top-tube-bag/350170000100000037.html
Blackburn Design,Outpost Elite,Cargo Bag,std,forkbag,6.5,32.5,15,15,15,packed,"6.5 liters at 325mm (three rolls) x 150mm; welded waterproof roll-top, 420D nylon, flat 840D bottom, daisy chain pass-through for cage straps","DUPLICATED AXIS - the defect the brief warned about. The record held len 35 and hgt 35, the same number twice, plus wid 14 and dia 14, and 4L. Blackburn publishes '6.5 liters at 325mm (3 rolls) x 150mm': it is a plain cylindrical roll-top dry bag strapped into a fork or frame cargo cage, so there is only a length and a diameter. Corrected to a 32.5cm cylinder of 15cm diameter, giving 7.3L of box against the published 6.5L (ratio 1.12) where the old figures gave 17.1L against 4L (ratio 4.29). Litres also corrected from 4 to Blackburn's published 6.5.",maker,,TPU laminate (shiny welded),,,,,1,,,0,,0,,https://www.bellhelmets.com/product/outpost-elite-cargo-bag/350170000100000079.html
Blackburn Design,Outpost,Carryall Bag,std,stembag,1,18,,18,9,unknown,,"FALSE POSITIVE - stembag is correct. No local image; Blackburn/retailer copy: 'easily mounts to your stem or handlebars in multiple locations for a secure fit' via hook-and-loop straps, 'ambidextrous fitting ... allowing you to run the bag on either side of the stem', with 'an adjustable drawstring closure' and 'drain holes at the bottom'. That is a cylindrical feed/stem bag, and the catalogue dims agree (18 cm tall x 9 cm dia, 1 L). The Outpost line is mostly frame bags, which is why the line-majority heuristic flagged it, but framebag_half would be plainly wrong for a 1 L drawstring cylinder.",none,,TPU laminate (shiny welded),,,,,1,,,0,,0,,https://www.bellhelmets.com/product/outpost-carryall-bag/350170000100000058.html
Blackburn Design,Grid,Grid SL Frame Bag,SL,framebag_half,1.5,38,4.5,10,,unknown,,,none,,TPU laminate (shiny welded),zip,wedge,0,zip,1,,,1,Black,0,,https://www.bellhelmets.com/product/grid-sl-frame-bag/350170000100000082.html
Blackburn Design,Grid,Grid Handlebar Bag,std,barbag,2.5,24,10,12,,unknown,,,none,,TPU laminate (shiny welded),rolltop,cylindrical,2,,1,,,1,Black,0,,https://www.bellhelmets.com/product/grid-handlebar-bag/350170000100000078.html
Blackburn Design,Grid,Grid Seat Bag,Medium,saddlebag,0.55,15,7,8,,unknown,,,none,,TPU laminate (shiny welded),,,,,1,,,0,,0,,https://www.bellhelmets.com/product/grid-medium-seat-bag/350170000100000065.html
Blackburn Design,Grid,Grid Seat Bag,Large,saddlebag,0.9,18,8,10,,unknown,,,none,,TPU laminate (shiny welded),,,,,1,,,0,,0,,https://www.bellhelmets.com/product/grid-large-seat-bag/350170000100000066.html
Blackburn Design,Local,Trunk Bag,std,trunk,11,34,22,18,,unknown,,,none,,TPU laminate (shiny welded),zip,box,0,mesh zip,1,,,1,Black/Grey,0,,https://www.bellhelmets.com/product/local-trunk-bag/350170000100000031.html
Blackburn Design,Local,Saddle Bag,std,saddlebag,0.6,14,7,8,,unknown,,,none,,TPU laminate (shiny welded),,,,,1,,,0,,0,,https://www.bellhelmets.com/product/local-saddle-bag/350170000100000028.html
Blackburn Design,Local,Local Plus Top Tube Bag,std,toptube,1,20.3,7.6,8.9,,packed,Dimensions: 76 x 89 x 203mm; Weight: 125g; touchscreen-friendly top for a phone,"REAL ERROR, now maker-sourced. The record had no source at all (dims_source none) and carried 19 x 11 x 8, which is too short and too tall. Blackburn publishes 76 x 89 x 203mm: 203 is unambiguously the length, and of the remaining pair 89 is the height and 76 the width, the usual proportion for a phone-over-the-top-tube bag. The correction also clears the flag on its own - 20.3/8.9 = 2.28 now passes the 2.0 elongation rule where the stored figures gave 1.73. 20.3 x 8.9 x 7.6 = 1.37L against the stated 1L.",maker,,TPU laminate (shiny welded),,,,,1,,,0,,0,,https://www.bellhelmets.com/product/local-plus-top-tube-bag/350170000100000055.html
Blackburn Design,Local,Grocery Pannier,16L,pannier,16,30,15,38,,unknown,,,none,,TPU laminate (shiny welded),drawcord,box,0,,1,,,1,Black/Grey,0,,https://www.bellhelmets.com/product/local-grocery-bag/350170000100000026.html
Blackburn Design,Local,Rear Pannier,std,pannier,18,33,15,40,,unknown,,,none,,TPU laminate (shiny welded),rolltop,box,1,slip,1,,,1,Black/Grey,0,,https://www.bellhelmets.com/product/local-rear-pannier/350170000100000027.html
Topeak,Loader,BackLoader,6L,seatpack,6,50,15,16,,packed,"SIZE 50 (max) x 16 x 15 cm / 19.7"" (max) x 6.3"" x 5.9"" (6 L); 60 (max) x 20 x 18 cm (10 L); 67 (max) x 28 x 18 cm (15 L). CAPACITY 6 L / 366 ci, 10 L / 610 ci, 15L / 915 ci. MAX LOAD 5 kg / 11 lb",Topeak marks this length '(max)'. It is the length at the rated capacity rather than an empty unrolled figure - a tapered 16 x 15 cm cross-section over 50 cm works out at about the rated litres - so it is kept as the full-bag length. ART NO TBP-BL3B,maker,,Cordura (matte woven),rolltop,tapered,2,,1,,5 kg / 11 lb,2,Black #1c1c1e | Green #3f5a3a,4,"https://www.topeak.com/storage/app/media/product/bikepacking/backloader/backloader-15l.png | https://www.topeak.com/storage/app/media/product/bikepacking/barloader/features_distance2.jpg | https://www.topeak.com/storage/app/media/product/bikepacking/backloader/video-cover,jpg.jpg | https://www.topeak.com/storage/app/media/product/bikepacking/bikepacking_video.jpg",https://www.topeak.com/global/en/product/969-BACKLOADER
Topeak,Loader,BackLoader,10L,seatpack,10,60,18,20,,packed,"SIZE 50 (max) x 16 x 15 cm / 19.7"" (max) x 6.3"" x 5.9"" (6 L); 60 (max) x 20 x 18 cm (10 L); 67 (max) x 28 x 18 cm (15 L). CAPACITY 6 L / 366 ci, 10 L / 610 ci, 15L / 915 ci. MAX LOAD 5 kg / 11 lb",Topeak marks this length '(max)'. It is the length at the rated capacity rather than an empty unrolled figure - a tapered 20 x 18 cm cross-section over 60 cm works out at about the rated litres - so it is kept as the full-bag length. ART NO TBP-BL3B,maker,,Cordura (matte woven),rolltop,tapered,2,,1,,5 kg / 11 lb,2,Black #1c1c1e | Green #3f5a3a,4,"https://www.topeak.com/storage/app/media/product/bikepacking/backloader/backloader-15l.png | https://www.topeak.com/storage/app/media/product/bikepacking/barloader/features_distance2.jpg | https://www.topeak.com/storage/app/media/product/bikepacking/backloader/video-cover,jpg.jpg | https://www.topeak.com/storage/app/media/product/bikepacking/bikepacking_video.jpg",https://www.topeak.com/global/en/product/969-BACKLOADER
Topeak,Loader,BackLoader,15L,seatpack,15,67,18,28,,packed,"SIZE 50 (max) x 16 x 15 cm / 19.7"" (max) x 6.3"" x 5.9"" (6 L); 60 (max) x 20 x 18 cm (10 L); 67 (max) x 28 x 18 cm (15 L). CAPACITY 6 L / 366 ci, 10 L / 610 ci, 15L / 915 ci. MAX LOAD 5 kg / 11 lb",Topeak marks this length '(max)'. It is the length at the rated capacity rather than an empty unrolled figure - a tapered 28 x 18 cm cross-section over 67 cm works out at about the rated litres - so it is kept as the full-bag length. ART NO TBP-BL3B,maker,,Cordura (matte woven),rolltop,tapered,2,,1,,5 kg / 11 lb,2,Black #1c1c1e | Green #3f5a3a,4,"https://www.topeak.com/storage/app/media/product/bikepacking/backloader/backloader-15l.png | https://www.topeak.com/storage/app/media/product/bikepacking/barloader/features_distance2.jpg | https://www.topeak.com/storage/app/media/product/bikepacking/backloader/video-cover,jpg.jpg | https://www.topeak.com/storage/app/media/product/bikepacking/bikepacking_video.jpg",https://www.topeak.com/global/en/product/969-BACKLOADER
Topeak,Loader,BackLoader X,10L,seatpack,10,46,22,24,,packed,"SIZE 46 x 24 x 22 cm / 18.1"" x 9.4"" x 8.7"" (10 L); 51 x 24 x 22 cm / 20.1"" x 9.4"" x 8.7"" (15 L). CAPACITY 10 L / 610 ci, 15L / 915 ci. MAX LOAD 5 kg / 11 lb","no '(max)' qualifier on the X, unlike the standard BackLoader; these are the mounted dimensions. ART NO TBP-BLX3B",maker,,Cordura (matte woven),rolltop drybag in a holster,tapered,2,,1,,5 kg / 11 lb,3,Black #1c1c1e | Green #3f5a3a | Silver #b6b9bc,5,https://www.topeak.com/storage/app/media/product/bikepacking/backloader-x/black/TBP-BLX3B_main-2.png | https://www.topeak.com/storage/app/media/product/bikepacking/backloader-x/Features-air-release-valve.jpg | https://www.topeak.com/storage/app/media/product/bikepacking/backloader-x/Features-drybag.jpg | https://www.topeak.com/storage/app/media/product/bikepacking/backloader-x/Features-light-clip.jpg | https://www.topeak.com/storage/app/media/product/bikepacking/backloader-x/Features-size.jpg,https://www.topeak.com/global/en/product/1423-BACKLOADER-X
Topeak,Loader,BackLoader X,15L,seatpack,15,51,22,24,,packed,"SIZE 46 x 24 x 22 cm / 18.1"" x 9.4"" x 8.7"" (10 L); 51 x 24 x 22 cm / 20.1"" x 9.4"" x 8.7"" (15 L). CAPACITY 10 L / 610 ci, 15L / 915 ci. MAX LOAD 5 kg / 11 lb","no '(max)' qualifier on the X, unlike the standard BackLoader; these are the mounted dimensions. ART NO TBP-BLX3B",maker,,Cordura (matte woven),rolltop drybag in a holster,tapered,2,,1,,5 kg / 11 lb,3,Black #1c1c1e | Green #3f5a3a | Silver #b6b9bc,5,https://www.topeak.com/storage/app/media/product/bikepacking/backloader-x/black/TBP-BLX3B_main-2.png | https://www.topeak.com/storage/app/media/product/bikepacking/backloader-x/Features-air-release-valve.jpg | https://www.topeak.com/storage/app/media/product/bikepacking/backloader-x/Features-drybag.jpg | https://www.topeak.com/storage/app/media/product/bikepacking/backloader-x/Features-light-clip.jpg | https://www.topeak.com/storage/app/media/product/bikepacking/backloader-x/Features-size.jpg,https://www.topeak.com/global/en/product/1423-BACKLOADER-X
Topeak,DynaPack,DynaPack DX,9.7L,seatpack,9.7,45,23.3,24,,packed,Size 45 x 24 x 23.3 cm. Capacity 9.7 L. Max load capacity 4.5 kg. Weight 720 g. ART NO TC2713B2,"rigid seatpost-mounted pack, no roll closure, so the stated size is the mounted size",maker,,Cordura (matte woven),zippered,wedge,0,zip,1,,4.5 kg,1,Black #1c1c1e,5,https://www.topeak.com/storage/app/media/product/bags/seatpost-bags/dynapack-dx/TC2712B2_main-mnt.jpg | https://www.topeak.com/storage/app/media/product/bags/seatpost-bags/dynapack-dx/TC2713B2_main-expand.jpg | https://www.topeak.com/storage/app/media/product/bags/seatpost-bags/dynapack-dx/TC2713B2_main-open.jpg | https://www.topeak.com/storage/app/media/product/bags/seatpost-bags/dynapack-dx/TC2713B2_main.png | https://www.topeak.com/storage/app/media/product/bags/seatpost-bags/dynapack-dx/feature_compartment.jpg,https://www.topeak.com/global/en/product/1631-DYNAPACK-DX
Topeak,Loader,FrontLoader,12L,barroll,12,50,15,15,,packed,"SIZE 33 x 28.7 x 5 cm / 13"" x 11.3"" x 2"" (harness); 50 x 15 x 15 cm / 19.7"" X 5.9"" x 5.9"" (Waterproof Carry Bag). Capacity 12 L. Max load 5 kg / 11 lb","Topeak lists two sizes: the 33 x 28.7 x 5 cm harness and the 50 x 15 x 15 cm waterproof carry bag. dims_cm uses the carry bag, which is what is actually seen on the bars",maker,,Cordura (matte woven),rolltop drybag in a harness,cylindrical,2,,1,,5 kg / 11 lb,2,Black #1c1c1e | Green #3f5a3a,5,https://www.topeak.com/storage/app/media/product/bikepacking/frontloader-2019/Features-Rubberized-material.jpg | https://www.topeak.com/storage/app/media/product/bikepacking/frontloader-2019/Features-air-release-btn.jpg | https://www.topeak.com/storage/app/media/product/bikepacking/frontloader-2019/Features-rubber.jpg | https://www.topeak.com/storage/app/media/product/bikepacking/frontloader-2019/Features-strap.jpg | https://www.topeak.com/storage/app/media/product/bikepacking/frontloader-2019/TBP-FL2B_L-1.jpg,https://www.topeak.com/global/en/product/1290-FRONTLOADER
Topeak,Loader,BarLoader,6.5L,barbag,6.5,31,8.9,25.8,,packed,"SIZE 31 x 25.8 x 8.9 cm / 12.2"" x 10.2"" x 3.5"". CAPACITY 6.5 L / 395 ci. MAX LOAD 3 kg / 6.61 lb. WEIGHT 325 g (w/ inner bag). ART NO TBP-BRL1B","single stated size, no range",maker,,Cordura (matte woven),quick release buckles and hook and loop fastener,cylindrical,2,,1,,3 kg / 6.61 lb,2,Black #1c1c1e | Green #3f5a3a,5,https://www.topeak.com/storage/app/media/product/bikepacking/barloader/Features-innerbag.jpg | https://www.topeak.com/storage/app/media/product/bikepacking/barloader/Features-mnt.jpg | https://www.topeak.com/storage/app/media/product/bikepacking/barloader/Features-strap.jpg | https://www.topeak.com/storage/app/media/product/bikepacking/barloader/TBP-BRL1B_L-1.jpg | https://www.topeak.com/storage/app/media/product/bikepacking/barloader/TBP-BRL1B_back.jpg,https://www.topeak.com/global/en/product/1301-BARLOADER
Topeak,Tubular,Tubular BarBag,3.8L,barbag,3.8,23,,,14,packed,SIZE 23 x ø14 cm. CAPACITY 3.8 L. MAX LOAD 3 kg. WEIGHT 258 g. ART NO TC2312B,cylinder quoted as length x diameter,maker,,Cordura (matte woven),zippered,cylinder,2,mesh mesh,1,,3 kg,2,Black #1c1c1e | Green #3f5a3a,5,https://www.topeak.com/storage/app/media/product/bags/handlebar-bags/tubular-barbag/TC2312B_main-L1.jpg | https://www.topeak.com/storage/app/media/product/bags/handlebar-bags/tubular-barbag/TC2312B_main-L2.jpg | https://www.topeak.com/storage/app/media/product/bags/handlebar-bags/tubular-barbag/Features-3position.jpg | https://www.topeak.com/storage/app/media/product/bags/handlebar-bags/tubular-barbag/Features-strap.jpg | https://www.topeak.com/storage/app/media/product/bags/handlebar-bags/tubular-barbag/Features-zig_molle.jpg,https://www.topeak.com/global/en/product/1550-TUBULAR-BARBAG
Topeak,Tubular,Tubular BarBag Slim,1.5L,barbag,1.5,19,,,10,packed,SIZE 19 x ø10 cm. CAPACITY 1.5 L. MAX LOAD 1.5 kg. WEIGHT 94 g. ART NO TC2328G,cylinder quoted as length x diameter,maker,,Cordura (matte woven),zippered,cylinder,2,,1,,1.5 kg,1,Black #1c1c1e,5,https://www.topeak.com/storage/app/media/product/bags/handlebar-bags/tubular-barbag-slim/TC2328G_main-L1.jpg | https://www.topeak.com/storage/app/media/product/bags/handlebar-bags/tubular-barbag-slim/TC2328G_main-L2.jpg | https://www.topeak.com/storage/app/media/product/bags/handlebar-bags/tubular-barbag-slim/TC2328G_main-b.jpg | https://www.topeak.com/storage/app/media/product/bags/handlebar-bags/tubular-barbag-slim/TC2328G_main-f.jpg | https://www.topeak.com/storage/app/media/product/bags/handlebar-bags/tubular-barbag-slim/Features-molly.jpg,https://www.topeak.com/global/en/product/1621-TUBULAR-BARBAG-slim
Topeak,Loader,MidLoader,3L,framebag_half,3,37.5,6,12,,packed,"SIZE 37.5 x 12 x 6 cm / 14.8"" x 4.7"" x 2.4"" (3 L); 46 x 12 x 6 cm (4.5 L); 54.5 x 13.5 x 6 cm (6 L). Capacity 3 L / 183 ci, 4.5 L / 275 ci, 6 L / 366 ci. Max Load 6.5 kg / 14.33 lb","Topeak also gives the tapered outline: L1 (top) 37.5 cm, L2 (bottom) 28 cm, H 12 cm. ART NO TBP-ML6B",maker,,Cordura (matte woven),zippered,"half frame, tapered",0,zip zip,1,,6.5 kg / 14.33 lb,2,Black #1c1c1e | Green #3f5a3a,5,https://www.topeak.com/storage/app/media/product/bikepacking/midloader/midloader-6-2.jpg | https://www.topeak.com/storage/app/media/product/bikepacking/midloader/midloader-6.png | https://www.topeak.com/storage/app/media/product/bikepacking/midloader/midloader-L1.jpg | https://www.topeak.com/storage/app/media/product/bikepacking/midloader/midloader-L2.jpg | https://www.topeak.com/storage/app/media/product/bikepacking/bikepacking_video.jpg,https://www.topeak.com/global/en/product/967-MIDLOADER
Topeak,Loader,MidLoader,4.5L,framebag_half,4.5,46,6,12,,packed,"SIZE 37.5 x 12 x 6 cm / 14.8"" x 4.7"" x 2.4"" (3 L); 46 x 12 x 6 cm (4.5 L); 54.5 x 13.5 x 6 cm (6 L). Capacity 3 L / 183 ci, 4.5 L / 275 ci, 6 L / 366 ci. Max Load 6.5 kg / 14.33 lb","Topeak also gives the tapered outline: L1 (top) 46 cm, L2 (bottom) 36 cm, H 12 cm. ART NO TBP-ML6B",maker,,Cordura (matte woven),zippered,"half frame, tapered",0,zip zip,1,,6.5 kg / 14.33 lb,2,Black #1c1c1e | Green #3f5a3a,5,https://www.topeak.com/storage/app/media/product/bikepacking/midloader/midloader-6-2.jpg | https://www.topeak.com/storage/app/media/product/bikepacking/midloader/midloader-6.png | https://www.topeak.com/storage/app/media/product/bikepacking/midloader/midloader-L1.jpg | https://www.topeak.com/storage/app/media/product/bikepacking/midloader/midloader-L2.jpg | https://www.topeak.com/storage/app/media/product/bikepacking/bikepacking_video.jpg,https://www.topeak.com/global/en/product/967-MIDLOADER
Topeak,Loader,MidLoader,6L,framebag_half,6,54.5,6,13.5,,packed,"SIZE 37.5 x 12 x 6 cm / 14.8"" x 4.7"" x 2.4"" (3 L); 46 x 12 x 6 cm (4.5 L); 54.5 x 13.5 x 6 cm (6 L). Capacity 3 L / 183 ci, 4.5 L / 275 ci, 6 L / 366 ci. Max Load 6.5 kg / 14.33 lb","Topeak also gives the tapered outline: L1 (top) 54.5 cm, L2 (bottom) 44 cm, H 13.5 cm. ART NO TBP-ML6B",maker,,Cordura (matte woven),zippered,"half frame, tapered",0,zip zip,1,,6.5 kg / 14.33 lb,2,Black #1c1c1e | Green #3f5a3a,5,https://www.topeak.com/storage/app/media/product/bikepacking/midloader/midloader-6-2.jpg | https://www.topeak.com/storage/app/media/product/bikepacking/midloader/midloader-6.png | https://www.topeak.com/storage/app/media/product/bikepacking/midloader/midloader-L1.jpg | https://www.topeak.com/storage/app/media/product/bikepacking/midloader/midloader-L2.jpg | https://www.topeak.com/storage/app/media/product/bikepacking/bikepacking_video.jpg,https://www.topeak.com/global/en/product/967-MIDLOADER
Topeak,Loader,MidLoader DryBag,S 2L,framebag_half,2,30.3,6,12.9,,packed,"Size 30.3 x 12.9 x 6 cm (S); 48 x 13.2 x 6 cm / body: 45 x 13.2 x 6 cm (M); 56.5 x 15 x 6 cm / body: 52.5 x 15 x 6 cm (L). Capacity 2L / 3L / 4.5L. Max load 2 kg (S), 3 kg (M), 4 kg (L)",no separate body figure published for the S. ART NO TBP-MD3B,maker,,Cordura (matte woven),rolltop,half frame,0,,1,,2 kg,1,Black #1c1c1e,5,https://www.topeak.com/storage/app/media/product/bikepacking/midloader-drybag/TBP-MD3B_main-L.jpg | https://www.topeak.com/storage/app/media/product/bikepacking/midloader-drybag/TBP-MD3B_main-b.png | https://www.topeak.com/storage/app/media/product/bikepacking/midloader-drybag/TBP-MD3B_main-mnt.jpg | https://www.topeak.com/storage/app/media/product/bikepacking/midloader-drybag/TBP-MD3B_main-side.jpg | https://www.topeak.com/storage/app/media/product/bikepacking/midloader-drybag/slider-L-2.jpg,https://www.topeak.com/global/en/product/1842-MIDLOADER-DRYBAG
Topeak,Loader,MidLoader DryBag,M 3L,framebag_half,3,45,6,13.2,,packed,"Size 30.3 x 12.9 x 6 cm (S); 48 x 13.2 x 6 cm / body: 45 x 13.2 x 6 cm (M); 56.5 x 15 x 6 cm / body: 52.5 x 15 x 6 cm (L). Capacity 2L / 3L / 4.5L. Max load 2 kg (S), 3 kg (M), 4 kg (L)",45 cm is Topeak's own 'body' figure; the 48 cm overall includes the roll/strap tabs. ART NO TBP-MD3B,maker,,Cordura (matte woven),rolltop,half frame,0,slip,1,,3 kg,1,Black #1c1c1e,5,https://www.topeak.com/storage/app/media/product/bikepacking/midloader-drybag/TBP-MD3B_main-L.jpg | https://www.topeak.com/storage/app/media/product/bikepacking/midloader-drybag/TBP-MD3B_main-b.png | https://www.topeak.com/storage/app/media/product/bikepacking/midloader-drybag/TBP-MD3B_main-mnt.jpg | https://www.topeak.com/storage/app/media/product/bikepacking/midloader-drybag/TBP-MD3B_main-side.jpg | https://www.topeak.com/storage/app/media/product/bikepacking/midloader-drybag/slider-L-2.jpg,https://www.topeak.com/global/en/product/1842-MIDLOADER-DRYBAG
Topeak,Loader,MidLoader DryBag,L 4.5L,framebag_half,4.5,52.5,6,15,,packed,"Size 30.3 x 12.9 x 6 cm (S); 48 x 13.2 x 6 cm / body: 45 x 13.2 x 6 cm (M); 56.5 x 15 x 6 cm / body: 52.5 x 15 x 6 cm (L). Capacity 2L / 3L / 4.5L. Max load 2 kg (S), 3 kg (M), 4 kg (L)",52.5 cm is Topeak's own 'body' figure; the 56.5 cm overall includes the roll/strap tabs. ART NO TBP-MD3B,maker,,Cordura (matte woven),rolltop,half frame,0,slip,1,,4 kg,1,Black #1c1c1e,5,https://www.topeak.com/storage/app/media/product/bikepacking/midloader-drybag/TBP-MD3B_main-L.jpg | https://www.topeak.com/storage/app/media/product/bikepacking/midloader-drybag/TBP-MD3B_main-b.png | https://www.topeak.com/storage/app/media/product/bikepacking/midloader-drybag/TBP-MD3B_main-mnt.jpg | https://www.topeak.com/storage/app/media/product/bikepacking/midloader-drybag/TBP-MD3B_main-side.jpg | https://www.topeak.com/storage/app/media/product/bikepacking/midloader-drybag/slider-L-2.jpg,https://www.topeak.com/global/en/product/1842-MIDLOADER-DRYBAG
Topeak,Loader,TopLoader,1L,toptube,1,23.5,7,12,,packed,"SIZE 23.5 x 12 x 7 cm / 9.3"" x 4.7"" x 2.8"". capacity 1 L. ART NO TBP-TL1B",single stated size,maker,,Cordura (matte woven),zippered,,,,1,,,2,Black #1c1c1e | Green #3f5a3a,5,https://www.topeak.com/storage/app/media/product/bikepacking/toploader/toploader-2.jpg | https://www.topeak.com/storage/app/media/product/bikepacking/toploader/toploader-3.jpg | https://www.topeak.com/storage/app/media/product/bikepacking/toploader/toploader-lifestyle-2.jpg | https://www.topeak.com/storage/app/media/product/bikepacking/toploader/toploader-lifestyle.jpg | https://www.topeak.com/storage/app/media/product/bikepacking/toploader/toploader.png,https://www.topeak.com/global/en/product/966-TOPLOADER
Topeak,Loader,TopLoader DryBag,1L,toptube,1,24,6,10,,packed,Size 24 x 10 x 6 cm. Capacity 1 L. Weight 121 g. ART NO TC3203B,single stated size,maker,,Cordura (matte woven),rolltop,,,,1,,,1,Black #1c1c1e,5,https://www.topeak.com/storage/app/media/product/bikepacking/toploader-drybag/TC3203B_main-2.jpg | https://www.topeak.com/storage/app/media/product/bikepacking/toploader-drybag/TC3203B_main-2.png | https://www.topeak.com/storage/app/media/product/bikepacking/toploader-drybag/slider-1.jpg | https://www.topeak.com/storage/app/media/product/bikepacking/toploader-drybag/slider-2.jpg | https://www.topeak.com/storage/app/media/product/bikepacking/toploader-drybag/slider-w.jpg,https://www.topeak.com/global/en/product/1711-TOPLOADER-DRYBAG
Topeak,Loader,TopLoader DryShell,1L,toptube,1,24,6.3,10.5,,packed,"Size 24 x 10.5 x 6.3 cm. Capacity 1 L. Weight 148 g. Fits smartphones up to 6.9"" (16.3 x 7.7cm). ART NO TC3205B",single stated size,maker,,Cordura (matte woven),rolltop,,,,1,,,1,Black #1c1c1e,5,https://www.topeak.com/storage/app/media/product/bags/top-tube-bags/toploader-dryshell/TC3205B_main-2.png | https://www.topeak.com/storage/app/media/product/bags/top-tube-bags/toploader-dryshell/TC3205B_main-cable.jpg | https://www.topeak.com/storage/app/media/product/bags/top-tube-bags/toploader-dryshell/TC3205B_main-open.jpg | https://www.topeak.com/storage/app/media/product/bags/top-tube-bags/toploader-dryshell/TC3205B_main-side.jpg | https://www.topeak.com/storage/app/media/product/bags/top-tube-bags/toploader-dryshell/feature-open.jpg,https://www.topeak.com/global/en/product/1843-TOPLOADER-DRYSHELL
Topeak,FastFuel,FastFuel Bag Bolt-On,0.5L,toptube,0.5,18.7,4,8.2,,packed,"SIZE 18.7 x 8.2 x 4 cm / 7.4"" x 3.2"" x 1.6"". CAPACITY 0.5 L. WEIGHT 70 g. ART NO TC2313B",single stated size,maker,,Cordura (matte woven),zippered,,,,1,,,1,Black #1c1c1e,5,https://www.topeak.com/storage/app/media/product/bags/top-tube-bags/fastfuel-bag-bolt-on/TC2313B_main-L1.jpg | https://www.topeak.com/storage/app/media/product/bags/top-tube-bags/fastfuel-bag-bolt-on/TC2313B_main-tb.jpg | https://www.topeak.com/storage/app/media/product/bags/top-tube-bags/fastfuel-bag-bolt-on/TC2313B_main.png | https://www.topeak.com/storage/app/media/product/bags/top-tube-bags/fastfuel-bag-bolt-on/Features-cable.jpg | https://www.topeak.com/storage/app/media/product/bags/top-tube-bags/fastfuel-bag-bolt-on/Features-mnt-bosses.jpg,https://www.topeak.com/global/en/product/1551-FASTFUEL-BAG-bolt-on
Topeak,FastFuel,FastFuel DryBag II,0.8L,toptube,0.8,25.6,5.3,8.1,,packed,Size 25.6 x 8.1 x 5.3 cm. Capacity 0.8 L. Weight 112 g. ART NO TC3202B,single stated size,maker,,Cordura (matte woven),rolltop,,,,1,,,1,Black #1c1c1e,5,https://www.topeak.com/storage/app/media/product/bags/top-tube-bags/fastfuel-drybag-II/TC3202B_main-2.jpg | https://www.topeak.com/storage/app/media/product/bags/top-tube-bags/fastfuel-drybag-II/TC3202B_main.png | https://www.topeak.com/storage/app/media/product/bags/top-tube-bags/fastfuel-drybag-II/Features-bolt-on.jpg | https://www.topeak.com/storage/app/media/product/bags/top-tube-bags/fastfuel-drybag-II/Features-strap.jpg | https://www.topeak.com/storage/app/media/product/bags/top-tube-bags/fastfuel-drybag-II/slider-1.jpg,https://www.topeak.com/global/en/product/1712-FASTFUEL-DRYBAG-II
Topeak,Loader,FreeLoader,1L,stembag,1,,,17,9.5,packed,"SIZE 17 x ø9.5 cm / 6.7"" x ø3.7"". CAPACITY 1 L / 60 ci. MAX LOAD 1 kg / 2.20 lb. WEIGHT 125 g. ART NO TBP-FRL1B",cylindrical stem bag quoted as height x diameter,maker,,Cordura (matte woven),cinch,cylinder,,mesh,1,,1 kg / 2.20 lb,2,Black #1c1c1e | Green #3f5a3a,5,https://www.topeak.com/storage/app/media/product/bikepacking/freeloader.jpg | https://www.topeak.com/storage/app/media/product/bikepacking/freeloader/Features-bottle.jpg | https://www.topeak.com/storage/app/media/product/bikepacking/freeloader/Features-mesh-pockets.jpg | https://www.topeak.com/storage/app/media/product/bikepacking/freeloader/Features-washable.jpg | https://www.topeak.com/storage/app/media/product/bikepacking/freeloader/Features-water-drain.jpg,https://www.topeak.com/global/en/product/1300-FREELOADER
Topeak,DryBag,Fork DryBag,4L,forkbag,4,38,12.8,13,,packed,Size 38 x 13 x 12.8 cm. Capacity 4 L. Max load 3 kg. Weight 123 g. ART NO TC3705B,single stated size,maker,,Cordura (matte woven),rolltop,,,,1,,3 kg,1,Black #1c1c1e,5,https://www.topeak.com/storage/app/media/product/bags/fork-bags/fork-drybag-4l/TC3705B_main-L1.jpg | https://www.topeak.com/storage/app/media/product/bags/fork-bags/fork-drybag-4l/TC3705B_main-L2.jpg | https://www.topeak.com/storage/app/media/product/bags/fork-bags/fork-drybag-4l/TC3705B_main.png | https://www.topeak.com/storage/app/media/product/bags/fork-bags/fork-drybag-4l/feature-air-release.jpg | https://www.topeak.com/storage/app/media/product/bags/fork-bags/fork-drybag-4l/feature-take.jpg,https://www.topeak.com/global/en/product/1746-FORK-DRYBAG-4L
Topeak,DryBag,QR Fork DryBag Bolt-On,5.8L,forkbag,5.8,43.5,16,18,,packed,Size 43.5 x 18 x 16 cm. Capacity 5.8 L. Max load 3 kg. Weight 272 g. ART NO TC3703B,single stated size,maker,,Cordura (matte woven),rolltop,,,,1,,3 kg,1,Black #1c1c1e,5,https://www.topeak.com/storage/app/media/product/bags/fork-bags/qr-frok-drybag/TC3703B_main-2.png | https://www.topeak.com/storage/app/media/product/bags/fork-bags/qr-frok-drybag/TC3703B_main-L-2.jpg | https://www.topeak.com/storage/app/media/product/bags/fork-bags/qr-frok-drybag/TC3703B_main-back-2.jpg | https://www.topeak.com/storage/app/media/product/bags/fork-bags/qr-frok-drybag/features-air.jpg | https://www.topeak.com/storage/app/media/product/bags/fork-bags/qr-frok-drybag/features-take.jpg,https://www.topeak.com/global/en/product/1744-QR-FORK-DRYBAG-5.8L-Bolt-on
Topeak,Wedge,Aero Wedge Pack (strap),Micro,saddlebag,0.41,16,7.5,8,,packed,"Size 16 x 8 x 7.5 cm (Micro); 18 x 11 x 8.5 cm (Small); 20 x 12 x 11 cm (Medium); 23 x 14 x 13 cm (Large). Capacity 0.41 L (Micro), 0.66 L (Small), 0.98 - 1.31 L (Medium), 1.48 - 1.97 L (Large). ART NO TC2261B",single stated size per option,maker,,Cordura (matte woven),zippered,wedge,,,1,,,1,Black #1c1c1e,5,https://www.topeak.com/storage/app/media/product/bags/saddle-bags/aerowedge-pack-strapmount/2020-10/TC2261B_main.png | https://www.topeak.com/storage/app/media/product/bags/saddle-bags/aerowedge-pack-strapmount/2020-10/Features-expand.jpg | https://www.topeak.com/storage/app/media/product/bags/saddle-bags/aerowedge-pack-strapmount/2020-10/Features-light.jpg | https://www.topeak.com/storage/app/media/product/bags/saddle-bags/aerowedge-pack-strapmount/2020-10/Features-open.jpg | https://www.topeak.com/storage/app/media/product/bags/saddle-bags/aerowedge-pack-strapmount/2020-10/Features-reflection.jpg,https://www.topeak.com/global/en/product/129-AERO-WEDGE-PACK
Topeak,Wedge,Aero Wedge Pack (strap),Small,saddlebag,0.66,18,8.5,11,,packed,"Size 16 x 8 x 7.5 cm (Micro); 18 x 11 x 8.5 cm (Small); 20 x 12 x 11 cm (Medium); 23 x 14 x 13 cm (Large). Capacity 0.41 L (Micro), 0.66 L (Small), 0.98 - 1.31 L (Medium), 1.48 - 1.97 L (Large). ART NO TC2261B",single stated size per option,maker,,Cordura (matte woven),zippered,wedge,,,1,,,1,Black #1c1c1e,5,https://www.topeak.com/storage/app/media/product/bags/saddle-bags/aerowedge-pack-strapmount/2020-10/TC2261B_main.png | https://www.topeak.com/storage/app/media/product/bags/saddle-bags/aerowedge-pack-strapmount/2020-10/Features-expand.jpg | https://www.topeak.com/storage/app/media/product/bags/saddle-bags/aerowedge-pack-strapmount/2020-10/Features-light.jpg | https://www.topeak.com/storage/app/media/product/bags/saddle-bags/aerowedge-pack-strapmount/2020-10/Features-open.jpg | https://www.topeak.com/storage/app/media/product/bags/saddle-bags/aerowedge-pack-strapmount/2020-10/Features-reflection.jpg,https://www.topeak.com/global/en/product/129-AERO-WEDGE-PACK
Topeak,Wedge,Aero Wedge Pack (strap),Medium,saddlebag,1.31,20,11,12,,packed,"Size 16 x 8 x 7.5 cm (Micro); 18 x 11 x 8.5 cm (Small); 20 x 12 x 11 cm (Medium); 23 x 14 x 13 cm (Large). Capacity 0.41 L (Micro), 0.66 L (Small), 0.98 - 1.31 L (Medium), 1.48 - 1.97 L (Large). ART NO TC2261B",capacity is a range because the bag expands via a zipped gusset; the stated size is the expanded size,maker,,Cordura (matte woven),zippered,wedge,,,1,,,1,Black #1c1c1e,5,https://www.topeak.com/storage/app/media/product/bags/saddle-bags/aerowedge-pack-strapmount/2020-10/TC2261B_main.png | https://www.topeak.com/storage/app/media/product/bags/saddle-bags/aerowedge-pack-strapmount/2020-10/Features-expand.jpg | https://www.topeak.com/storage/app/media/product/bags/saddle-bags/aerowedge-pack-strapmount/2020-10/Features-light.jpg | https://www.topeak.com/storage/app/media/product/bags/saddle-bags/aerowedge-pack-strapmount/2020-10/Features-open.jpg | https://www.topeak.com/storage/app/media/product/bags/saddle-bags/aerowedge-pack-strapmount/2020-10/Features-reflection.jpg,https://www.topeak.com/global/en/product/129-AERO-WEDGE-PACK
Topeak,Wedge,Aero Wedge Pack (strap),Large,saddlebag,1.97,23,13,14,,packed,"Size 16 x 8 x 7.5 cm (Micro); 18 x 11 x 8.5 cm (Small); 20 x 12 x 11 cm (Medium); 23 x 14 x 13 cm (Large). Capacity 0.41 L (Micro), 0.66 L (Small), 0.98 - 1.31 L (Medium), 1.48 - 1.97 L (Large). ART NO TC2261B",capacity is a range because the bag expands via a zipped gusset; the stated size is the expanded size,maker,,Cordura (matte woven),zippered,wedge,,,1,,,1,Black #1c1c1e,5,https://www.topeak.com/storage/app/media/product/bags/saddle-bags/aerowedge-pack-strapmount/2020-10/TC2261B_main.png | https://www.topeak.com/storage/app/media/product/bags/saddle-bags/aerowedge-pack-strapmount/2020-10/Features-expand.jpg | https://www.topeak.com/storage/app/media/product/bags/saddle-bags/aerowedge-pack-strapmount/2020-10/Features-light.jpg | https://www.topeak.com/storage/app/media/product/bags/saddle-bags/aerowedge-pack-strapmount/2020-10/Features-open.jpg | https://www.topeak.com/storage/app/media/product/bags/saddle-bags/aerowedge-pack-strapmount/2020-10/Features-reflection.jpg,https://www.topeak.com/global/en/product/129-AERO-WEDGE-PACK
Topeak,Wedge,Wedge DryBag,S,saddlebag,0.6,15,9,9,,packed,"Size 15 x 9 x 9 cm (Small); 18.5 x 11.5 x 11 cm (Medium); 23 x 13 x 11 cm (Large). Capacity 0.6 L (Small), 1 L (Medium), 1.5 L (Large)","ART NO TT9822B, QuickClick (F25) saddle mount version",maker,,Cordura (matte woven),rolltop,wedge,,,1,,,1,Black #1c1c1e,5,https://www.topeak.com/storage/app/media/product/bags/saddle-bags/wedge-drybag-quickclick/Features-1.jpg | https://www.topeak.com/storage/app/media/product/bags/saddle-bags/wedge-drybag-quickclick/Features-2.jpg | https://www.topeak.com/storage/app/media/product/bags/saddle-bags/wedge-drybag-quickclick/Features-3.jpg | https://www.topeak.com/storage/app/media/product/bags/saddle-bags/wedge-drybag-quickclick/Features-f25.jpg | https://www.topeak.com/storage/app/media/product/bags/saddle-bags/wedge-drybag-quickclick/p-1.jpg,https://www.topeak.com/global/en/product/328-WEDGE-DRYBAG
Topeak,Wedge,Wedge DryBag,M,saddlebag,1,18.5,11,11.5,,packed,"Size 15 x 9 x 9 cm (Small); 18.5 x 11.5 x 11 cm (Medium); 23 x 13 x 11 cm (Large). Capacity 0.6 L (Small), 1 L (Medium), 1.5 L (Large)","ART NO TT9822B, QuickClick (F25) saddle mount version",maker,,Cordura (matte woven),rolltop,wedge,,,1,,,1,Black #1c1c1e,5,https://www.topeak.com/storage/app/media/product/bags/saddle-bags/wedge-drybag-quickclick/Features-1.jpg | https://www.topeak.com/storage/app/media/product/bags/saddle-bags/wedge-drybag-quickclick/Features-2.jpg | https://www.topeak.com/storage/app/media/product/bags/saddle-bags/wedge-drybag-quickclick/Features-3.jpg | https://www.topeak.com/storage/app/media/product/bags/saddle-bags/wedge-drybag-quickclick/Features-f25.jpg | https://www.topeak.com/storage/app/media/product/bags/saddle-bags/wedge-drybag-quickclick/p-1.jpg,https://www.topeak.com/global/en/product/328-WEDGE-DRYBAG
Topeak,Wedge,Wedge DryBag,L,saddlebag,1.5,23,11,13,,packed,"Size 15 x 9 x 9 cm (Small); 18.5 x 11.5 x 11 cm (Medium); 23 x 13 x 11 cm (Large). Capacity 0.6 L (Small), 1 L (Medium), 1.5 L (Large)","ART NO TT9817B, strap mount version; the Large weighs 245 g on this page against 235 g on the QuickClick page",maker,,Cordura (matte woven),rolltop,wedge,,,1,,,1,Black #1c1c1e,5,https://www.topeak.com/storage/app/media/product/bags/saddle-bags/wedge-drybag-strapmount/Features-1_b.jpg | https://www.topeak.com/storage/app/media/product/bags/saddle-bags/wedge-drybag-strapmount/Features-2_b.jpg | https://www.topeak.com/storage/app/media/product/bags/saddle-bags/wedge-drybag-strapmount/Features-3_b.jpg | https://www.topeak.com/storage/app/media/product/bags/saddle-bags/wedge-drybag-strapmount/Features-4_b.jpg | https://www.topeak.com/storage/app/media/product/bags/saddle-bags/wedge-drybag-strapmount/p-1.jpg,https://www.topeak.com/global/en/product/329-WEDGE-DRYBAG
Topeak,Burrito,Burrito Pack,std,saddlebag,,15,2,10.5,,packed,"SIZE 15 x 10.5 x 2 cm / 5.9"" x 4.1"" x 0.8"". WEIGHT 91 g. ART NO TC2308B","wrap-style tool roll; fits inner tubes 26"" x 1.75 - 29"" x 2.35 and 700c",maker,,Cordura (matte woven),roll/wrap with secure strap,,,,1,,,1,Black #1c1c1e,0,,https://www.topeak.com/global/en/product/1283-BURRITO-PACK
Topeak,DryBag,Pannier DryBag,16L,pannier,16,26,15,45,,packed,"SIZE 45 x 26 x 15 / 17.7"" x 10.2"" x 5.9"" (16 L / Closure); 47 x 31.3 x 15 / 18.5"" x 12.3"" x 5.9"" (24 L / Closure). CAPACITY 16 L (per single bag), 24 L (per single bag)","Topeak qualifies these '/ Closure', i.e. measured rolled shut, so they are already the packed figures. On a pannier the largest number is the height, not the length. Capacity is per single bag. ART NO TT9860B",maker,,Cordura (matte woven),rolltop,box,0,,1,,,1,Black #1c1c1e,5,https://www.topeak.com/storage/app/media/product/bags/rear-rack-bags/pannier-drybag/TT9860B_main.png | https://www.topeak.com/storage/app/media/product/bags/rear-rack-bags/pannier-drybag/TT9860B_TT9861B_loc-system.jpg | https://www.topeak.com/storage/app/media/product/bags/rear-rack-bags/pannier-drybag/TT9860B_back.jpg | https://www.topeak.com/storage/app/media/product/bags/rear-rack-bags/pannier-drybag/TT9860B_front.jpg | https://www.topeak.com/storage/app/media/product/bags/rear-rack-bags/pannier-drybag/TT9860B_size.jpg,https://www.topeak.com/global/en/product/1327-PANNIER-DRYBAG
Topeak,DryBag,Pannier DryBag,24L,pannier,24,31.3,15,47,,packed,"SIZE 45 x 26 x 15 / 17.7"" x 10.2"" x 5.9"" (16 L / Closure); 47 x 31.3 x 15 / 18.5"" x 12.3"" x 5.9"" (24 L / Closure). CAPACITY 16 L (per single bag), 24 L (per single bag)","Topeak qualifies these '/ Closure', i.e. measured rolled shut, so they are already the packed figures. On a pannier the largest number is the height, not the length. Capacity is per single bag. ART NO TT9860B",maker,,Cordura (matte woven),rolltop,box,0,,1,,,1,Black #1c1c1e,5,https://www.topeak.com/storage/app/media/product/bags/rear-rack-bags/pannier-drybag/TT9860B_main.png | https://www.topeak.com/storage/app/media/product/bags/rear-rack-bags/pannier-drybag/TT9860B_TT9861B_loc-system.jpg | https://www.topeak.com/storage/app/media/product/bags/rear-rack-bags/pannier-drybag/TT9860B_back.jpg | https://www.topeak.com/storage/app/media/product/bags/rear-rack-bags/pannier-drybag/TT9860B_front.jpg | https://www.topeak.com/storage/app/media/product/bags/rear-rack-bags/pannier-drybag/TT9860B_size.jpg,https://www.topeak.com/global/en/product/1327-PANNIER-DRYBAG
Topeak,MTX 2.0,MTX TrunkBag DX,12.3L,trunk,12.3,36,23.8,25,,unrolled,Size 36 x 25 x 21.5-29 cm. Capacity 12.3 L. Weight 970 g. ART NO TT9648B2,the 21.5-29 cm width is a range because the DX has fold-out side panniers; packed wid = 21.5 + 0.3*(29-21.5) = 23.8 cm rather than the 29 cm fully-deployed maximum,maker,,Cordura (matte woven),zippered,box,0,zip zip mesh slip,1,,limited to the rack's maximum load rating,1,Black #1c1c1e,1,https://www.topeak.com/storage/app/media/product/bags/rear-rack-bags/MTX/feature-quicktrack-system_2.jpg,https://www.topeak.com/global/en/product/1686-MTX-TRUNKBAG-DX-(MTX-2.0)
Topeak,DryBag,RackLoader DryBag,12L,trunk,12,41,16.5,22,,packed,Size 41 x 22 x 16.5 cm. Capacity 12 L. Weight 362 g (bag) + 47 g x2 (straps). ART NO TC5103B,single stated size,maker,,Cordura (matte woven),rolltop,cylindrical,2,,1,,,1,Black #1c1c1e,5,https://www.topeak.com/storage/app/media/product/bags/rear-rack-bags/rackloader-drybag/TC5103B_main-parts-2.jpg | https://www.topeak.com/storage/app/media/product/bags/rear-rack-bags/rackloader-drybag/TC5103B_main-t-b.jpg | https://www.topeak.com/storage/app/media/product/bags/rear-rack-bags/rackloader-drybag/TC5103B_main.png | https://www.topeak.com/storage/app/media/product/bags/rear-rack-bags/rackloader-drybag/features_strap.jpg | https://www.topeak.com/storage/app/media/product/bags/rear-rack-bags/rackloader-drybag/festures_roll-top.jpg,https://www.topeak.com/global/en/product/1845-RACKLOADER-DRYBAG
Brooks England,Scape,Seat Bag,8L,seatpack,8,46,14,18,,unrolled,Height 180 mm / Length 140 mm / Width 400-600 mm / Capacity 8 L / Max load 3 kg / Weight 500 g,the 400-600 mm figure is the roll range along the bag's length; packed len = 40 + 0.3*(60-40) = 46 cm. Brooks labels its spec table Height/Length/Width but does not use them consistently across models; axes here are assigned so that len x hgt x wid reconciles with the stated litre figure,maker,,waxed canvas + leather (heritage line),rolltop,tapered,2,,1,,,2,Black #1c1c1e | Mud Green #55584a,6,https://cdn.shopify.com/s/files/1/0982/8365/1456/files/814b06e02a58e218b5ce23ed15584067c0cb74ac_BSB03PLA00000_BSB03PLA00000_Brooks_England_1_seat_bag_black_scape_bike_bags_front.jpg | https://cdn.shopify.com/s/files/1/0982/8365/1456/files/ea1d419c4448d400a3c755eae99d4600c8fed856_BSB03PLA00000_BSB03PLA00000_Brooks_England_2_seat_bag_black_scape_bike_bags_bottom.jpg | https://cdn.shopify.com/s/files/1/0982/8365/1456/files/9b69706b51b06d8f24c3791357863589e9885eb3_BSB03PLA00000_BSB03PLA00000_Brooks_England_3_seat_bag_black_scape_bike_bags_top.jpg | https://cdn.shopify.com/s/files/1/0982/8365/1456/files/051151539d6aa5bfcaded2b6cf4bad20f7c52b74_BSB03PLA00401_BSB03PLA00401_Brooks_England_1_seat_bag_mud_green_scape_bike_bags_front.jpg | https://cdn.shopify.com/s/files/1/0982/8365/1456/files/9424019cab96209dc082528f9a7f2cde2230d19d_BSB03PLA00401_BSB03PLA00401_Brooks_England_2_seat_bag_mud_green_scape_bike_bags_bottom.jpg | https://cdn.shopify.com/s/files/1/0982/8365/1456/files/cc0ac29e206de5505fb4d2cb02346f54a6ce4404_BSB03PLA00401_BSB03PLA00401_Brooks_England_3_seat_bag_mud_green_scape_bike_bags_top.jpg,https://www.brooksengland.com/en-us/products/scape-seat-bag-black-bsb03pla00000
Brooks England,Scape,Saddle Roll Bag,1L,saddlebag,1,18.6,10,10,,unrolled,Height 100 mm / Length 100 mm / Width 320 mm / Capacity 1 L / Weight 75 g,"320 mm against a stated 1 L and a 100x100 mm cross-section can only be the flat/unrolled length (320 x 100 x 100 mm would be 3.2 L). Packed len uses the schema formula with a capacity-derived minimum: 1 L over a ~78 cm2 rounded cross-section = 12.8 cm, so 12.8 + 0.3*(32-12.8) = 18.6 cm",maker,,waxed canvas + leather (heritage line),rolltop,,,,1,,,1,Mud Green #55584a,4,https://cdn.shopify.com/s/files/1/0982/8365/1456/files/99e0df5afdcf596acb4512f91973007bc9c2c8eb_BSB02PLA00401_BSB02PLA00401_Brooks_England_1_saddle_roll_bag_mud_green_scape_bike_bags_right_si.jpg | https://cdn.shopify.com/s/files/1/0982/8365/1456/files/eb62194d8f56854c760f4d610d81077dea37e771_BSB02PLA00401_BSB02PLA00401_Brooks_England_2_saddle_roll_bag_mud_green_scape_bike_bags_3_4_top.jpg | https://cdn.shopify.com/s/files/1/0982/8365/1456/files/2c682cb329555bd47165e56c6207e809921921af_BSB02PLA00401_BSB02PLA00401_Brooks_England_3_saddle_roll_bag_mud_green_scape_bike_bags_left_side.jpg | https://cdn.shopify.com/s/files/1/0982/8365/1456/files/53b1b1cf128f514f2cb6eed73fbfe0f21ad63f9b_BSB02PLA00401_BSB02PLA00401_Brooks_England_4_saddle_roll_bag_mud_green_scape_bike_bags_3_4_back.jpg,https://www.brooksengland.com/en-us/products/scape-saddle-roll-bag-mud-green-bsb02pla00401
Brooks England,Scape,Saddle Pocket Bag,0.7L,saddlebag,0.7,15,8,5.5,,packed,"Height 55 mm / Length 80 mm / Width 150 mm / Capacity 0,7 L / Weight 70 g",Brooks labels its spec table Height/Length/Width but does not use them consistently across models; axes here are assigned so that len x hgt x wid reconciles with the stated litre figure,maker,,waxed canvas + leather (heritage line),zippered,,,,1,,,2,Black #1c1c1e | Mud Green #55584a,6,https://cdn.shopify.com/s/files/1/0982/8365/1456/files/cf2b1f263d5fe7fa1ed28e413fcea80a2d49d0fc_BSB01PLA00000_BSB01PLA00000_Brooks_England_1_saddle_pocket_bag_black_scape_bike_bags_3_4_front.jpg | https://cdn.shopify.com/s/files/1/0982/8365/1456/files/8610365ac94d55ab570264f8519208fbe617cdd7_BSB01PLA00000_BSB01PLA00000_Brooks_England_2_saddle_pocket_bag_black_scape_bike_bags_3_4_back.jpg | https://cdn.shopify.com/s/files/1/0982/8365/1456/files/49d2facebdda2299382acf875894a797f2317d6d_BSB01PLA00000_BSB01PLA00000_Brooks_England_3_saddle_pocket_bag_black_scape_bike_bags_bottom.jpg | https://cdn.shopify.com/s/files/1/0982/8365/1456/files/6301755247c6f119a177e11c8963b90510fa619e_BSB01PLA00401_BSB01PLA00401_Brooks_England_1_saddle_pocket_bag_mud_green_scape_bike_bags_3_4_fr.jpg | https://cdn.shopify.com/s/files/1/0982/8365/1456/files/03f9711b011c6043f3123c796e398f427a2782cc_BSB01PLA00401_BSB01PLA00401_Brooks_England_2_saddle_pocket_bag_mud_green_scape_bike_bags_3_4_ba.jpg | https://cdn.shopify.com/s/files/1/0982/8365/1456/files/65df0b037783dd6c5cfccdf7db6dee948612ec6b_BSB01PLA00401_BSB01PLA00401_Brooks_England_3_saddle_pocket_bag_mud_green_scape_bike_bags_bottom.jpg,https://www.brooksengland.com/en-us/products/scape-saddle-pocket-bag-black-bsb01pla00000
Brooks England,Scape,Handlebar Roll,9-11L,barroll,11,36.5,16,16,,unrolled,Height 160 mm / Length 160 mm / Width 350-400 mm / Capacity 9 - 11 L / Max load 5 kg / Weight 670 g,350-400 mm is the roll range along the bar; packed len = 35 + 0.3*(40-35) = 36.5 cm. Brooks labels its spec table Height/Length/Width but does not use them consistently across models; axes here are assigned so that len x hgt x wid reconciles with the stated litre figure,maker,,waxed canvas + leather (heritage line),rolltop both ends,cylindrical,2,,1,,,2,Black #1c1c1e | Mud Green #55584a,6,https://cdn.shopify.com/s/files/1/0982/8365/1456/files/6b9a64f6ea67d88ba7fe5072181700d3c505997d_BHB03PLA00401_BHB03PLA00401_Brooks_England_1_handlebar_roll_mud_green_scape_bike_bags_front.jpg | https://cdn.shopify.com/s/files/1/0982/8365/1456/files/20a2a2bf4074a17101fe31ed24a41762bf045d72_BHB03PLA00401_BHB03PLA00401_Brooks_England_2_handlebar_roll_mud_green_scape_bike_bags_back.jpg | https://cdn.shopify.com/s/files/1/0982/8365/1456/files/fb847c0ed8db007530e54dc705855730ab5ab2ce_BHB03PLA00401_BHB03PLA00401_Brooks_England_3_handlebar_roll_mud_green_scape_bike_bags_3_4.jpg | https://cdn.shopify.com/s/files/1/0982/8365/1456/files/56ad2159e96a58310d224b2a9834f3ef737bbc22_BHB03PLA00000_BHB05PLA00000_Brooks_England_1_handlebar_roll_black_scape_bike_bags_front.jpg | https://cdn.shopify.com/s/files/1/0982/8365/1456/files/8ba76908311d9582cde1b998c8d8cc1b6a3efdb1_BHB03PLA00000_BHB05PLA00000_Brooks_England_2_handlebar_roll_black_scape_bike_bags_back.jpg | https://cdn.shopify.com/s/files/1/0982/8365/1456/files/e2ec84f4d34e3266c17f1380a8f82582b2d0c4c3_BHB03PLA00000_BHB05PLA00000_Brooks_England_3_handlebar_roll_black_scape_bike_bags_3_4.jpg,https://www.brooksengland.com/en-us/products/scape-handlebar-roll-mud-green-bhb03pla00401
Brooks England,Scape,Handlebar Compact Bag,10-12L,barbag,12,34,14,25,,packed,Height 250 mm / Length 140 mm / Width 340 mm / Capacity 10 - 12 L / Max load 5 kg / Weight 475 g,"the 10-12 L range comes from two aluminium buckles on the bottom that adjust internal volume, not from a roll. Brooks labels its spec table Height/Length/Width but does not use them consistently across models; axes here are assigned so that len x hgt x wid reconciles with the stated litre figure",maker,,waxed canvas + leather (heritage line),zippered,box,0,padded 13in laptop zip stretch mesh stretch mesh,1,,,1,Mud Green #55584a,4,https://cdn.shopify.com/s/files/1/0982/8365/1456/files/14c1e9ee105c1b60e02f6fb93a243d8afc92c617_BHB02PLA00401_BHB02PLA00401_Brooks_England_1_handlebar_compact_bag_mud_green_scape_bike_bags_fr.jpg | https://cdn.shopify.com/s/files/1/0982/8365/1456/files/f51ebd8dfabf4fad05c1e65819852005143b92d4_BHB02PLA00401_BHB02PLA00401_Brooks_England_2_handlebar_compact_bag_mud_green_scape_bike_bags_si.jpg | https://cdn.shopify.com/s/files/1/0982/8365/1456/files/258ea8a0f9e8629ef187ac98e399820a684837f2_BHB02PLA00401_BHB02PLA00401_Brooks_England_3_handlebar_compact_bag_mud_green_scape_bike_bags_ba.jpg | https://cdn.shopify.com/s/files/1/0982/8365/1456/files/abc9a72ed880e1d4577465358241e7e960ff42dd_BHB02PLA00401_BHB02PLA00401_Brooks_England_4_handlebar_compact_bag_mud_green_scape_bike_bags_3_4.jpg,https://www.brooksengland.com/en-us/products/scape-handlebar-compact-bag-mud-green-bhb02pla00401
Brooks England,Scape,Handlebar Case,8L,barbag,8,26,17,22.5,,packed,Height 225 mm / Length 170 mm / Width 260 mm / Capacity 8 L / Max load 5 kg / Weight 670 g,Brooks labels its spec table Height/Length/Width but does not use them consistently across models; axes here are assigned so that len x hgt x wid reconciles with the stated litre figure,maker,,waxed canvas + leather (heritage line),magnetic lid,box,0,organiser,1,,,1,Mud Green #55584a,4,https://cdn.shopify.com/s/files/1/0982/8365/1456/files/59f5c2882f69c8db1c8353094f439c44608f6515_BHB05PLA00401_BHB05PLA00401_Brooks_England_1_handlebar_case_mud_green_scape_bike_bags_front.jpg | https://cdn.shopify.com/s/files/1/0982/8365/1456/files/c29550952e72aa072bc28131b4a0145ab81be516_BHB05PLA00401_BHB05PLA00401_Brooks_England_2_handlebar_case_mud_green_scape_bike_bags_left_side.jpg | https://cdn.shopify.com/s/files/1/0982/8365/1456/files/3cf0c2d671fc4394d5d07241326dcd8f13d49a03_BHB05PLA00401_BHB05PLA00401_Brooks_England_3_handlebar_case_mud_green_scape_bike_bags_back.jpg | https://cdn.shopify.com/s/files/1/0982/8365/1456/files/7e07a5821d40fa5d0a120fd25536011b76454cf0_BHB05PLA00401_BHB05PLA00401_Brooks_England_4_handlebar_case_mud_green_scape_bike_bags_right_side.jpg,https://www.brooksengland.com/en-us/products/scape-handlebar-case-mud-green-bhb05pla00401
Brooks England,Scape,Handlebar Pouch,3L,barbag,3,24,12,12,,packed,Height 120 mm / Length 240 mm / Width 120 mm / Capacity 3 L / Max load 3 kg / Weight 140 g,on this page the 240 mm sits under the Length label; 24 x 12 x 12 cm reconciles with the stated 3 L. Brooks labels its spec table Height/Length/Width but does not use them consistently across models; axes here are assigned so that len x hgt x wid reconciles with the stated litre figure,maker,,waxed canvas + leather (heritage line),zippered,barrel,2,,1,,,2,Black #1c1c1e | Mud Green #55584a,6,https://cdn.shopify.com/s/files/1/0982/8365/1456/files/0d7473f439818ce9d3fb9e42eb9273a6a876011e_BHB01PLA00401_BHB01PLA00401_Brooks_England_1_handlebar_pouch_grey_front.jpg | https://cdn.shopify.com/s/files/1/0982/8365/1456/files/9e46c6fac1d531e47bb59b2e992ca483cd7999c1_BHB01PLA00401_BHB01PLA00401_Brooks_England_2_handlebar_pouch_grey_back.jpg | https://cdn.shopify.com/s/files/1/0982/8365/1456/files/efa22833434d37fa2c94e3305c17e7c7182f946b_BHB01PLA00401_BHB01PLA00401_Brooks_England_3_handlebar_pouch_grey_left.jpg | https://cdn.shopify.com/s/files/1/0982/8365/1456/files/d9f9b6884e6224317c6a62a3ea4bc32f741fd1b8_BHB01PLA00000_BHB01PLA00000_Brooks_England_1_handlebar_pouch_black_front.jpg | https://cdn.shopify.com/s/files/1/0982/8365/1456/files/521a797437a24be92b9d4a4bd2ad27b27051febc_BHB01PLA00000_BHB01PLA00000_Brooks_England_2_handlebar_pouch_black_back.jpg | https://cdn.shopify.com/s/files/1/0982/8365/1456/files/a1d9e177209e6883400aea4d03dae16eb71cda51_BHB01PLA00000_BHB01PLA00000_Brooks_England_3_handlebar_pouch_black_left.jpg,https://www.brooksengland.com/en-us/products/scape-handlebar-pouch-mud-green-bhb01pla00401
Brooks England,Scape,Feed Pouch,1L,stembag,1,,,16,10,packed,Height 160 mm / Length 100 mm / Width 100 mm / Capacity 1 L / Max load 1 kg / Weight 100 g,square 100 x 100 mm footprint recorded as a 10 cm diameter for a cylindrical feed pouch,maker,,waxed canvas + leather (heritage line),one-handed cinch,,,mesh,1,,,2,Black #1c1c1e | Mud Green #55584a,6,https://cdn.shopify.com/s/files/1/0982/8365/1456/files/9b5eeedde707db95dbba821f6a92bf65629e6158_BHB04PLA00401_BHB04PLA00401_Brooks_England_1_feed_pouch_mud_green_scape_bike_bags_front.jpg | https://cdn.shopify.com/s/files/1/0982/8365/1456/files/6b2e471878236c6b3be2208b1a0ca7d67defb6c8_BHB04PLA00401_BHB04PLA00401_Brooks_England_2_feed_pouch_mud_green_scape_bike_bags_back.jpg | https://cdn.shopify.com/s/files/1/0982/8365/1456/files/0ddb2051d01e864ffc3f26dc35661555fed763b5_BHB04PLA00401_BHB04PLA00401_Brooks_England_3_feed_pouch_mud_green_scape_bike_bags_side.jpg | https://cdn.shopify.com/s/files/1/0982/8365/1456/files/04fcd4ea2d5537102311b97c1ac50657a7cb9256_BHB04PLA00000_BHB04PLA00000_Brooks_England_1_feed_pouch_black_scape_bike_bags_front.jpg | https://cdn.shopify.com/s/files/1/0982/8365/1456/files/a639c24f20d7b62638172dda7f6392bbbb5dda7e_BHB04PLA00000_BHB04PLA00000_Brooks_England_2_feed_pouch_black_scape_bike_bags_back.jpg | https://cdn.shopify.com/s/files/1/0982/8365/1456/files/dae992df3c77c2dfda3d179779cbd676806d3874_BHB04PLA00000_BHB04PLA00000_Brooks_England_3_feed_pouch_black_scape_bike_bags_side.jpg,https://www.brooksengland.com/en-us/products/scape-feed-pouch-mud-green-bhb04pla00401
Brooks England,Scape,Frame Bag,M,framebag_half,3,46,6,12,,packed,Height 120 mm / Length 60 mm / Width 460 mm / Capacity 3 L / Max load 3 kg / Weight 200 g,"46 x 12 x 6 cm = 3.3 L, matching the stated 3 L, so this spec set is the M. Brooks labels its spec table Height/Length/Width but does not use them consistently across models; axes here are assigned so that len x hgt x wid reconciles with the stated litre figure",maker,,waxed canvas + leather (heritage line),zippered,tapered,0,small items,1,,,2,Black #1c1c1e | Mud Green #55584a,6,https://cdn.shopify.com/s/files/1/0982/8365/1456/files/6f6d907e5862c1e5e10a366870f7fdc434f9f75b_BFB01PLA00000_SCAPEFR000000_Brooks_England_1_frame_bag_black_scape_bike_bags_right_side.jpg | https://cdn.shopify.com/s/files/1/0982/8365/1456/files/de8d06f00dacd53ca12d10aa86e384dccc99c32f_BFB01PLA00000_SCAPEFR000000_Brooks_England_2_frame_bag_black_scape_bike_bags_left_side.jpg | https://cdn.shopify.com/s/files/1/0982/8365/1456/files/9a4d1eb8eb27843a4b369e96c01ab036eac9176b_BFB01PLA00000_SCAPEFR000000_Brooks_England_3_frame_bag_black_scape_bike_bags_3_4_front.jpg | https://cdn.shopify.com/s/files/1/0982/8365/1456/files/7a564b58f4c8d8f999c13c6b5d1463e36f7dcc38_BFB01PLA00401_SCAPEFR000401_Brooks_England_1_frame_bag_mud_green_scape_bike_bags_right.jpg | https://cdn.shopify.com/s/files/1/0982/8365/1456/files/5cf469b865326c77f092b6409ae15d396417b4a7_BFB01PLA00401_SCAPEFR000401_Brooks_England_2_frame_bag_mud_green_scape_bike_bags_left_side.jpg | https://cdn.shopify.com/s/files/1/0982/8365/1456/files/23c035118350038178159a648c971b1684cefc33_BFB01PLA00401_SCAPEFR000401_Brooks_England_3_frame_bag_mud_green_scape_bike_bags_3_4_front.jpg,https://www.brooksengland.com/en-us/products/scape-frame-bag-black-scapefr000000
Brooks England,Scape,Frame Bag,L,framebag_half,4,52,6,13,,unknown,"(page publishes one spec set only - 120/60/460 mm, 3 L - and offers sizes M and L)","Brooks shows a single spec table for both M and L; the published numbers reconcile with the M, so the L dims here are the stored values and are NOT verified",none,,waxed canvas + leather (heritage line),zip,tapered,0,zip,1,,,2,Black #1c1c1e | Mud Green #55584a,6,https://cdn.shopify.com/s/files/1/0982/8365/1456/files/6f6d907e5862c1e5e10a366870f7fdc434f9f75b_BFB01PLA00000_SCAPEFR000000_Brooks_England_1_frame_bag_black_scape_bike_bags_right_side.jpg | https://cdn.shopify.com/s/files/1/0982/8365/1456/files/de8d06f00dacd53ca12d10aa86e384dccc99c32f_BFB01PLA00000_SCAPEFR000000_Brooks_England_2_frame_bag_black_scape_bike_bags_left_side.jpg | https://cdn.shopify.com/s/files/1/0982/8365/1456/files/9a4d1eb8eb27843a4b369e96c01ab036eac9176b_BFB01PLA00000_SCAPEFR000000_Brooks_England_3_frame_bag_black_scape_bike_bags_3_4_front.jpg | https://cdn.shopify.com/s/files/1/0982/8365/1456/files/7a564b58f4c8d8f999c13c6b5d1463e36f7dcc38_BFB01PLA00401_SCAPEFR000401_Brooks_England_1_frame_bag_mud_green_scape_bike_bags_right.jpg | https://cdn.shopify.com/s/files/1/0982/8365/1456/files/5cf469b865326c77f092b6409ae15d396417b4a7_BFB01PLA00401_SCAPEFR000401_Brooks_England_2_frame_bag_mud_green_scape_bike_bags_left_side.jpg | https://cdn.shopify.com/s/files/1/0982/8365/1456/files/23c035118350038178159a648c971b1684cefc33_BFB01PLA00401_SCAPEFR000401_Brooks_England_3_frame_bag_mud_green_scape_bike_bags_3_4_front.jpg,https://www.brooksengland.com/en-us/products/scape-frame-bag-black-scapefr000000
Brooks England,Scape,Top Tube Bag,0.9L,toptube,0.9,21,4,11,,packed,"Height 110 mm / Length 40 mm / Width 210 mm / Capacity 0,9 L / Max load 1 kg / Weight 100 g","21 x 11 x 4 cm = 0.92 L, matching the stated 0,9 L. Brooks labels its spec table Height/Length/Width but does not use them consistently across models; axes here are assigned so that len x hgt x wid reconciles with the stated litre figure",maker,,waxed canvas + leather (heritage line),zippered,,,,1,,,2,Black #1c1c1e | Mud Green #55584a,6,https://cdn.shopify.com/s/files/1/0982/8365/1456/files/2bbaf0e38b6b0a999d891405e8e3ae87c1c14098_BTT01PLA00000_BTT01PLA00000_Brooks_England_1_top_tube_bag_black_scape_bike_bags_side.jpg | https://cdn.shopify.com/s/files/1/0982/8365/1456/files/4b6e66af5fd6b68321d9ad7790e2cd1aabd876e0_BTT01PLA00000_BTT01PLA00000_Brooks_England_2_top_tube_bag_black_scape_bike_bags_3_4_back.jpg | https://cdn.shopify.com/s/files/1/0982/8365/1456/files/9048ba1b90c243a24b07446b5767665ee33b35c1_BTT01PLA00000_BTT01PLA00000_Brooks_England_3_top_tube_bag_black_scape_bike_bags_set_up_right_si.jpg | https://cdn.shopify.com/s/files/1/0982/8365/1456/files/bf0389fb380a062d1efff76fb302542c297e975d_BTT01PLA00401_BTT01PLA00401_Brooks_England_1_top_tube_bag_mud_green_scape_bike_bags_side.jpg | https://cdn.shopify.com/s/files/1/0982/8365/1456/files/614f644b27d2801f7868462d431f0d029b8b554c_BTT01PLA00401_BTT01PLA00401_Brooks_England_2_top_tube_bag_mud_green_scape_bike_bags_3_4_back.jpg | https://cdn.shopify.com/s/files/1/0982/8365/1456/files/f52daea9899fa39e28e252621c0fb2ab5aa7b910_BTT01PLA00401_BTT01PLA00401_Brooks_England_3_top_tube_bag_mud_green_scape_bike_bags_set_up_righ.jpg,https://www.brooksengland.com/en-us/products/scape-top-tube-bag-black-btt01pla00000
Brooks England,Scape,Top Tube Bag Long,1.5L,toptube,1.5,37,4.6,11,,packed,"Height 110 mm / Length 46 mm / Width 370 mm / Capacity 1,5 L / Max load 1,5 kg / Weight 100 g",Brooks labels its spec table Height/Length/Width but does not use them consistently across models; axes here are assigned so that len x hgt x wid reconciles with the stated litre figure,maker,,waxed canvas + leather (heritage line),zippered,,,,1,,,2,Black #1c1c1e | Mud Green #55584a,6,https://cdn.shopify.com/s/files/1/0982/8365/1456/files/8b1564151f18e30eb5d1858cd4899c586dd6c172_BTT02PLA00000_BTT02PLA00000_Brooks_England_1_top_tube_bag_long_black_scape_bike_bags_side.jpg | https://cdn.shopify.com/s/files/1/0982/8365/1456/files/2e6db0f9acaa014a4fc5b06ddb017755a346fcfb_BTT02PLA00000_BTT02PLA00000_Brooks_England_2_top_tube_bag_long_black_scape_bike_bags_3_4_back.jpg | https://cdn.shopify.com/s/files/1/0982/8365/1456/files/b229a9c3b90efdefbf9c6d00a2f6fe6c02520d36_BTT02PLA00000_BTT02PLA00000_Brooks_England_3_top_tube_bag_long_black_scape_bike_bags_set_up_rig.jpg | https://cdn.shopify.com/s/files/1/0982/8365/1456/files/1f48a0c8fba08abe89afe05d5cd4e9a3d9e070bb_BTT02PLA00401_BTT02PLA00401_Brooks_England_1_top_tube_bag_long_mud_green_scape_bike_bags_side.jpg | https://cdn.shopify.com/s/files/1/0982/8365/1456/files/8587babebd289a4a8e54d452bfd5c09bce8dec54_BTT02PLA00401_BTT02PLA00401_Brooks_England_2_top_tube_bag_long_mud_green_scape_bike_bags_3_4_ba.jpg | https://cdn.shopify.com/s/files/1/0982/8365/1456/files/80ae485c7fc872fb7579a62f4374ce9b7e89396a_BTT02PLA00401_BTT02PLA00401_Brooks_England_3_top_tube_bag_long_mud_green_scape_bike_bags_set_up.jpg,https://www.brooksengland.com/en-us/products/scape-top-tube-bag-long-black-btt02pla00000
Brooks England,Scape,Top Tube Bag with Bolts,0.9L,toptube,0.9,21,4,11,,packed,"Height 110 mm / Length 40 mm / Width 210 mm / Capacity 0,9 L / Max load 1 kg / Weight 100 g",same shell as the strap-only Top Tube Bag. Brooks labels its spec table Height/Length/Width but does not use them consistently across models; axes here are assigned so that len x hgt x wid reconciles with the stated litre figure,maker,,waxed canvas + leather (heritage line),zippered,,,,1,,,2,Black #1c1c1e | Mud Green #55584a,6,https://cdn.shopify.com/s/files/1/0982/8365/1456/files/44d631aa277fa7fabe034865c463d72f8fca04d3_BTT03PLA00401_BTT03PLA00401_Brooks_England_1_top_tube_bag_with_bolts_mud_green_scape_bike_bags.jpg | https://cdn.shopify.com/s/files/1/0982/8365/1456/files/eab85381d1c43562d45aedd70f87e23e8e4e22a6_BTT03PLA00401_BTT03PLA00401_Brooks_England_2_top_tube_bag_with_bolts_mud_green_scape_bike_bags.jpg | https://cdn.shopify.com/s/files/1/0982/8365/1456/files/27255b752cbc0532736c22d4b21b1dc30c57df32_BTT03PLA00401_BTT03PLA00401_Brooks_England_3_top_tube_bag_with_bolts_mud_green_scape_bike_bags.jpg | https://cdn.shopify.com/s/files/1/0982/8365/1456/files/cfd6eae13d265ce3198725da27c9ef5fa8380a70_BTT03PLA00000_BTT03PLA00000_Brooks_England_1_top_tube_bag_with_bolts_black_scape_bike_bags_side.jpg | https://cdn.shopify.com/s/files/1/0982/8365/1456/files/feb47e1e92548010a7cc14c6ebc26b1eb78e6790_BTT03PLA00000_BTT03PLA00000_Brooks_England_2_top_tube_bag_with_bolts_black_scape_bike_bags_deta.jpg | https://cdn.shopify.com/s/files/1/0982/8365/1456/files/b2bb9d5e8e017b792a949d3865de6998973d1acc_BTT03PLA00000_BTT03PLA00000_Brooks_England_3_top_tube_bag_with_bolts_black_scape_bike_bags_deta.jpg,https://www.brooksengland.com/en-us/products/scape-top-tube-bag-with-bolts-mud-green-btt03pla00401
Brooks England,Scape,Pannier,Large,pannier,22,32,16,46,,unrolled,Height 400-600 mm / Length 160 mm / Width 320 mm / Capacity 18 - 22 L / Max load 9 kg / Weight 760 g,on a pannier the roll range runs up the height; packed hgt = 40 + 0.3*(60-40) = 46 cm rather than the 60 cm maximum,maker,,waxed canvas + leather (heritage line),rolltop,box,0,,1,,,2,Black #1c1c1e | Mud Green #55584a,6,https://cdn.shopify.com/s/files/1/0982/8365/1456/files/ff51e7d702436833270308b3c932483d10e02064_BPA01PLA0L000_SCAPE0000L000_Brooks_England_1_pannier_large_black_scape_bike_bags_front__1.jpg | https://cdn.shopify.com/s/files/1/0982/8365/1456/files/0aff94e52ef9bd11596f5f36b6b860c7937b4f94_BPA01PLA0S000_SCAPE0000L000_Brooks_England_1_pannier_small_black_scape_bike_bags_front.jpg | https://cdn.shopify.com/s/files/1/0982/8365/1456/files/2c0d5f9f1acc060b96527426179e57b13c8d62f7_BPA01PLA0L000_SCAPE0000L000_Brooks_England_2_pannier_large_black_scape_bike_bags_side__1.jpg | https://cdn.shopify.com/s/files/1/0982/8365/1456/files/dee44322cc7010e215c0407bef561130d7b7213c_BPA01PLA0L401_SCAPE0000L401_Brooks_England_1_pannier_large_mud_green_scape_bike_bags_front_jpg.jpg | https://cdn.shopify.com/s/files/1/0982/8365/1456/files/40af92c0d1cb35e3ec02aa022f3b4e1e7597b088_BPA01PLA0S401_SCAPE0000L401_Brooks_England_1_pannier_small_mud_green_scape_bike_bags_front.jpg | https://cdn.shopify.com/s/files/1/0982/8365/1456/files/e0aafc1bb74da2553538e3c5b38c42b3cdf3e12b_BPA01PLA0L401_SCAPE0000L401_Brooks_England_2_pannier_large_mud_green_scape_bike_bags_side__1.jpg,https://www.brooksengland.com/en-us/products/scape-large-pannier-black-scape0000l000
Brooks England,Scape,Pannier,Small,pannier,13,26,14,42,,unknown,"(page publishes one spec set only - 400-600/160/320 mm, 18-22 L - and offers sizes L and S)",Brooks shows a single spec table for both sizes and the numbers are the Large's; Small dims here are the stored values and are NOT verified,none,,waxed canvas + leather (heritage line),rolltop,box,0,,1,,,2,Black #1c1c1e | Mud Green #55584a,4,https://cdn.shopify.com/s/files/1/0982/8365/1456/files/ff51e7d702436833270308b3c932483d10e02064_BPA01PLA0L000_SCAPE0000L000_Brooks_England_1_pannier_large_black_scape_bike_bags_front__1.jpg | https://cdn.shopify.com/s/files/1/0982/8365/1456/files/0aff94e52ef9bd11596f5f36b6b860c7937b4f94_BPA01PLA0S000_SCAPE0000L000_Brooks_England_1_pannier_small_black_scape_bike_bags_front.jpg | https://cdn.shopify.com/s/files/1/0982/8365/1456/files/2c0d5f9f1acc060b96527426179e57b13c8d62f7_BPA01PLA0L000_SCAPE0000L000_Brooks_England_2_pannier_large_black_scape_bike_bags_side__1.jpg | https://cdn.shopify.com/s/files/1/0982/8365/1456/files/b8561abda15cbab45df15604d5975f751b5e247b_BPA01PLA0S000_SCAPE0000L000_Brooks_England_2_pannier_small_black_scape_bike_bags_side.jpg,https://www.brooksengland.com/en-us/products/scape-large-pannier-black-scape0000l000
Brooks England,Classic,Challenge Saddle Bag,0.5L,saddlebag,0.5,17.5,4.5,7.8,,packed,"Height 78 mm / Length 45 mm / Width 175 mm / Capacity 0,5 L / Weight 140 g / Made in Italy","17.5 x 7.8 x 4.5 cm = 0.61 L, consistent with the stated 0,5 L. Brooks labels its spec table Height/Length/Width but does not use them consistently across models; axes here are assigned so that len x hgt x wid reconciles with the stated litre figure",maker,,waxed canvas + leather (heritage line),buckled straps located inside the hold,,,,1,,,4,Dark Tan #b07a4a | Honey #c8913f | Brown #6b4327 | Black #1c1c1e,8,https://cdn.shopify.com/s/files/1/0982/8365/1456/files/dca7153de3250d41b60e72b459b877b6a8aeacc6_B743600A27210_CHALLE0017210_Brooks_England_1_challenge_0_5L_dark_tan_bike_bags_front.jpg | https://cdn.shopify.com/s/files/1/0982/8365/1456/files/5f6738556233c9222dc0f642f5a8f3f45f501f85_B743700A17210_CHALLE0017210_Brooks_England_1_challenge_1_5L_dark_tan_bike_bags_front.jpg | https://cdn.shopify.com/s/files/1/0982/8365/1456/files/2321798ad791d9a4081829b694ebdf77a691c949_B743600A27203_CHALLE0017203_Brooks_England_1_challenge_0_5L_honey_bike_bags_front.jpg | https://cdn.shopify.com/s/files/1/0982/8365/1456/files/1bd6842a6796a8b3c9abfb230a0428f286b09dc8_B743700A17203_CHALLE0017203_Brooks_England_1_challenge_1_5L_honey_bike_bags_front.jpg | https://cdn.shopify.com/s/files/1/0982/8365/1456/files/7e5696ac83ba62f65e57b20de343971e166d798f_B743700A17205_CHALLE0017205_Brooks_England_1_challenge_1_5L_a_brown_bike_bags_front.jpg | https://cdn.shopify.com/s/files/1/0982/8365/1456/files/fb8c862636641c700ab7ff2ebeb1c30f5014a4b5_B743600A27205_CHALLE0017205_Brooks_England_2_challenge_0_5L_a_brown_bike_bags_back.jpg | https://cdn.shopify.com/s/files/1/0982/8365/1456/files/5c339275e74ea21ce0052193b079515748806c04_B743600A27202_CHALLE0017202_Brooks_England_1_challenge_0_5L_black_bike_bags_front.jpg | https://cdn.shopify.com/s/files/1/0982/8365/1456/files/b9b850646d1b1cb6bb4ecc848e8177865523c43e_B743700A17202_CHALLE0017202_Brooks_England_1_challenge_1_5L_black_bike_bags_front.jpg,https://www.brooksengland.com/en-us/products/challenge-saddle-bag-dark-tan-challe0017210
Brooks England,Classic,Challenge Saddle Bag Large,1.5L,saddlebag,1.5,25,6.5,11,,unknown,"(page offers 0,5l and 1,5l but publishes one spec set only - 78/45/175 mm, 0,5 L)","the published spec set is the 0,5 L; no dimensions are given for the 1,5 L, so its dims here are the stored values and are NOT verified",none,,waxed canvas + leather (heritage line),,,,,1,,,4,Dark Tan #b07a4a | Honey #c8913f | Brown #6b4327 | Black #1c1c1e,8,https://cdn.shopify.com/s/files/1/0982/8365/1456/files/dca7153de3250d41b60e72b459b877b6a8aeacc6_B743600A27210_CHALLE0017210_Brooks_England_1_challenge_0_5L_dark_tan_bike_bags_front.jpg | https://cdn.shopify.com/s/files/1/0982/8365/1456/files/5f6738556233c9222dc0f642f5a8f3f45f501f85_B743700A17210_CHALLE0017210_Brooks_England_1_challenge_1_5L_dark_tan_bike_bags_front.jpg | https://cdn.shopify.com/s/files/1/0982/8365/1456/files/2321798ad791d9a4081829b694ebdf77a691c949_B743600A27203_CHALLE0017203_Brooks_England_1_challenge_0_5L_honey_bike_bags_front.jpg | https://cdn.shopify.com/s/files/1/0982/8365/1456/files/1bd6842a6796a8b3c9abfb230a0428f286b09dc8_B743700A17203_CHALLE0017203_Brooks_England_1_challenge_1_5L_honey_bike_bags_front.jpg | https://cdn.shopify.com/s/files/1/0982/8365/1456/files/7e5696ac83ba62f65e57b20de343971e166d798f_B743700A17205_CHALLE0017205_Brooks_England_1_challenge_1_5L_a_brown_bike_bags_front.jpg | https://cdn.shopify.com/s/files/1/0982/8365/1456/files/fb8c862636641c700ab7ff2ebeb1c30f5014a4b5_B743600A27205_CHALLE0017205_Brooks_England_2_challenge_0_5L_a_brown_bike_bags_back.jpg | https://cdn.shopify.com/s/files/1/0982/8365/1456/files/5c339275e74ea21ce0052193b079515748806c04_B743600A27202_CHALLE0017202_Brooks_England_1_challenge_0_5L_black_bike_bags_front.jpg | https://cdn.shopify.com/s/files/1/0982/8365/1456/files/b9b850646d1b1cb6bb4ecc848e8177865523c43e_B743700A17202_CHALLE0017202_Brooks_England_1_challenge_1_5L_black_bike_bags_front.jpg,https://www.brooksengland.com/en-us/products/challenge-saddle-bag-dark-tan-challe0017210
Brooks England,Classic,D-Shaped Saddle Bag,0.75L,saddlebag,0.75,16.5,5,9,,packed,"Height 90 mm / Length 50 mm / Width 165 mm / Capacity 0,75 L / Weight 270 g / Made in Italy",Brooks labels its spec table Height/Length/Width but does not use them consistently across models; axes here are assigned so that len x hgt x wid reconciles with the stated litre figure,maker,,waxed canvas + leather (heritage line),two-piece sleeve plus removable inner purse,,,,1,,,4,Dark Tan #b07a4a | Honey #c8913f | Brown #6b4327 | Black #1c1c1e,8,https://cdn.shopify.com/s/files/1/0982/8365/1456/files/414b064b30cc4b15c875a5b5c10c7881ece80a88_B276700A17205_DSHAPE0007205_Brooks_England_1_d_shaped_1L_a_brown_bike_bags_front.jpg | https://cdn.shopify.com/s/files/1/0982/8365/1456/files/e5de698df926767981146838cb23dbc57b02e521_B276700A17205_DSHAPE0007205_Brooks_England_2_d_shaped_1L_a_brown_bike_bags_back.jpg | https://cdn.shopify.com/s/files/1/0982/8365/1456/files/041dcc62fddd765f8eecac1945a3ca4dca0f6e14_B276700A17210_DSHAPE0007210_Brooks_England_1_d_shaped_1L_dark_tan_bike_bags_front.jpg | https://cdn.shopify.com/s/files/1/0982/8365/1456/files/d06ea6d9490488daefaeb88e5be0172d2c5201ef_B276700A17210_DSHAPE0007210_Brooks_England_2_d_shaped_1L_dark_tan_bike_bags_back.jpg | https://cdn.shopify.com/s/files/1/0982/8365/1456/files/c7735a6d7e90af53b78800fc15535c390e15e481_B276700A17203_DSHAPE0007203_Brooks_England_1_d_shaped_1L_honey_bike_bags_front.jpg | https://cdn.shopify.com/s/files/1/0982/8365/1456/files/60bd65485873312e735b1f1f024d650ba8ae51e0_B276700A17203_DSHAPE0007203_Brooks_England_2_d_shaped_1L_honey_bike_bags_back.jpg | https://cdn.shopify.com/s/files/1/0982/8365/1456/files/b8cd03fe5afed4a8af3d0976446a03d56651488d_B276700A17202_DSHAPE0007202_Brooks_England_1_d_shaped_1L_black_bike_bags_front.jpg | https://cdn.shopify.com/s/files/1/0982/8365/1456/files/5616168b5ac0394feea5b31ebd6990a281a0dfd6_B276700A17202_DSHAPE0007202_Brooks_England_2_d_shaped_1L_black_bike_bags_back.jpg,https://www.brooksengland.com/en-us/products/d-shaped-saddle-bag-brown-dshape0007205
Brooks England,Trekking,Isle of Wight Saddle Bag,2L,saddlebag,2,21,13,11,,packed,Height 110 mm / Length 210 mm / Width 130 mm / Capacity 2 L / Weight 200 g,the 210 mm sits under the Length label here. Brooks labels its spec table Height/Length/Width but does not use them consistently across models; axes here are assigned so that len x hgt x wid reconciles with the stated litre figure,maker,,waxed canvas + leather (heritage line),double zip,,,,1,,,1,Seal Brown #4a3428,5,https://cdn.shopify.com/s/files/1/0982/8365/1456/files/10534a346158af4715a6f7d1af8f8d734dd1dabe_BTB0004A07291_BTB0004A07291_Brooks_England_1_isle_of_wight_3_4.jpg | https://cdn.shopify.com/s/files/1/0982/8365/1456/files/cb70897842ef0fe5cf485f3590f90fdb4b70cbe5_BTB0004A07291_BTB0004A07291_Brooks_England_2_isle_of_wight_detail1.jpg | https://cdn.shopify.com/s/files/1/0982/8365/1456/files/cd48ece53e63a081bf79ad762c54fb7ba4355fe6_BTB0004A07291_BTB0004A07291_Brooks_England_3_isle_of_wight_top.jpg | https://cdn.shopify.com/s/files/1/0982/8365/1456/files/12e62d96bd1f378e9b25d70bd1ef6f98a8f222f9_BTB0004A07291_BTB0004A07291_Brooks_England_4_isle_of_wight_bottom.jpg | https://cdn.shopify.com/s/files/1/0982/8365/1456/files/f42104ae8335572a71fd0d657913816204ef2d1d_BTB0004A07291_BTB0004A07291_Brooks_England_5_isle_of_wight_detail2.jpg,https://www.brooksengland.com/en-us/products/isle-of-wight-saddle-bag-seal-brown-btb0004a07291
Brooks England,Trekking,Rambler Handlebar Bag,10L,randobag,10,21,18,30,,packed,Height 300 mm / Length 180 mm / Width 210 mm / Capacity 10 L / Weight 900 g,"21 x 30 x 18 cm = 11.3 L, consistent with the stated 10 L. Brooks labels its spec table Height/Length/Width but does not use them consistently across models; axes here are assigned so that len x hgt x wid reconciles with the stated litre figure",maker,,waxed canvas + leather (heritage line),"flap, adjustable so no fabric is left flapping",box,0,side side,1,,,1,Seal Brown #4a3428,5,https://cdn.shopify.com/s/files/1/0982/8365/1456/files/9ca9800be5817ff42010a1d562870b69246ff9e4_BTB0003A07291_BTB0003A07291_Brooks_England_1_rambler_front.jpg | https://cdn.shopify.com/s/files/1/0982/8365/1456/files/1128a67d57141be033cef467a958ede5ea774928_BTB0003A07291_BTB0003A07291_Brooks_England_2_rambler_side.jpg | https://cdn.shopify.com/s/files/1/0982/8365/1456/files/a1a7f6efe4e03bb2f38fb40523a1c797d1713981_BTB0003A07291_BTB0003A07291_Brooks_England_3_rambler_back.jpg | https://cdn.shopify.com/s/files/1/0982/8365/1456/files/e8eb2238a2491ef6671fe9e7b4198d9251e89144_BTB0003A07291_BTB0003A07291_Brooks_England_4_rambler_3_4.jpg | https://cdn.shopify.com/s/files/1/0982/8365/1456/files/21e2d3f36e7524784726fb5ed2b6b32a76f20b7b_BTB0003A07291_BTB0003A07291_Brooks_England_5_rambler_detail1.jpg,https://www.brooksengland.com/en-us/products/rambler-handlebar-bag-seal-brown-btb0003a07291
Brooks England,Trekking,Haul Pannier,22L,pannier,22,33,13,37,,packed,Height 370 mm / Length 130 mm / Width 330 mm / Capacity 22 L / Max load 7 kg / Weight 900 g,volume is adjusted by a front bungee rather than a roll. Brooks labels its spec table Height/Length/Width but does not use them consistently across models; axes here are assigned so that len x hgt x wid reconciles with the stated litre figure,maker,,waxed canvas + leather (heritage line),flap with front bungee cord for volume adjustment,box,0,,1,,,1,Seal Brown #4a3428,5,https://cdn.shopify.com/s/files/1/0982/8365/1456/files/0b44443d58197501827b3dbada8df9f63cf3de03_BTB0001A07291_BTB0001A07291_Brooks_England_1_haul_front.jpg | https://cdn.shopify.com/s/files/1/0982/8365/1456/files/43e2fa99a87950a96c321ac1bd885ef7bb3c9f94_BTB0001A07291_BTB0001A07291_Brooks_England_2_haul_side.jpg | https://cdn.shopify.com/s/files/1/0982/8365/1456/files/52a970f82a08ed7863331927da4ba8863983c1c6_BTB0001A07291_BTB0001A07291_Brooks_England_3_haul_back.jpg | https://cdn.shopify.com/s/files/1/0982/8365/1456/files/91ac84900dc5aae2d8067f01d57276f601a56480_BTB0001A07291_BTB0001A07291_Brooks_England_4_haul_3_4.jpg | https://cdn.shopify.com/s/files/1/0982/8365/1456/files/0a3bbef18a3fa766b5eb6db8a77bdc236cbd1071_BTB0001A07291_BTB0001A07291_Brooks_England_5_haul_detail1.jpg,https://www.brooksengland.com/en-us/products/haul-pannier-seal-brown-btb0001a07291
Brooks England,Trekking,Half Haul Pannier,12L,pannier,12,21,16,37,,packed,Height 370 mm / Length 160 mm / Width 210 mm / Capacity 12 L / Max load 7 kg / Weight 800 g,"21 x 37 x 16 cm = 12.4 L, matching the stated 12 L. Brooks labels its spec table Height/Length/Width but does not use them consistently across models; axes here are assigned so that len x hgt x wid reconciles with the stated litre figure",maker,,waxed canvas + leather (heritage line),flap,box,0,,1,,,1,Seal Brown #4a3428,5,https://cdn.shopify.com/s/files/1/0982/8365/1456/files/7c42a1332d73562396fd8c06a6a1050d10dfce9f_BTB0002A07291_BTB0002A07291_Brooks_England_1_half_haul_front.jpg | https://cdn.shopify.com/s/files/1/0982/8365/1456/files/57ca5466ab08bcfafa466f84c4eccabb7296dec3_BTB0002A07291_BTB0002A07291_Brooks_England_2_half_haul_side.jpg | https://cdn.shopify.com/s/files/1/0982/8365/1456/files/3fb62d61f088d9dd09e7472c4bc12d64bd180a92_BTB0002A07291_BTB0002A07291_Brooks_England_3_half_haul_back.jpg | https://cdn.shopify.com/s/files/1/0982/8365/1456/files/6b709d27753609b67cba98c0e528cb66c8ecb48a_BTB0002A07291_BTB0002A07291_Brooks_England_4_half_haul_3_4.jpg | https://cdn.shopify.com/s/files/1/0982/8365/1456/files/83d88b726d9084e6515095f7e70782443a5cf4b1_BTB0002A07291_BTB0002A07291_Brooks_England_5_half_haul_detail1.jpg,https://www.brooksengland.com/en-us/products/half-haul-pannier-seal-brown-btb0002a07291
Brooks England,Commuting,Brick Lane Pannier,15L,pannier,15,35,12,36,,packed,Height 360 mm / Length 120 mm / Width 350 mm / Capacity 15 L / Weight 950 g / Made in Italy,"35 x 36 x 12 cm = 15.1 L, matching the stated 15 L. Sold as a draped roll-up pair, so this is the overall envelope, not one side. Fits racks 10-15 cm wide",maker,,waxed canvas + leather (heritage line),roll up,box,0,,1,,,4,Black #1c1c1e | Goose Beak #c9b487 | Sage Green #7d8a6a | Grey #7a7c7e,8,https://cdn.shopify.com/s/files/1/0982/8365/1456/files/c26be0f1d795488c82a3f21bd541fea82f5c2b88_BB00100A07200_BRICKLA007200_Brooks_England_1_bricklane_panniers_black_bike_bags_side.jpg | https://cdn.shopify.com/s/files/1/0982/8365/1456/files/9930e4e5defb28eb0d154a5f799a19e7abe879d0_BB00100A07200_BRICKLA007200_Brooks_England_2_bricklane_panniers_black_bike_bags_front.jpg | https://cdn.shopify.com/s/files/1/0982/8365/1456/files/4af237ec2e0f7d23e8943dee79fc9565c4642a4e_BB00100A07249_BRICKLA007249_Brooks_England_1_bricklane_panniers_goose_beak_bike_bags_side.jpg | https://cdn.shopify.com/s/files/1/0982/8365/1456/files/de1e8eb77f25303a60bbf5cba7889bf84254650b_BB00100A07249_BRICKLA007249_Brooks_England_2_bricklane_panniers_goose_beak_bike_bags_front.jpg | https://cdn.shopify.com/s/files/1/0982/8365/1456/files/c26f0c174ee0b8c117899717df552cf3c99eac22_BB00100A07232_BRICKLA007232_Brooks_England_1_bricklane_panniers_sage_green_bike_bags_side.jpg | https://cdn.shopify.com/s/files/1/0982/8365/1456/files/1594af5c073f254b2d3f3fe0271401b114829dc5_BB00100A07232_BRICKLA007232_Brooks_England_2_bricklane_panniers_sage_green_bike_bags_front.jpg | https://cdn.shopify.com/s/files/1/0982/8365/1456/files/ca03c33bc2599005a0560ddb85bfea912708eeeb_BB00100A07266_BRICKLA007266_Brooks_England_1_bricklane_panniers_grey_bike_bags_side.jpg | https://cdn.shopify.com/s/files/1/0982/8365/1456/files/9b694204375370662b8e40711affca23dd6d51a6_BB00100A07266_BRICKLA007266_Brooks_England_2_bricklane_panniers_grey_bike_bags_front.jpg,https://www.brooksengland.com/en-us/products/brick-lane-pannier-black-brickla007200
Swift Industries,Zeitgeist,Zeitgeist Pack,12L,barbag,12,48.3,17.8,22.9,,unknown,,page carries no printed dimensions or litre figure in text; dims_cm left as input. Colourways and images read from the page.,maker,,X-Pac (visible X ripstop grid),flap,box,2,slip slip,1,,,3,Coyote #b09068 | Luminary #d6dd4a | Black #1c1c1e,4,https://builtbyswift.com/cdn/shop/files/Zeitgeist-Coyote-Front-SwiftIndustries.jpg | https://builtbyswift.com/cdn/shop/files/Zeitgeist-Luminary-Front-SwiftIndustries.jpg | https://builtbyswift.com/cdn/shop/files/Zeitgeist-Coyote-Side-SwiftIndustries.jpg | https://builtbyswift.com/cdn/shop/files/Zeitgeist-SI600X0-LU-Open-3000.jpg,https://builtbyswift.com/products/zeitgeist-pack
Swift Industries,Catalyst,Catalyst Pack,7.5L,barbag,7.5,27.9,15.2,17.8,,unknown,,,none,,X-Pac (visible X ripstop grid),flap,box,2,slip,1,,,3,Black | Coyote | Luminary,0,,https://builtbyswift.com/products/catalyst-pack
Swift Industries,Bandito,Bandito Bicycle Bag,3.2L,barroll,3.2,21.6,,,14,unknown,,,none,,X-Pac (visible X ripstop grid),drawcord,cylindrical,0,,1,,,3,Black | Coyote | Luminary,0,,https://builtbyswift.com/products/bandito-handlebar-and-saddle-bag
Swift Industries,Hold Fast,Hold Fast Half Frame Bag,2.75L,framebag_half,2.75,41.9,5.7,9.5,,unknown,,,none,,X-Pac (visible X ripstop grid),zip,wedge,0,zip,1,,,2,Black | Coyote,0,,https://builtbyswift.com/products/hold-fast-half-frame-bag
Swift Industries,Hold Fast,Hold Fast Half Frame Bag,3.25L,framebag_half,3.25,47.6,5.7,10.8,,unknown,,,none,,X-Pac (visible X ripstop grid),zip,wedge,0,zip,1,,,2,Black | Coyote,0,,https://builtbyswift.com/products/hold-fast-half-frame-bag
Swift Industries,Hold Fast,Hold Fast Half Frame Bag,4L,framebag_half,4,51.4,5.7,12.7,,unknown,,,none,,X-Pac (visible X ripstop grid),zip,wedge,0,zip,1,,,2,Black | Coyote,0,,https://builtbyswift.com/products/hold-fast-half-frame-bag
Swift Industries,Giddy Up,Giddy Up Wedge Frame Bag,3.3L,framebag_half,3.3,30.5,5.1,21.6,,packed,Dimensions Measurements: 12” w X 8.5” h X 2” d; Capacity: 3.3 Liters; Weight: 5 oz,"FALSE POSITIVE, and the dims are now maker-sourced where they were previously unsourced. The spec block is rendered client-side so a plain fetch returns nothing; pulled the page HTML directly and read the Specs tab: 12in w x 8.5in h x 2in d = 30.5 x 21.6 x 5.1cm, exactly the stored values. Box 3.35L against a stated 3.3L — a near-exact match, so these are true packed dimensions. Ratio 1.41 simply reflects that a small wedge frame bag is not a 2.2:1 object. dims_state should move from 'unknown' to 'packed' and the source from none to maker.",maker,,X-Pac (visible X ripstop grid),zip,wedge,0,,1,,,2,Black | Coyote,0,,https://builtbyswift.com/products/giddy-up-wedge-frame-bag
Swift Industries,Gemini,Gemini Cargo Pack,4L,forkbag,4,12.7,7.6,24.1,,packed,Dimensions Measurements: 5” w x 9.5” h x 3” d; Capacity : 4 Liters; Weight: 3.5 oz,"VERIFIED, dims unchanged, and now maker-sourced. Read the Specs tab out of the page HTML: 5in w x 9.5in h x 3in d = 12.7 x 24.1 x 7.6cm, precisely what was stored. THE LITRES ARE THE MAXIMUM-ROLL FIGURE: this is a roll-top cargo-cage bag and Swift's own box is 2.33L, so the stated 4L can only be the unrolled capacity. Dimensions are the rolled, as-mounted size, which is what this field wants. Slot checked and left as forkbag — the description is 'anything-style fork mounted cargo cages' and it is sold singly (the two variants are colours, Black and Coyote), so it is not a pannier despite the Gemini name. dims_state should move from 'unknown' to 'packed'.",maker,,X-Pac (visible X ripstop grid),,,,,1,,,0,,0,,https://builtbyswift.com/products/gemini-cargo-pack
Swift Industries,Gibby,Gibby Stem Bag,1.75L,stembag,1.75,12.7,7.6,24.1,,unknown,,,none,,X-Pac (visible X ripstop grid),,,,,1,,,0,,0,,https://builtbyswift.com/products/gibby-stem-bag
Swift Industries,Sidekick,Sidekick Stem Pouch,1L,stembag,1,10.2,,19.1,10.2,unknown,,,none,,X-Pac (visible X ripstop grid),,,,,1,,,0,,0,,https://builtbyswift.com/products/sidekick-stem-pouch
Swift Industries,Kestrel,Kestrel Handlebar Bag,2.5L,barbag,2.5,25.4,7.6,12.7,,unknown,,,none,,X-Pac (visible X ripstop grid),zip,box,0,zip,1,,,2,Black | Coyote,0,,https://builtbyswift.com/products/kestrel-handlebar-bag
Swift Industries,Capstone,Capstone Handlebar Bag,4L,randobag,4,25.4,10.2,15.2,,unknown,,,none,,X-Pac (visible X ripstop grid),flap,box,0,slip,1,,,1,Black,0,,https://builtbyswift.com/products/capstone-handlebar-bag
Swift Industries,Olliepack,Olliepack Seat Bag,6L,seatpack,6,43.2,15.2,14,,unknown,,no printed dimensions or litre figure in the page text; dims_cm left as input. Only Coyote shown as a variant.,maker,,X-Pac (visible X ripstop grid),rolltop,box,2,mesh,1,,,1,Coyote #b09068,5,https://builtbyswift.com/cdn/shop/files/Olliepack-Coyote-Zoom-SwiftIndustries.jpg | https://builtbyswift.com/cdn/shop/files/Olliepack-Coyote-Side-SwiftIndustries.jpg | https://builtbyswift.com/cdn/shop/files/Olliepack-SI600X-Coy-3000-Main.jpg | https://builtbyswift.com/cdn/shop/files/OlliepackSeatBag-SwiftIndustries-01.jpg | https://builtbyswift.com/cdn/shop/files/OlliepackSeatBag-SwiftIndustries-04.jpg,https://builtbyswift.com/products/olliepack-seat-bag
Swift Industries,Sugarloaf,Sugarloaf Basket Bag,11L,randobag,11,35.6,17.8,17.8,,unknown,,,none,,X-Pac (visible X ripstop grid),flap,box,2,slip slip,1,,,2,Black | Coyote,0,,https://builtbyswift.com/products/sugarloaf-basket-bag
Swift Industries,Moxie,Moxie Top Tube Bag,0.6L,toptube,0.6,21.6,5.1,10.8,,unknown,,,none,,X-Pac (visible X ripstop grid),,,,,1,,,0,,0,,https://builtbyswift.com/products/moxie-top-tube-bag-si600
Road Runner Bags,Jammer,Jammer Handlebar Bag,7L,barbag,7,25.4,12.7,21.3,,unrolled,"Height: 6""-14"", Width: 10"", Depth: 5""; 5L rolled down, 11L fully expanded","page height 6""-14"" is rolled-to-fully-expanded; packed hgt = 15.2 + 0.3*(35.6-15.2) = 21.3 cm. len = stated width 10"", wid = stated depth 5"". Input hgt of 35.6 was the fully-unrolled maximum.",maker,,Cordura (matte woven),rolltop,box,2,,1,,,9,Black Cordura #1f1f1f | Burgundy Cordura #6b2233 | Grey Cordura #6e7276 | Navy Cordura #23334f | Olive Cordura #5c5f3d | Rust Cordura #a24d24 | Coyote Cordura #b3936a | Hybrid (Teal/Pink/Purple) #2e8b8b | Turmeric #d19a17,0,,https://roadrunnerbags.us/products/the-jammer-bag
Road Runner Bags,Jammer,Middle Earth Jammer Handlebar Bag,13L,barbag,13,30.5,15.2,20.3,,unknown,,,none,,Cordura (matte woven),rolltop,box,2,slip,1,,,7,Black Cordura | Burgundy Cordura | Grey Cordura | Navy Cordura | Olive Cordura | Rust Cordura | Coyote Cordura,0,,https://roadrunnerbags.us/products/middle-earth-jammer-handlebar-bag
Road Runner Bags,Jammer,Jumbo Jammer Handlebar Bag,17L,barbag,17,35.6,15.2,20.3,,unknown,,,none,,Cordura (matte woven),rolltop,box,2,slip,1,,,8,Black Cordura | Burgundy Cordura | Grey Cordura | Navy Cordura | Olive Cordura | Rust Cordura | Coyote Cordura | Pink Cordura,0,,https://roadrunnerbags.us/products/jumbo-jammer-bag
Road Runner Bags,Burrito,Burrito Bag,1.3L,barroll,1.3,20.3,,,8.9,unknown,,,none,,Cordura (matte woven),zip,cylindrical,0,,1,,,10,Black Cordura | Burgundy Cordura | Coyote Cordura | Grey Cordura | Navy Cordura | Olive Cordura | Rust Cordura | Pink Cordura | The Jaystone (Teal/Orange) | The Clint (Turmeric/Pink),0,,https://roadrunnerbags.us/products/burrito-handlebar-bag
Road Runner Bags,Burrito,Burrito Supreme,2.6L,barroll,2.6,20.3,,,12.7,packed,"Width: 8"", Diameter: 5"", 2.6L, 6oz","page gives width 8"" and diameter 5"", matching the input exactly.",maker,,Cordura (matte woven),zip,cylindrical,0,,1,,,9,Black Cordura #1f1f1f | Burgundy Cordura #6b2233 | Coyote Cordura #b3936a | Grey Cordura #6e7276 | Navy Cordura #23334f | Olive Cordura #5c5f3d | Rust Cordura #a24d24 | The Jaystone (Teal and Orange Cordura) #1f7d80 | The Clint (Turmeric and Pink Cordura) #d19a17,0,,https://roadrunnerbags.us/products/burrito-supreme-handle-bar-bag
Road Runner Bags,Burrito,California Burrito,3.3L,barroll,3.3,26,,,12.7,unknown,,,none,,Cordura (matte woven),zip,cylindrical,0,slip slip,1,,,7,Black Cordura | Burgundy Cordura | Coyote Cordura | Grey Cordura | Navy Cordura | Olive Cordura | Rust Cordura,0,,https://roadrunnerbags.us/products/california-burrito-handlebar-bag
Road Runner Bags,Burrito,West Coast Burrito,5L,barroll,5,27.9,,,15.2,unknown,,,none,,Cordura (matte woven),zip,cylindrical,0,zip zip,1,,,7,Black Cordura | Burgundy Cordura | Grey Cordura | Navy Cordura | Olive Cordura | Rust Cordura | Coyote Cordura,0,,https://roadrunnerbags.us/products/west-coast-burrito-handlebar-bag
Road Runner Bags,Pilot,Auto-Pilot Stem Bag,1.75L,stembag,1.75,9.5,9.5,21.6,,unknown,,,none,,Cordura (matte woven),,,,,1,,,0,,0,,https://roadrunnerbags.us/products/auto-pilot
Road Runner Bags,Pilot,Co-Pilot Stem Bag,0.88L,stembag,0.88,7.6,7.6,15.2,,unknown,,,none,,Cordura (matte woven),,,,,1,,,0,,0,,https://roadrunnerbags.us/products/co-pilot-bar-bag
Road Runner Bags,Point N Shooter,Large Point N Shooter Stem Bag,1.75L,stembag,1.75,8.9,8.9,19.1,,unknown,,,none,,Cordura (matte woven),,,,,1,,,0,,0,,https://roadrunnerbags.us/products/point-n-shooter-l
Road Runner Bags,Bluff,Bluff Top Tube Bag,1.5L,toptube,1.5,24.1,8.9,11.4,,unknown,,,none,,Cordura (matte woven),,,,,1,,,0,,0,,https://roadrunnerbags.us/products/bluff-top-tube-bag
Road Runner Bags,Wedge,Wedge Half Frame Bag,2.5L,framebag_half,2.5,39.4,7.6,15.2,,unknown,,,none,,Cordura (matte woven),zip,wedge,0,slip slip,1,,,7,Black Cordura | Burgundy Cordura | Grey Cordura | Navy Cordura | Olive Cordura | Rust Cordura | Coyote Cordura,0,,https://roadrunnerbags.us/products/wedge
Road Runner Bags,Wedge,Wedge Mountain Bike Full Frame Bag,4L,framebag_full,4,40.6,7.6,25.4,,unknown,,,none,,Cordura (matte woven),zip,wedge,0,zip,1,,,7,Black Cordura | Burgundy Cordura | Grey Cordura | Navy Cordura | Olive Cordura | Rust Cordura | Coyote Cordura,0,,https://roadrunnerbags.us/products/wedge-mountain-bike-full-frame-bag
Road Runner Bags,Sleeper,Sleeper Bikepacking Saddle Bag,6L,seatpack,6,33,17.8,11.4,,unrolled,"Height: 10""-20"", Width: 7"", Depth: 4.5""; max volume 8.5L, min volume 2L; 12oz","page height 10""-20"" is the roll length compressed-to-full; packed len = 25.4 + 0.3*(50.8-25.4) = 33.0 cm. Input len of 50.8 was the fully-unrolled maximum. wid = stated width 7"", hgt = stated depth 4.5"". Volume 2L compressed to 8.5L max.",maker,,Cordura (matte woven),rolltop,tapered,1,,1,,,7,Black Cordura #1f1f1f | Burgundy Cordura #6b2233 | Grey Cordura #6e7276 | Navy Cordura #23334f | Olive Cordura #5c5f3d | Rust Cordura #a24d24 | Coyote Cordura #b3936a,1,https://cdn.shopify.com/s/files/1/1384/6395/files/20231103_RoadRunnerBags_VirginaCreeperTrail_SRW_22.jpg?v=1709649628,https://roadrunnerbags.us/products/bikepacking-saddle-bag
Road Runner Bags,Drafter,Drafter Saddle Bag,0.75L,saddlebag,0.75,6.4,7.6,17.8,,unknown,,,none,,Cordura (matte woven),,,,,1,,,0,,0,,https://roadrunnerbags.us/products/drafter-saddle-bag
Road Runner Bags,Tool Roll,Tool Saddle Roll,One Size,saddlebag,0.8,30.5,6,14,,unknown,,,none,,Cordura (matte woven),,,,,1,,,0,,0,,https://roadrunnerbags.us/products/tool-saddle-roll
Road Runner Bags,Buoy,Buoy Bag,7.75L,forkbag,7.75,33,,33,15.2,unknown,,,none,,Cordura (matte woven),,,,,1,,,0,,0,,https://roadrunnerbags.us/products/buoy-bag
Road Runner Bags,Buoy,Micro Buoy Bag,4.5L,forkbag,4.5,27.9,,27.9,8.9,unknown,,,none,,Cordura (matte woven),,,,,1,,,0,,0,,https://roadrunnerbags.us/products/micro-buoy-bag
Road Runner Bags,Anywhere,Anywhere Bikepacking Pannier,15L,pannier,15,23.5,15.2,35.6,,unknown,,,none,,Cordura (matte woven),rolltop,box,2,stretch slip,1,,,9,Black Cordura | Burgundy Cordura | Grey Cordura | Navy Cordura | Olive Cordura | Rust Cordura | Coyote Cordura | The Clint (Turmeric/Pink) | The Jaystone (Teal/Orange),0,,https://roadrunnerbags.us/products/bikepacking-pannier
Outer Shell Adventure,Seatpack,Seatpack,10.5L,seatpack,10.5,50.8,21.6,15.2,,unknown,"10.5L: requires 2"" exposed seatpost and 6.5"" saddle-to-tire clearance","linear dimensions appear only in a spec graphic, not page text; dims_cm left as input. Page states fit requirement: 2"" exposed seatpost and 6.5"" saddle-to-tire clearance.",maker,,Cordura (matte woven),rolltop,tapered,1,,1,,,10,Black #1c1c1c | Olive #5a5f3e | Brown #6b4b31 | Autumn #a8532a | Duck Camo #7b7a5a | Cow #e8e4de | Leopard #c8a06a | Multicam Black #3a3d45 | ECOPAK Graphite #4a4d52 | ECOPAK Marigold #d9a01f,0,,https://www.outershell.com/products/seatpack
Outer Shell Adventure,Seatpack,Seatpack,16L,seatpack,16,55.9,21.6,19.1,,unknown,"16L: requires 4.5"" exposed seatpost and 8"" saddle-to-tire clearance","linear dimensions appear only in a spec graphic, not page text; dims_cm left as input. Page states fit requirement: 4.5"" exposed seatpost and 8"" saddle-to-tire clearance.",maker,,Cordura (matte woven),rolltop,tapered,1,,1,,,8,Black #1c1c1c | Olive #5a5f3e | Brown #6b4b31 | Autumn #a8532a | Duck Camo #7b7a5a | Multicam Black #3a3d45 | ECOPAK Graphite #4a4d52 | ECOPAK Marigold #d9a01f,0,,https://www.outershell.com/products/seatpack
Outer Shell Adventure,Saddlebag,Rolltop Saddlebag,0.8-2.1L,saddlebag,2.1,27.9,10.2,7.6,,unknown,,,none,,Cordura (matte woven),,,,,1,,,0,,0,,https://www.outershell.com/products/rolltop-saddlebag
Outer Shell Adventure,Saddlebag,Mini Saddlebag,0.33L,saddlebag,0.33,12.7,5.1,5.1,,unknown,,,none,,Cordura (matte woven),,,,,1,,,0,,0,,https://www.outershell.com/products/mini-saddlebag
Outer Shell Adventure,Basket Bag,137 Basket Bag,13.6L,randobag,13.6,33,20.3,20.3,,unknown,,"dimensions appear only in a spec graphic, not the page text; dims_cm left as input.",maker,,Cordura (matte woven),flap,box,2,zip zip zip,1,,,10,Black #1c1c1c | Olive #5a5f3e | Brown #6b4b31 | Autumn #a8532a | Duck Camo #7b7a5a | Cow #e8e4de | Leopard #c8a06a | Multicam Black #3a3d45 | ECOPAK Graphite #4a4d52 | ECOPAK Marigold #d9a01f,0,,https://www.outershell.com/products/137-basket-bag
Outer Shell Adventure,Basket Bag,Rack Bag,19L,trunk,19,36.8,25.4,20.3,,unknown,,,none,,Cordura (matte woven),flap,box,2,zip zip slip slip,1,,,11,Black | Olive | Brown | Autumn | Duck Camo | Cow | Leopard | Multicam Black | Ecopak Graphite | Ecopak Marigold | Ecopak Autumn,0,,https://www.outershell.com/products/rack-bag-1
Outer Shell Adventure,Bar Bags,Drawcord Handlebar Bag,2.6-4.9L,barbag,4.9,20.3,10.2,12.7,,unknown,"fits up to five 12 oz. cans; requires 5"" clearance from center of handlebars to top of tire","dimensions are given only in a spec image on the page; dims_cm left as input. Page states it fits five 12oz cans and needs 5"" clearance from handlebar centre to tyre top.",maker,,Cordura (matte woven),drawcord,box,0,stretch stretch sleeve zip-clear zip,1,,,11,Black #1c1c1c | Olive #5a5f3e | Brown #6b4b31 | Autumn #a8532a | Duck Camo #7b7a5a | Cow #e8e4de | Leopard #c8a06a | Multicam Black #3a3d45 | ECOPAK Graphite #4a4d52 | ECOPAK Marigold #d9a01f | ECOPAK Maroon #6a2733,0,,https://www.outershell.com/products/handlebar-bag
Outer Shell Adventure,Bar Bags,Mini Bar Bag,1L,barbag,1,24.1,7.6,12.1,,unknown,,,none,,Cordura (matte woven),zip,box,0,,1,,,11,Black | Olive | Brown | Autumn | Duck Camo | Cow | Leopard | Multicam | Black ECOPAK | Graphite ECOPAK | Marigold ECOPAK,0,,https://www.outershell.com/products/mini-bar-bag
Outer Shell Adventure,Bar Bags,Mega Bar Bag,10.6L (18.5L expanded),barbag,10.6,25.4,20.3,21.6,,packed,"8"" long, 10"" wide, 8.5"" tall, with a 6"" expandable drawcord section; 10.6L to 18.5L depending on the position of the top flap; 1 lb 15 oz","CORRECTED (depth). The stored wid of 14cm had no source. Outer Shell's published figures are 10in wide across the bars, 8.5in tall and 8in long front-to-back, so the fore/aft depth is 20.3cm, not 14. With that fix the box is 25.4 x 21.6 x 20.3 = 11.1L against the rated 10.6L base volume - a 1.05 fill, which is exactly right for an internally-framed bag with a 3D aluminium structure sewn into the panels. The 18.5L is the same bag with the 6in drawcord section let out.",maker,,Cordura (matte woven),zip,box,2,zip stretch stretch slip,1,,,10,Black | Olive | Brown | Autumn | Duck Camo | Cow | Leopard | Multicam Black | Graphite ECOPAK | Marigold ECOPAK,0,,https://www.outershell.com/products/mega-bar-bag
Outer Shell Adventure,Harness System,Handlebar Harness,One Size,barroll,0,24.1,21.6,10.2,,unknown,"Works with bags 4"" to 9"" in diameter (the only dimensional statement Outer Shell publishes for this product)","UNRESOLVED. Outer Shell publishes no dimensions for the harness itself - only the range of dry bag it accepts. The stored 24.1 x 10.2 x 21.6 has no traceable source and I could not corroborate it from the product page, the SPECS graphic (this product's is a photo, not a drawing) or any retailer. Note also that the elongation rule the flag applied is not really meaningful here: this is a mount with liters 0, and its as-mounted envelope is whatever 4-9in dry bag is strapped into it, not a shape of its own. Dims left untouched rather than invented.",none,,Cordura (matte woven),harness,cylindrical,2,,1,,,1,Black,0,,https://www.outershell.com/products/stuff-sack-harness
Outer Shell Adventure,Harness System,Oval Dry Bag,5L,barroll,5,25.4,17.8,10.2,,packed,"5L: 4"" x 7"" base, 10"" height. Requires 5"" from center of handlebars to top of tire.","FALSE POSITIVE. Maker's figures map exactly: mounted horizontally in the harness the 10in height becomes the 25.4cm span across the bars and the 4 x 7in base becomes the cross-section, 10.2 tall by 17.8 fore/aft. Ratio 1.43 fails a 1.8 barroll threshold, but that threshold assumes a long thin bar roll; this bag is deliberately short and oval so it clears drop bars and the front tyre (hence the 5in clearance note). Box 4.6L on 5L rated. No change.",maker,,Cordura (matte woven),rolltop,barrel,0,,1,,,2,See-Through | Black,0,,https://www.outershell.com/products/oval-dry-bag
Outer Shell Adventure,Harness System,Oval Dry Bag,10L,barroll,10,36.8,21.6,12.7,,packed,"10L: 5"" x 8.5"" base, 14.5"" height. Requires 6"" from center of handlebars to top of tire.","FALSE POSITIVE. Same mapping as the 5L and the arithmetic closes perfectly: 36.8 x 21.6 x 12.7 = 10.1L against a rated 10L. Ratio 1.70 against a 1.8 threshold is a squat oval by design, not an error. No change.",maker,,Cordura (matte woven),rolltop,barrel,0,,1,,,2,See-Through | Black,0,,https://www.outershell.com/products/oval-dry-bag
Outer Shell Adventure,Stem Caddy,Stem Caddy,1.2-1.7L,stembag,1.2,8.9,8.9,15.2,,packed,"3.5"" x 3.5"" x 6"" with a 2.5"" expandable drawcord section; 1.2L to 1.7L capacity; fits a 1L bottle","CORRECTED capacity only; dims confirmed. 8.9 x 8.9 x 15.2 = 1.20L, which is Outer Shell's stated 1.2L to the decimal, and letting the 2.5in drawcord collar out takes the height to 8.5in = 1.71L, which is their stated 1.7L to the decimal. So the stored dims are the closed bag and the stored 1.7L was the extended figure. Set capacity_l to the stated 1.2L to match the packed dims; the range stays in the size string.",maker,,Cordura (matte woven),,,,,1,,,0,,0,,https://www.outershell.com/products/stem-caddy
Outer Shell Adventure,Top Tube Bag,Top Tube Bag,0.9L,toptube,0.9,21.1,6.4,10.2,,unknown,,,none,,Cordura (matte woven),,,,,1,,,0,,0,,https://www.outershell.com/products/top-tube-bag
Outer Shell Adventure,Half Frame Bag,Half Frame Bag,Small,framebag_half,1.9,43.2,5.7,10.8,,unknown,,,none,,Cordura (matte woven),zip,wedge,0,slip,1,,,10,Black | Olive | Brown | Autumn | Duck Camo | Cow | Leopard | Multicam Black | Graphite ECOPAK | Marigold ECOPAK,0,,https://www.outershell.com/products/half-framebag
Outer Shell Adventure,Half Frame Bag,Half Frame Bag,Medium,framebag_half,3.1,47,5.7,13.3,,unknown,,,none,,Cordura (matte woven),zip,wedge,0,slip,1,,,10,Black | Olive | Brown | Autumn | Duck Camo | Cow | Leopard | Multicam Black | Graphite ECOPAK | Marigold ECOPAK,0,,https://www.outershell.com/products/half-framebag
Outer Shell Adventure,Half Frame Bag,Half Frame Bag,Large,framebag_half,3.5,50.8,5.7,14.6,,unknown,,,none,,Cordura (matte woven),zip,wedge,0,slip,1,,,10,Black | Olive | Brown | Autumn | Duck Camo | Cow | Leopard | Multicam Black | Graphite ECOPAK | Marigold ECOPAK,0,,https://www.outershell.com/products/half-framebag
Wizard Works,Presto,Lil Presto Barrel Bag,Small (1.8L),barbag,1.8,20,,,10.5,packed,"Small: ""20cm Wide x 10.5cm Diameter""; Large: ""22cm Wide x 14cm Diameter"". Size options ""Small 1.8L"" and ""Large 3.4L""","hard-shell barrel bag, no roll closure, so the stated size is the mounted size. wizard.works sits behind a Cloudflare challenge that 403s plain HTTP clients; read in a real browser session, specs taken verbatim from the page's SPECS tab",maker,,"Cordura / X50 nylon (matte woven, splatter-dye prints)","hard-shell lid, one-handed on-the-bike access",barrel,0,slip slip,1,,,4,Black #1c1c1e | Olive #565a3f | Splatter #3a3a3c | Tan #b08a5e,4,https://www.wizard.works/wp-content/uploads/2021/04/lil_presto_2025_large_splatter@1280x-50.jpg | https://www.wizard.works/wp-content/uploads/2021/04/lil_presto_2025_small_splatter@1280x-50.jpg | https://www.wizard.works/wp-content/uploads/2021/04/lil_presto_2025_small_tan@1280x50.jpg | https://www.wizard.works/wp-content/uploads/2021/04/lil_presto_2025_large_tan@1280x-50.jpg,https://www.wizard.works/shop/lil-presto-barrel-bag/
Wizard Works,Presto,Lil Presto Barrel Bag,Large (3.5L),barbag,3.4,22,,,14,packed,"Small: ""20cm Wide x 10.5cm Diameter""; Large: ""22cm Wide x 14cm Diameter"". Size options ""Small 1.8L"" and ""Large 3.4L""","the size option is named 'Large 3.4L' on the page, not 3.5L as stored; capacity corrected. hard-shell barrel bag, no roll closure, so the stated size is the mounted size. wizard.works sits behind a Cloudflare challenge that 403s plain HTTP clients; read in a real browser session, specs taken verbatim from the page's SPECS tab",maker,,"Cordura / X50 nylon (matte woven, splatter-dye prints)","hard-shell lid, one-handed on-the-bike access",barrel,0,slip slip,1,,,4,Black #1c1c1e | Olive #565a3f | Splatter #3a3a3c | Tan #b08a5e,4,https://www.wizard.works/wp-content/uploads/2021/04/lil_presto_2025_large_splatter@1280x-50.jpg | https://www.wizard.works/wp-content/uploads/2021/04/lil_presto_2025_small_splatter@1280x-50.jpg | https://www.wizard.works/wp-content/uploads/2021/04/lil_presto_2025_small_tan@1280x50.jpg | https://www.wizard.works/wp-content/uploads/2021/04/lil_presto_2025_large_tan@1280x-50.jpg,https://www.wizard.works/shop/lil-presto-barrel-bag/
Wizard Works,Voila,Voila Stem Bag,Medium,stembag,0.9,,,15,8,packed,"Volume 0.9L / 1.65L; Size 15cm Tall x 8cm Diameter (Medium), 17cm Tall x 9.5cm Diameter (Large); Weight 90g / 100g","matches the stored values. wizard.works sits behind a Cloudflare challenge that 403s plain HTTP clients; read in a real browser session, specs taken verbatim from the page's SPECS tab",maker,,"Cordura / X50 nylon (matte woven, splatter-dye prints)",cinch,cylinder,,,1,,,4,Black #1c1c1e | Olive #565a3f | Splatter #3a3a3c | Tan #b08a5e,4,https://www.wizard.works/wp-content/uploads/2021/01/voila_2025_medium_black@1280x-50.jpg | https://www.wizard.works/wp-content/uploads/2021/01/voila_2025_large_black@1280x-50.jpg | https://www.wizard.works/wp-content/uploads/2021/01/voila_2025_medium_tan@1280x-50.jpg | https://www.wizard.works/wp-content/uploads/2021/01/voila_2025_large_tan@1280x-50.jpg,https://www.wizard.works/shop/voila-stem-bag/
Wizard Works,Voila,Voila Stem Bag,Large,stembag,1.65,,,17,9.5,packed,"Volume 0.9L / 1.65L; Size 15cm Tall x 8cm Diameter (Medium), 17cm Tall x 9.5cm Diameter (Large); Weight 90g / 100g","matches the stored values. wizard.works sits behind a Cloudflare challenge that 403s plain HTTP clients; read in a real browser session, specs taken verbatim from the page's SPECS tab",maker,,"Cordura / X50 nylon (matte woven, splatter-dye prints)",cinch,cylinder,,,1,,,4,Black #1c1c1e | Olive #565a3f | Splatter #3a3a3c | Tan #b08a5e,4,https://www.wizard.works/wp-content/uploads/2021/01/voila_2025_medium_black@1280x-50.jpg | https://www.wizard.works/wp-content/uploads/2021/01/voila_2025_large_black@1280x-50.jpg | https://www.wizard.works/wp-content/uploads/2021/01/voila_2025_medium_tan@1280x-50.jpg | https://www.wizard.works/wp-content/uploads/2021/01/voila_2025_large_tan@1280x-50.jpg,https://www.wizard.works/shop/voila-stem-bag/
Wizard Works,Go-Go,Go-Go Top Tube Bag,Small (0.8L),toptube,0.8,21,7,8,,packed,"Volume 0.8L / 1L; Size 21w x 7d x 8h cm (Small), 21w x 7d x 11h cm (Medium); Weight 110g / 125g","matches the stored values. wizard.works sits behind a Cloudflare challenge that 403s plain HTTP clients; read in a real browser session, specs taken verbatim from the page's SPECS tab",maker,,"Cordura / X50 nylon (matte woven, splatter-dye prints)",zippered,,,,1,,,4,Black #1c1c1e | Olive #565a3f | Splatter #3a3a3c | Tan #b08a5e,4,https://www.wizard.works/wp-content/uploads/2021/05/go_go_2025_medium_olive.jpg | https://www.wizard.works/wp-content/uploads/2021/05/go_go_2025_small_olive.jpg | https://www.wizard.works/wp-content/uploads/2021/05/go_go_2025_small_black.jpg | https://www.wizard.works/wp-content/uploads/2021/05/go_go_2025_medium_black.jpg,https://www.wizard.works/shop/go-go-top-tube-bag/
Wizard Works,Go-Go,Go-Go Top Tube Bag,Medium (1L),toptube,1,21,7,11,,packed,"Volume 0.8L / 1L; Size 21w x 7d x 8h cm (Small), 21w x 7d x 11h cm (Medium); Weight 110g / 125g","matches the stored values. wizard.works sits behind a Cloudflare challenge that 403s plain HTTP clients; read in a real browser session, specs taken verbatim from the page's SPECS tab",maker,,"Cordura / X50 nylon (matte woven, splatter-dye prints)",zippered,,,,1,,,4,Black #1c1c1e | Olive #565a3f | Splatter #3a3a3c | Tan #b08a5e,4,https://www.wizard.works/wp-content/uploads/2021/05/go_go_2025_medium_olive.jpg | https://www.wizard.works/wp-content/uploads/2021/05/go_go_2025_small_olive.jpg | https://www.wizard.works/wp-content/uploads/2021/05/go_go_2025_small_black.jpg | https://www.wizard.works/wp-content/uploads/2021/05/go_go_2025_medium_black.jpg,https://www.wizard.works/shop/go-go-top-tube-bag/
Wizard Works,Go-Go,Go-Go Long Top Tube Bag,Long (1.5L),toptube,1.5,31,7,11,,packed,Volume 1.5L; Size 31w x 7d x 11h cm; Weight 170g,"matches the stored values. wizard.works sits behind a Cloudflare challenge that 403s plain HTTP clients; read in a real browser session, specs taken verbatim from the page's SPECS tab",maker,,"Cordura / X50 nylon (matte woven, splatter-dye prints)",zippered,,,,1,,,4,Black #1c1c1e | Olive #565a3f | Splatter #3a3a3c | Tan #b08a5e,3,https://www.wizard.works/wp-content/uploads/2021/05/go_go_2025_large_black.jpg | https://www.wizard.works/wp-content/uploads/2021/05/go_go_2025_large_olive.jpg | https://www.wizard.works/wp-content/uploads/2021/05/go_go_2025_large_rust.jpg,https://www.wizard.works/shop/go-go-long-top-tube-bag/
Wizard Works,Houdini,Teeny Houdini Saddle Bag,One Size (0.5L),saddlebag,0.5,16,7,9,,packed,Volume 0.5L; Size 16 x 9 x 7cm; Weight 75g,"matches the stored values. wizard.works sits behind a Cloudflare challenge that 403s plain HTTP clients; read in a real browser session, specs taken verbatim from the page's SPECS tab",maker,,"Cordura / X50 nylon (matte woven, splatter-dye prints)",zippered,,,,1,,,4,Black #1c1c1e | Olive #565a3f | Splatter #3a3a3c | Tan #b08a5e,3,https://www.wizard.works/wp-content/uploads/2021/05/teeny_houdini_V2_splatter.jpg | https://www.wizard.works/wp-content/uploads/2021/05/teeny_houdini_V2_black.jpg | https://www.wizard.works/wp-content/uploads/2021/05/teeny_houdini_V2_olive.jpg,https://www.wizard.works/shop/teeny-houdini-saddle-bag/
Wizard Works,Alakazam,Alakazam Basket Bag,Wald 137,randobag,38,36,23,23.5,,unrolled,"Wald 137: Volume 9-38L (when fully unrolled), Size 36w x 23d x 13-48h cm, Weight 565g. Manivelle: Volume 11-49L (when fully unrolled), Size 39w x 27d x 11-47h cm, Weight 655g","the 13-48h cm range and the 9-38L volume are both quoted 'when fully unrolled'. Packed hgt = 13 + 0.3*(48-13) = 23.5 cm. The stored record used the 48 cm unrolled maximum, which rendered the bag roughly four times too tall. wizard.works sits behind a Cloudflare challenge that 403s plain HTTP clients; read in a real browser session, specs taken verbatim from the page's SPECS tab",maker,,"Cordura / X50 nylon (matte woven, splatter-dye prints)",roll top with fast access flap,box,2,zippered water-resistant water-resistant,1,,,4,Black #1c1c1e | Olive #565a3f | Splatter #3a3a3c | Tan #b08a5e,3,https://www.wizard.works/wp-content/uploads/2021/01/alakazam-2025-137-olive.jpg | https://www.wizard.works/wp-content/uploads/2021/01/alakazam-2025-manivelle-olive.jpg | https://www.wizard.works/wp-content/uploads/2021/01/alakazam-2025-137-black.jpg,https://www.wizard.works/shop/alakazam-basket-bag/
Wizard Works,Alakazam,Alakazam Basket Bag,Manivelle,randobag,49,39,27,21.8,,unrolled,"Wald 137: Volume 9-38L (when fully unrolled), Size 36w x 23d x 13-48h cm, Weight 565g. Manivelle: Volume 11-49L (when fully unrolled), Size 39w x 27d x 11-47h cm, Weight 655g","11-47h cm quoted 'when fully unrolled'; packed hgt = 11 + 0.3*(47-11) = 21.8 cm. The stored 47 cm was the unrolled maximum. wizard.works sits behind a Cloudflare challenge that 403s plain HTTP clients; read in a real browser session, specs taken verbatim from the page's SPECS tab",maker,,"Cordura / X50 nylon (matte woven, splatter-dye prints)",roll top with fast access flap,box,2,zippered water-resistant water-resistant,1,,,4,Black #1c1c1e | Olive #565a3f | Splatter #3a3a3c | Tan #b08a5e,3,https://www.wizard.works/wp-content/uploads/2021/01/alakazam-2025-137-olive.jpg | https://www.wizard.works/wp-content/uploads/2021/01/alakazam-2025-manivelle-olive.jpg | https://www.wizard.works/wp-content/uploads/2021/01/alakazam-2025-137-black.jpg,https://www.wizard.works/shop/alakazam-basket-bag/
Wizard Works,Badjelly,Badjelly Bar + Saddle Bag,Small (10L),barbag,10,29,17,24,,unknown,,"FALSE POSITIVE - barbag is the right primary. Genuinely dual-mount, but the bar side wins on hardware: the bag ships with 'Aluminium Bar attachment for rock solid stability' plus 'Voile Nano Straps and Foam Spacer pack included' - foam spacers exist only to push the bag off the stem bolts when bar-mounted. Saddle mounting needs hardware NOT in the box: Brooks-style saddle loops, aftermarket loops, or a Bagman QR bracket. The 2025 redesign is bar-optimised - 'tapering toward the front of the bag to provide more room for fingers and shifters on drop bars'. Retail copy leads with bars: 'equally at home on the bars or saddle'. Shape confirms barbag over barroll: the rear-view photo (badjelly-2025-medium-rear-view.jpg) shows a hardshell squared-off box with a slotted horizontal attachment bar and two vertical straps - a structured box, not a cylindrical roll.",maker,,"Cordura / X50 nylon (matte woven, splatter-dye prints)",rolltop,tapered,1,side side,1,,,4,Black #1c1c1e | Olive #565a3f | Splatter #3a3a3c | Tan #b08a5e,0,,https://www.wizard.works/shop/badjelly-bar-saddle-bag/
Wizard Works,Badjelly,Badjelly Bar + Saddle Bag,Medium (15L),barbag,15,31,18,29,,unknown,,"FALSE POSITIVE - barbag is the right primary, same reasoning as the Small. Included hardware (aluminium bar attachment, Voile straps, foam stem-bolt spacers) is bar hardware; saddle mounting requires separately-bought saddle loops or a Bagman bracket. Product photos show a hardshell structured box that 'holds its shape whether empty or full', matching the barbag builder rather than barroll.",maker,,"Cordura / X50 nylon (matte woven, splatter-dye prints)",rolltop,tapered,1,side side,1,,,4,Black #1c1c1e | Olive #565a3f | Splatter #3a3a3c | Tan #b08a5e,0,,https://www.wizard.works/shop/badjelly-bar-saddle-bag/
Wizard Works,Badjelly,Badjelly Bar + Saddle Bag,Large (19L),barbag,19,36,20,30,,unknown,,"FALSE POSITIVE - barbag is the right primary, same reasoning as the Small and Medium. At 19 L / 36 x 30 x 20 cm this is the largest size and the one least likely to be hung off a saddle without a dedicated bracket, which reinforces bars as the primary mount.",maker,,"Cordura / X50 nylon (matte woven, splatter-dye prints)",rolltop,tapered,1,side side,1,,,4,Black #1c1c1e | Olive #565a3f | Splatter #3a3a3c | Tan #b08a5e,0,,https://www.wizard.works/shop/badjelly-bar-saddle-bag/
Wizard Works,Forres,Forres Full Frame Bag,Small,framebag_full,5,45,6,29,,packed,Volume 5L / 6.5L / 7.8L / 9.5L; Size 45 x 29 x 6 cm / 49 x 36 x 6 cm / 52 x 39 x 6 cm / 55 x 44 x 6 cm; Weight 310g / 360g / 400g / 450g,"matches the stored values on every size. wizard.works sits behind a Cloudflare challenge that 403s plain HTTP clients; read in a real browser session, specs taken verbatim from the page's SPECS tab",maker,,"Cordura / X50 nylon (matte woven, splatter-dye prints)",zippered,full frame,0,,1,,,4,Black #1c1c1e | Olive #565a3f | Splatter #3a3a3c | Tan #b08a5e,4,https://www.wizard.works/wp-content/uploads/2024/07/forres-full-frame-bag-large-splatter-1.jpg | https://www.wizard.works/wp-content/uploads/2024/07/forres-full-frame-bag-small-black-1.jpg | https://www.wizard.works/wp-content/uploads/2024/07/forres-full-frame-bag-medium-olive@1800x-50.jpg | https://www.wizard.works/wp-content/uploads/2024/07/forres-full-frame-bag-large-tan@1280x-50-1.jpg,https://www.wizard.works/shop/forres-full-frame-bag/
Wizard Works,Forres,Forres Full Frame Bag,Medium,framebag_full,6.5,49,6,36,,packed,Volume 5L / 6.5L / 7.8L / 9.5L; Size 45 x 29 x 6 cm / 49 x 36 x 6 cm / 52 x 39 x 6 cm / 55 x 44 x 6 cm; Weight 310g / 360g / 400g / 450g,"matches the stored values on every size. wizard.works sits behind a Cloudflare challenge that 403s plain HTTP clients; read in a real browser session, specs taken verbatim from the page's SPECS tab",maker,,"Cordura / X50 nylon (matte woven, splatter-dye prints)",zippered,full frame,0,,1,,,4,Black #1c1c1e | Olive #565a3f | Splatter #3a3a3c | Tan #b08a5e,4,https://www.wizard.works/wp-content/uploads/2024/07/forres-full-frame-bag-large-splatter-1.jpg | https://www.wizard.works/wp-content/uploads/2024/07/forres-full-frame-bag-small-black-1.jpg | https://www.wizard.works/wp-content/uploads/2024/07/forres-full-frame-bag-medium-olive@1800x-50.jpg | https://www.wizard.works/wp-content/uploads/2024/07/forres-full-frame-bag-large-tan@1280x-50-1.jpg,https://www.wizard.works/shop/forres-full-frame-bag/
Wizard Works,Forres,Forres Full Frame Bag,Large,framebag_full,7.8,52,6,39,,packed,Volume 5L / 6.5L / 7.8L / 9.5L; Size 45 x 29 x 6 cm / 49 x 36 x 6 cm / 52 x 39 x 6 cm / 55 x 44 x 6 cm; Weight 310g / 360g / 400g / 450g,"matches the stored values on every size. wizard.works sits behind a Cloudflare challenge that 403s plain HTTP clients; read in a real browser session, specs taken verbatim from the page's SPECS tab",maker,,"Cordura / X50 nylon (matte woven, splatter-dye prints)",zippered,full frame,0,,1,,,4,Black #1c1c1e | Olive #565a3f | Splatter #3a3a3c | Tan #b08a5e,4,https://www.wizard.works/wp-content/uploads/2024/07/forres-full-frame-bag-large-splatter-1.jpg | https://www.wizard.works/wp-content/uploads/2024/07/forres-full-frame-bag-small-black-1.jpg | https://www.wizard.works/wp-content/uploads/2024/07/forres-full-frame-bag-medium-olive@1800x-50.jpg | https://www.wizard.works/wp-content/uploads/2024/07/forres-full-frame-bag-large-tan@1280x-50-1.jpg,https://www.wizard.works/shop/forres-full-frame-bag/
Wizard Works,Forres,Forres Full Frame Bag,XL,framebag_full,9.5,55,6,44,,packed,Volume 5L / 6.5L / 7.8L / 9.5L; Size 45 x 29 x 6 cm / 49 x 36 x 6 cm / 52 x 39 x 6 cm / 55 x 44 x 6 cm; Weight 310g / 360g / 400g / 450g,"matches the stored values on every size. wizard.works sits behind a Cloudflare challenge that 403s plain HTTP clients; read in a real browser session, specs taken verbatim from the page's SPECS tab",maker,,"Cordura / X50 nylon (matte woven, splatter-dye prints)",zippered,full frame,0,,1,,,4,Black #1c1c1e | Olive #565a3f | Splatter #3a3a3c | Tan #b08a5e,4,https://www.wizard.works/wp-content/uploads/2024/07/forres-full-frame-bag-large-splatter-1.jpg | https://www.wizard.works/wp-content/uploads/2024/07/forres-full-frame-bag-small-black-1.jpg | https://www.wizard.works/wp-content/uploads/2024/07/forres-full-frame-bag-medium-olive@1800x-50.jpg | https://www.wizard.works/wp-content/uploads/2024/07/forres-full-frame-bag-large-tan@1280x-50-1.jpg,https://www.wizard.works/shop/forres-full-frame-bag/
Wizard Works,Osyth,Osyth Frame Bag,Small,framebag_half,1.9,41,6,11,,packed,Volume 1.9L / 2.5L / 3.5L / 4.5L; Size 41 x 11 x 6cm / 45.5 x 12.5 x 6cm / 49 x 16 x 6cm / 51 x 20 x 6cm; Weight 170g / 195g / 235g / 255g,"matches the stored values on every size. wizard.works sits behind a Cloudflare challenge that 403s plain HTTP clients; read in a real browser session, specs taken verbatim from the page's SPECS tab",maker,,"Cordura / X50 nylon (matte woven, splatter-dye prints)",zippered,half frame,0,,1,,,4,Black #1c1c1e | Olive #565a3f | Splatter #3a3a3c | Tan #b08a5e,3,https://www.wizard.works/wp-content/uploads/2022/02/osyth_2025_medium_splatter@1280x-50.jpg | https://www.wizard.works/wp-content/uploads/2022/02/osyth_2025_small_splatter@1280x-50.jpg | https://www.wizard.works/wp-content/uploads/2022/02/osyth_2025_medium_black@1280x-50.jpg,https://www.wizard.works/shop/osyth-frame-bag/
Wizard Works,Osyth,Osyth Frame Bag,Medium,framebag_half,2.5,45.5,6,12.5,,packed,Volume 1.9L / 2.5L / 3.5L / 4.5L; Size 41 x 11 x 6cm / 45.5 x 12.5 x 6cm / 49 x 16 x 6cm / 51 x 20 x 6cm; Weight 170g / 195g / 235g / 255g,"matches the stored values on every size. wizard.works sits behind a Cloudflare challenge that 403s plain HTTP clients; read in a real browser session, specs taken verbatim from the page's SPECS tab",maker,,"Cordura / X50 nylon (matte woven, splatter-dye prints)",zippered,half frame,0,,1,,,4,Black #1c1c1e | Olive #565a3f | Splatter #3a3a3c | Tan #b08a5e,3,https://www.wizard.works/wp-content/uploads/2022/02/osyth_2025_medium_splatter@1280x-50.jpg | https://www.wizard.works/wp-content/uploads/2022/02/osyth_2025_small_splatter@1280x-50.jpg | https://www.wizard.works/wp-content/uploads/2022/02/osyth_2025_medium_black@1280x-50.jpg,https://www.wizard.works/shop/osyth-frame-bag/
Wizard Works,Osyth,Osyth Frame Bag,Large,framebag_half,3.5,49,6,16,,packed,Volume 1.9L / 2.5L / 3.5L / 4.5L; Size 41 x 11 x 6cm / 45.5 x 12.5 x 6cm / 49 x 16 x 6cm / 51 x 20 x 6cm; Weight 170g / 195g / 235g / 255g,"matches the stored values on every size. wizard.works sits behind a Cloudflare challenge that 403s plain HTTP clients; read in a real browser session, specs taken verbatim from the page's SPECS tab",maker,,"Cordura / X50 nylon (matte woven, splatter-dye prints)",zippered,half frame,0,,1,,,4,Black #1c1c1e | Olive #565a3f | Splatter #3a3a3c | Tan #b08a5e,3,https://www.wizard.works/wp-content/uploads/2022/02/osyth_2025_medium_splatter@1280x-50.jpg | https://www.wizard.works/wp-content/uploads/2022/02/osyth_2025_small_splatter@1280x-50.jpg | https://www.wizard.works/wp-content/uploads/2022/02/osyth_2025_medium_black@1280x-50.jpg,https://www.wizard.works/shop/osyth-frame-bag/
Wizard Works,Osyth,Osyth Frame Bag,XL,framebag_half,4.5,51,6,20,,packed,Volume 1.9L / 2.5L / 3.5L / 4.5L; Size 41 x 11 x 6cm / 45.5 x 12.5 x 6cm / 49 x 16 x 6cm / 51 x 20 x 6cm; Weight 170g / 195g / 235g / 255g,"matches the stored values on every size. wizard.works sits behind a Cloudflare challenge that 403s plain HTTP clients; read in a real browser session, specs taken verbatim from the page's SPECS tab",maker,,"Cordura / X50 nylon (matte woven, splatter-dye prints)",zippered,half frame,0,,1,,,4,Black #1c1c1e | Olive #565a3f | Splatter #3a3a3c | Tan #b08a5e,3,https://www.wizard.works/wp-content/uploads/2022/02/osyth_2025_medium_splatter@1280x-50.jpg | https://www.wizard.works/wp-content/uploads/2022/02/osyth_2025_small_splatter@1280x-50.jpg | https://www.wizard.works/wp-content/uploads/2022/02/osyth_2025_medium_black@1280x-50.jpg,https://www.wizard.works/shop/osyth-frame-bag/
Wizard Works,Figwit,Figwit Cargo Cage Bag,One Size (4L),forkbag,4,,,27,15,packed,"Outer Dimensions 15D x 27H cm; Volume 4L; Weight 240g; Compatible Strap size 25"" Voile","matches the stored values. wizard.works sits behind a Cloudflare challenge that 403s plain HTTP clients; read in a real browser session, specs taken verbatim from the page's SPECS tab",maker,,"Cordura / X50 nylon (matte woven, splatter-dye prints)",rolltop,cylinder,,,1,,,4,Black #1c1c1e | Olive #565a3f | Splatter #3a3a3c | Tan #b08a5e,4,https://www.wizard.works/wp-content/uploads/2024/04/figwit-2025-large-splatter@1280x-50-1.jpg | https://www.wizard.works/wp-content/uploads/2024/04/figwit-2025-large-Tan@1280x-50-1.jpg | https://www.wizard.works/wp-content/uploads/2024/04/figwit-2025-large-black@1280x-50-1.jpg | https://www.wizard.works/wp-content/uploads/2024/04/figwit-2025-large-olive@1280x-50.jpg,https://www.wizard.works/shop/figwit-cargo-cage-bag/
Wizard Works,Figwit,Figwit Cage Bag,One Size,forkbag,2.5,,,22,12,unknown,(the smaller Figwit has no SPECS table on its page - no dimensions or volume published),"unlike the Cargo Cage version, this page carries no spec table, so no dimensions or volume are published; dims left as stored. wizard.works sits behind a Cloudflare challenge that 403s plain HTTP clients; read in a real browser session, specs taken verbatim from the page's SPECS tab",maker,,"Cordura / X50 nylon (matte woven, splatter-dye prints)",rolltop,cylinder,,,1,,,4,Black #1c1c1e | Olive #565a3f | Splatter #3a3a3c | Tan #b08a5e,1,https://www.wizard.works/wp-content/uploads/2024/04/figwit-2025-large-sideview@1280x-50.jpg,https://www.wizard.works/shop/figwit-cage-bag/
Wizard Works,Snagla,Snagla Hip-Pack + Bar Bag,One Size (3.5L),barbag,3.5,26,7.5,17.1,,unrolled,Volume 3.5L; Size 15-22h x 26w x 7.5d cm; Weight 310g,"height is given as a 15-22 cm range; packed hgt = 15 + 0.3*(22-15) = 17.1 cm. The stored record used the 22 cm maximum. wizard.works sits behind a Cloudflare challenge that 403s plain HTTP clients; read in a real browser session, specs taken verbatim from the page's SPECS tab",maker,,"Cordura / X50 nylon (matte woven, splatter-dye prints)",rolltop,tapered,1,,1,,,4,Black #1c1c1e | Olive #565a3f | Splatter #3a3a3c | Tan #b08a5e,4,https://www.wizard.works/wp-content/uploads/2026/02/snagla_hip_pack_bar_bag_olive_gybg.jpg | https://www.wizard.works/wp-content/uploads/2026/02/snagla_hip_pack_bar_bag_black_gybg.jpg | https://www.wizard.works/wp-content/uploads/2026/02/snagla_hip_pack_bar_bag_tan_gybg1.jpg | https://www.wizard.works/wp-content/uploads/2026/02/snagla_hip_pack_bar_bag_detail_left_wing_gybg.jpg,https://www.wizard.works/shop/snagla-hip-pack-bar-bag/
Wizard Works,Leyline,Brompton X WW Leyline Front Bag,One Size (25L),randobag,25,40,23,33,,packed,"Volume 25L Main compartment, 2x 1.2L Side Pockets, 2x 1.5L Rear Pockets; Size 40 x 33 x 23 cm; Weight 1540g","matches the stored values. wizard.works sits behind a Cloudflare challenge that 403s plain HTTP clients; read in a real browser session, specs taken verbatim from the page's SPECS tab",maker,,"Cordura / X50 nylon (matte woven, splatter-dye prints)",rolltop,box,1,1.2L 1.2L 1.5L 1.5L,1,,,3,Black #1c1c1e | Splatter #3a3a3c | Tan #b08a5e,4,https://www.wizard.works/wp-content/uploads/2025/10/brompton-x-wizard-works-leylines-front-bag-tan-1280.jpg | https://www.wizard.works/wp-content/uploads/2025/10/brompton-x-wizard-works-leylines-front-bag-black-1280.jpg | https://www.wizard.works/wp-content/uploads/2025/10/brompton-x-wizard-works-leylines-front-bag-splatter-1280.jpg | https://www.wizard.works/wp-content/uploads/2025/10/brompton-x-wizard-works-leylines-front-bag-tan-rear-1280.jpg,https://www.wizard.works/shop/brompton-leyline-front-bag/
Wizard Works,Custom Fit,Custom Fit Roll-Top Frame Bag,Custom,framebag_full,6,50,6,33,,unknown,"Volume ""Varies""; Size ""5 or 6cm width options""; Weight ""Varies""","made to measure from a customer template photo, so only the width is a catalogue figure: 5 or 6 cm. Panel len/hgt left as stored representative values. wizard.works sits behind a Cloudflare challenge that 403s plain HTTP clients; read in a real browser session, specs taken verbatim from the page's SPECS tab",maker,,"Cordura / X50 nylon (matte woven, splatter-dye prints)",rolltop,wedge,0,,1,,,4,Black #1c1c1e | Olive #565a3f | Splatter #3a3a3c | Tan #b08a5e,2,https://www.wizard.works/wp-content/uploads/2026/06/custom-fit-roll-top-frame-bag-gybg-100.jpg | https://www.wizard.works/wp-content/uploads/2026/06/Bespoke-Rolltop-Framebag-labeled-2026-06-23-2048px-2.png,https://www.wizard.works/shop/custom-fit-roll-top-frame-bag/
Wizard Works,Custom Fit,Custom Fit Zip Frame Bag,Custom,framebag_full,6,50,6,33,,unknown,"Volume ""Varies""; Size ""5 or 6cm width options""; Weight ""Varies""","made to measure from a customer template photo; only the 5 or 6 cm width is a catalogue figure. Panel len/hgt left as stored representative values. wizard.works sits behind a Cloudflare challenge that 403s plain HTTP clients; read in a real browser session, specs taken verbatim from the page's SPECS tab",maker,,"Cordura / X50 nylon (matte woven, splatter-dye prints)",zippered,wedge,0,,1,,,4,Black #1c1c1e | Olive #565a3f | Splatter #3a3a3c | Tan #b08a5e,3,https://www.wizard.works/wp-content/uploads/2026/06/custom-fit-zip-frame-bag-full-double-v1-gybg-100.jpg | https://www.wizard.works/wp-content/uploads/2026/06/custom-fit-zip-frame-bag-full-single-v1-gybg-100.jpg | https://www.wizard.works/wp-content/uploads/2023/11/Bespoke-Frame-Bag-Patial-Product-Image-1536px-@2x-2.png,https://www.wizard.works/shop/custom-fit-zip-frame-bag/
Oveja Negra,Snack Pack,Snack Pack,Small,toptube,0.6,15.2,5.1,11.4,,packed,"6"" long x 4.5"" tall, width = 2"" (Oveja Negra size chart ""Top Tube / Snack Pack (Small)"")",from ON's own size-chart image Bikepacking-TopTubeBags-SIzeChartSmallMAG.png; previous 18x9x6cm was oversized on every axis,maker,,"Cordura / X-Pac (matte woven, VX21/VX42 reinforced)",zippered,,,,1,,,7,Coyote Brown #8a6f4e | Black #1b1b1d | Raspberry Beret #a3285c | Multicam® Black #3a3d42 | Party Animal #d1478f | Serape #b0432f | Jalapeño #4c6b33,5,https://cdn.shopify.com/s/files/1/1566/6307/files/SP-BLKadjusted2250.jpg | https://cdn.shopify.com/s/files/1/1566/6307/files/SP-COYadjusted2250.jpg | https://cdn.shopify.com/s/files/1/1566/6307/files/SP-RASPadjusted2250.jpg | https://cdn.shopify.com/s/files/1/1566/6307/files/SP-MCBadjusted2250.jpg | https://cdn.shopify.com/s/files/1/1566/6307/files/SP-JALPadjusted2250.jpg,https://www.ovejanegrabikepacking.com/products/snack-pack-top-tube-bag-small
Oveja Negra,Snack Pack,Snack Pack,Small Angle,toptube,0.6,15.2,5.1,11.4,,packed,"Small-Angle 6"" long x 4.5"" tall, width = 2"" (same ON chart, angled variant)",angled front face for molded/braced top tube-seat tube junctions; previous 18x9x6cm oversized,maker,,"Cordura / X-Pac (matte woven, VX21/VX42 reinforced)",zippered,angled rear face,,,1,,,6,Black #1b1b1d | Coyote Brown #8a6f4e | Raspberry Beret #a3285c | Jalapeno #4c6b33 | Sangre de Vida #7a1220 | Serape #b0432f,5,https://cdn.shopify.com/s/files/1/1566/6307/files/SPA-BLKadjusted2.jpg | https://cdn.shopify.com/s/files/1/1566/6307/files/SPA-COYadjusted.jpg | https://cdn.shopify.com/s/files/1/1566/6307/files/SPA-RASP.jpg | https://cdn.shopify.com/s/files/1/1566/6307/files/SPA-JALP.jpg | https://cdn.shopify.com/s/files/1/1566/6307/files/SPA-SRPadjusted.jpg,https://www.ovejanegrabikepacking.com/products/snack-pack-small-angle
Oveja Negra,Snack Pack,Snack Pack,Large,toptube,1,20.3,6.3,10.2,,packed,"Large 8"" x 4""; widths @ max: L=2.5"" XL=3""",from ON chart Bikepacking-TopTubeBag-SizeChartLXLMAG.png; mounts at stem/steer tube,maker,,"Cordura / X-Pac (matte woven, VX21/VX42 reinforced)",zippered,,,,1,,,9,Black #1b1b1d | Coyote Brown #8a6f4e | Jalapeño #4c6b33 | Raspberry Beret #a3285c | Serape #b0432f | Denim #3c5680 | Multicam Black #3a3d42 | Teal #1f6f78 | Highlighter #cbe04a,5,https://cdn.shopify.com/s/files/1/1566/6307/files/SnackBLKadjusted2.jpg | https://cdn.shopify.com/s/files/1/1566/6307/files/SnackCOYadjusted.jpg | https://cdn.shopify.com/s/files/1/1566/6307/files/SnackTEALadjusted.jpg | https://cdn.shopify.com/s/files/1/1566/6307/files/SnackJALAP.jpg | https://cdn.shopify.com/s/files/1/1566/6307/files/SnackHIGHLIGHTadjusted.jpg,https://www.ovejanegrabikepacking.com/products/snack-pack-top-tube-bags-large-xl
Oveja Negra,Snack Pack,Snack Pack,XL,toptube,1.38,22.9,7.6,11.4,,packed,"Xtra Large 9"" x 4.5""; widths @ max: XL=3""",from ON chart Bikepacking-TopTubeBag-SizeChartLXLMAG.png,maker,,"Cordura / X-Pac (matte woven, VX21/VX42 reinforced)",zippered,,,,1,,,9,Black #1b1b1d | Coyote Brown #8a6f4e | Jalapeño #4c6b33 | Raspberry Beret #a3285c | Serape #b0432f | Denim #3c5680 | Multicam Black #3a3d42 | Teal #1f6f78 | Highlighter #cbe04a,3,https://cdn.shopify.com/s/files/1/1566/6307/files/SnackBLKadjusted2.jpg | https://cdn.shopify.com/s/files/1/1566/6307/files/SnackCOYadjusted.jpg | https://cdn.shopify.com/s/files/1/1566/6307/files/SnackTEALadjusted.jpg,https://www.ovejanegrabikepacking.com/products/snack-pack-top-tube-bags-large-xl
Oveja Negra,Snack Pack,BOLT-ON Snack Pack,One Size,toptube,1,21.6,7.6,10.2,,packed,"8.5"" long overall, 4"" tall, 3"" @ max width; bolt spacing 3"" + 2.5"" + 3""","from ON chart SPBoltOnMAGCHART.png; no top tube strap, bolts to 2 braze-ons 2.5in apart",maker,,"Cordura / X-Pac (matte woven, VX21/VX42 reinforced)",zippered,,,,1,,,9,Black #1b1b1d | Coyote Brown #8a6f4e | Jalapeño #4c6b33 | Teal #1f6f78 | Serape #b0432f | Multicam Black #3a3d42 | Denim #3c5680 | Raspberry Berret #a3285c | Party Animal #d1478f,5,https://cdn.shopify.com/s/files/1/1566/6307/files/BOLT-BLKadjusted.jpg | https://cdn.shopify.com/s/files/1/1566/6307/files/BOLT-COYadjusted.jpg | https://cdn.shopify.com/s/files/1/1566/6307/files/BOLT-JLP.jpg | https://cdn.shopify.com/s/files/1/1566/6307/files/BOLT-TEAL.jpg | https://cdn.shopify.com/s/files/1/1566/6307/files/BOLT-SRPadjusted2.jpg,https://www.ovejanegrabikepacking.com/products/snack-pack-bolt-on
Oveja Negra,Chuckbucket,Chuckbucket Handlebar Snack Bag,One Size,stembag,1,,,20.1,11.4,unrolled,"4.5"" dia., 7"" body height plus 3"" upper collar (ON chart ""handlebar/accessory - chuckbucket""); removable fork crown strap 11.5"" max length",chart draws a 7in structured body with a 3in soft collar above it; packed hgt = 7 + 0.3*(10-7) = 7.9in = 20.1cm rather than the full 10in,maker,,"Cordura / X-Pac (matte woven, VX21/VX42 reinforced)","structured bucket top, one-handed",,,mesh,1,,,8,Black #1b1b1d | Coyote Brown #8a6f4e | Teal #1f6f78 | Raspberry Beret #a3285c | Denim Denim #3c5680 | Party Animal #d1478f | Serape #b0432f | Jalapeno #4c6b33,5,https://cdn.shopify.com/s/files/1/1566/6307/files/CB-COY1750.jpg | https://cdn.shopify.com/s/files/1/1566/6307/files/CB-BLK1750.jpg | https://cdn.shopify.com/s/files/1/1566/6307/files/CB-TEAL1750.jpg | https://cdn.shopify.com/s/files/1/1566/6307/files/CB-RAZZ.jpg | https://cdn.shopify.com/s/files/1/1566/6307/files/CB-JEAN1750.jpg,https://www.ovejanegrabikepacking.com/products/chuckbucket-handlebar-bag
Oveja Negra,Lunchbox,Lunchbox Handlebar Bag,One Size,barbag,3,21.6,6.3,16.5,,packed,"DIMENSIONS : Top 8.5"", Bottom 8.5"", Height 6.5"", Width 2.5""",stated dimensions matched the stored values; no change,maker,,"Cordura / X-Pac (matte woven, VX21/VX42 reinforced)",zippered,box,0,,1,,,5,Black #1b1b1d | Coyote Brown #8a6f4e | Raspberry Beret #a3285c | Jalapeño #4c6b33 | Serape #b0432f,5,https://cdn.shopify.com/s/files/1/1566/6307/files/LunchboxCOY1750-2.jpg | https://cdn.shopify.com/s/files/1/1566/6307/files/LunchboxBLK1750-3.jpg | https://cdn.shopify.com/s/files/1/1566/6307/files/LunchboxRASP1750.jpg | https://cdn.shopify.com/s/files/1/1566/6307/files/LunchboxJALP1750.jpg | https://cdn.shopify.com/s/files/1/1566/6307/files/LunchboxSRP1750.jpg,https://www.ovejanegrabikepacking.com/products/lunchbox-handlebar-bag
Oveja Negra,925,925 Handlebar Bag,One Size,barbag,5,25.4,11.4,17.8,,packed,"MEASUREMENTS : 10"" wide, 7"" tall, 4.5"" deep",stated dimensions matched the stored values; no change,maker,,"Cordura / X-Pac (matte woven, VX21/VX42 reinforced)",zippered,box,0,slip slip mesh,1,,,3,Black #1b1b1d | Serape #b0432f | Coyote #8a6f4e,5,https://cdn.shopify.com/s/files/1/1566/6307/files/925BLK-3.jpg | https://cdn.shopify.com/s/files/1/1566/6307/files/925SRP.jpg | https://cdn.shopify.com/s/files/1/1566/6307/files/925COY.jpg | https://cdn.shopify.com/s/files/1/1566/6307/files/925BCKBLK.jpg | https://cdn.shopify.com/s/files/1/1566/6307/files/925SIDEBLK-2.jpg,https://www.ovejanegrabikepacking.com/products/925-handlebar-bag-black
Oveja Negra,Lil' Smokey,Lil' Smokey Handlebar Bag,One Size,barbag,1,24.1,,,11.4,packed,"DIMENSIONS 9.5"" wide x 4.5"" diameter",stated dimensions matched the stored values; no change,maker,,"Cordura / X-Pac (matte woven, VX21/VX42 reinforced)",zippered,barrel,1,,1,,,3,Reflective #9aa0a6 | Coyote #8a6f4e | Barbie Goes West #e05a9c,5,https://cdn.shopify.com/s/files/1/1566/6307/files/BLKFRONT.jpg | https://cdn.shopify.com/s/files/1/1566/6307/files/COYFRONT.jpg | https://cdn.shopify.com/s/files/1/1566/6307/files/BGWFRONT.jpg | https://cdn.shopify.com/s/files/1/1566/6307/files/COYTEALFRONT.jpg | https://cdn.shopify.com/s/files/1/1566/6307/files/ORNGMCTFRONT.jpg,https://www.ovejanegrabikepacking.com/products/little-smokey
Oveja Negra,Front End Loader,Front End Loader Dry Bag Mount,fits 8-20L dry bags,barroll,20,27.9,,,18,packed,Max. Width: 11 inches; Accepts 8-20 liter dry bags,"only ""Max. Width: 11 inches"" is published; harness carries a user-supplied dry bag so dia stays an 18cm estimate for a ~15L bag",maker,,"Cordura / X-Pac (matte woven, VX21/VX42 reinforced)",harness (no bag),cylindrical,2,,1,,,1,Black #1b1b1d,4,https://cdn.shopify.com/s/files/1/1566/6307/files/FELBLK-1750.jpg | https://cdn.shopify.com/s/files/1/1566/6307/files/FELBLK-2-1750.jpg | https://cdn.shopify.com/s/files/1/1566/6307/files/FEL1.jpg | https://cdn.shopify.com/s/files/1/1566/6307/files/FEL2.jpg,https://www.ovejanegrabikepacking.com/products/front-end-loader
Oveja Negra,Superwedgie,Superwedgie 2.0 Frame Bag,S,framebag_half,3,33,3.8,22.9,,packed,"Small: 13"" top tube edge, 9"" rear (seat tube) edge, 14"" down tube edge, 1.5"" wide",from ON chart Bikepacking-FrameBags-SuperWedgieSizeChartMAG.png; stored hgt 12cm was far too short (real 22.9cm) and wid 6cm far too fat (real 3.8cm),maker,,"Cordura / X-Pac (matte woven, VX21/VX42 reinforced)",zippered,wedge,0,full zip map/tool,1,,,4,Black #1b1b1d | Coyote #8a6f4e | Serape #b0432f | Jalapeno #4c6b33,5,https://cdn.shopify.com/s/files/1/1566/6307/files/WedgieBLK2000.jpg | https://cdn.shopify.com/s/files/1/1566/6307/files/WedgieBLK2000-2.jpg | https://cdn.shopify.com/s/files/1/1566/6307/files/WedgieSRP2000.jpg | https://cdn.shopify.com/s/files/1/1566/6307/files/WedgieSRP2000side2.jpg | https://cdn.shopify.com/s/files/1/1566/6307/files/WedgieJLP2000.jpg,https://www.ovejanegrabikepacking.com/products/superwedgie-2-0-frame-bag
Oveja Negra,Superwedgie,Superwedgie 2.0 Frame Bag,L,framebag_half,4,38.1,3.8,27.3,,packed,"Large: 15"" top tube edge, 10.75"" rear edge, 17.5"" down tube edge, 1.5"" wide",from ON's Super Wedgie size chart; stored 45x13x6cm replaced,maker,,"Cordura / X-Pac (matte woven, VX21/VX42 reinforced)",zippered,wedge,0,full zip map/tool,1,,,4,Black #1b1b1d | Coyote #8a6f4e | Serape #b0432f | Jalapeno #4c6b33,3,https://cdn.shopify.com/s/files/1/1566/6307/files/WedgieBLK2000.jpg | https://cdn.shopify.com/s/files/1/1566/6307/files/WedgieSRP2000.jpg | https://cdn.shopify.com/s/files/1/1566/6307/files/WedgieJLP2000.jpg,https://www.ovejanegrabikepacking.com/products/superwedgie-2-0-frame-bag
Oveja Negra,1/2 Pack,1/2 Pack 2.0 Frame Bag,S,framebag_half,3,38,6,12,,unknown,(no dimensions published on the product page),"Oveja Negra publishes no dimensions for the 1/2 Pack 2.0 (no size-chart image on the product page, unlike its other frame bags); litres and colourways verified, dims left as stored",maker,,"Cordura / X-Pac (matte woven, VX21/VX42 reinforced)",zippered,half frame,0,full zip tool/map,1,,,8,Black #1b1b1d | Coyote Brown #8a6f4e | Highlighter #cbe04a | Raspberry Beret #a3285c | Teal #1f6f78 | Denim #3c5680 | Serape #b0432f | Jalapeño #4c6b33,6,https://cdn.shopify.com/s/files/1/1566/6307/files/Half2.0BLK.jpg | https://cdn.shopify.com/s/files/1/1566/6307/files/Half2.0COY1050.jpg | https://cdn.shopify.com/s/files/1/1566/6307/files/Half2.0HIGH1050.jpg | https://cdn.shopify.com/s/files/1/1566/6307/files/Half2.0RSP.jpg | https://cdn.shopify.com/s/files/1/1566/6307/files/Half2.0TEAL1050.jpg | https://cdn.shopify.com/s/files/1/1566/6307/files/Half2.0SRP1050.jpg,https://www.ovejanegrabikepacking.com/products/1-2-pack-2-0-frame-bag
Oveja Negra,1/2 Pack,1/2 Pack 2.0 Frame Bag,M,framebag_half,3.3,41,6,12.5,,unknown,(no dimensions published on the product page),"Oveja Negra publishes no dimensions for the 1/2 Pack 2.0 (no size-chart image on the product page, unlike its other frame bags); litres and colourways verified, dims left as stored",maker,,"Cordura / X-Pac (matte woven, VX21/VX42 reinforced)",zippered,half frame,0,full zip tool/map,1,,,8,Black #1b1b1d | Coyote Brown #8a6f4e | Highlighter #cbe04a | Raspberry Beret #a3285c | Teal #1f6f78 | Denim #3c5680 | Serape #b0432f | Jalapeño #4c6b33,6,https://cdn.shopify.com/s/files/1/1566/6307/files/Half2.0BLK.jpg | https://cdn.shopify.com/s/files/1/1566/6307/files/Half2.0COY1050.jpg | https://cdn.shopify.com/s/files/1/1566/6307/files/Half2.0HIGH1050.jpg | https://cdn.shopify.com/s/files/1/1566/6307/files/Half2.0RSP.jpg | https://cdn.shopify.com/s/files/1/1566/6307/files/Half2.0TEAL1050.jpg | https://cdn.shopify.com/s/files/1/1566/6307/files/Half2.0SRP1050.jpg,https://www.ovejanegrabikepacking.com/products/1-2-pack-2-0-frame-bag
Oveja Negra,1/2 Pack,1/2 Pack 2.0 Frame Bag,L,framebag_half,4,44,6,13,,unknown,(no dimensions published on the product page),"Oveja Negra publishes no dimensions for the 1/2 Pack 2.0 (no size-chart image on the product page, unlike its other frame bags); litres and colourways verified, dims left as stored",maker,,"Cordura / X-Pac (matte woven, VX21/VX42 reinforced)",zippered,half frame,0,full zip tool/map,1,,,8,Black #1b1b1d | Coyote Brown #8a6f4e | Highlighter #cbe04a | Raspberry Beret #a3285c | Teal #1f6f78 | Denim #3c5680 | Serape #b0432f | Jalapeño #4c6b33,6,https://cdn.shopify.com/s/files/1/1566/6307/files/Half2.0BLK.jpg | https://cdn.shopify.com/s/files/1/1566/6307/files/Half2.0COY1050.jpg | https://cdn.shopify.com/s/files/1/1566/6307/files/Half2.0HIGH1050.jpg | https://cdn.shopify.com/s/files/1/1566/6307/files/Half2.0RSP.jpg | https://cdn.shopify.com/s/files/1/1566/6307/files/Half2.0TEAL1050.jpg | https://cdn.shopify.com/s/files/1/1566/6307/files/Half2.0SRP1050.jpg,https://www.ovejanegrabikepacking.com/products/1-2-pack-2-0-frame-bag
Oveja Negra,1/2 Pack,1/2 Pack 2.0 Frame Bag,XL,framebag_half,4.4,47,6,14,,unknown,(no dimensions published on the product page),"Oveja Negra publishes no dimensions for the 1/2 Pack 2.0 (no size-chart image on the product page, unlike its other frame bags); litres and colourways verified, dims left as stored",maker,,"Cordura / X-Pac (matte woven, VX21/VX42 reinforced)",zippered,half frame,0,full zip tool/map,1,,,8,Black #1b1b1d | Coyote Brown #8a6f4e | Highlighter #cbe04a | Raspberry Beret #a3285c | Teal #1f6f78 | Denim #3c5680 | Serape #b0432f | Jalapeño #4c6b33,6,https://cdn.shopify.com/s/files/1/1566/6307/files/Half2.0BLK.jpg | https://cdn.shopify.com/s/files/1/1566/6307/files/Half2.0COY1050.jpg | https://cdn.shopify.com/s/files/1/1566/6307/files/Half2.0HIGH1050.jpg | https://cdn.shopify.com/s/files/1/1566/6307/files/Half2.0RSP.jpg | https://cdn.shopify.com/s/files/1/1566/6307/files/Half2.0TEAL1050.jpg | https://cdn.shopify.com/s/files/1/1566/6307/files/Half2.0SRP1050.jpg,https://www.ovejanegrabikepacking.com/products/1-2-pack-2-0-frame-bag
Oveja Negra,Bodega,Bodega Full Frame Bag,S,framebag_full,5,41.9,6.3,19.1,,packed,"16.5"" top tube edge, 7.5"" seat tube edge, 17.5"" down tube edge, 2"" wide at top / 2.5"" at bottom","from ON's own chart magchart-fullframesmall_copy.png; len is the top tube edge (down tube edge is longer, see dims_raw); width tapers 2in at top to 2.5in at bottom, wid is the max. Stored hgt was much too tall",maker,,"Cordura / X-Pac (matte woven, VX21/VX42 reinforced)",zippered,full frame triangle,0,full length map/flat,1,,,9,Black #1b1b1d | Coyote® Brown #8a6f4e | Serape #b0432f | Highlighter #cbe04a | Raspberry Beret #a3285c | Multicam® Black #3a3d42 | Jalapeño #4c6b33 | Teal #1f6f78 | Party Animal #d1478f,5,https://cdn.shopify.com/s/files/1/1566/6307/products/FullFrameS-BLK.jpg | https://cdn.shopify.com/s/files/1/1566/6307/files/FullFrameS-COY.jpg | https://cdn.shopify.com/s/files/1/1566/6307/files/FullFrameS-SRP.jpg | https://cdn.shopify.com/s/files/1/1566/6307/files/FullFrameS-JALP.jpg | https://cdn.shopify.com/s/files/1/1566/6307/files/BodegaS-HGH.jpg,https://www.ovejanegrabikepacking.com/products/full-frame-bags
Oveja Negra,Bodega,Bodega Full Frame Bag,M,framebag_full,6,45.7,6.3,23.5,,packed,"18"" top tube edge, 9.25"" seat tube edge, 19.5"" down tube edge, 2"" wide at top / 2.5"" at bottom","from ON's own chart magchart-mediumfullframe_copy.png; len is the top tube edge (down tube edge is longer, see dims_raw); width tapers 2in at top to 2.5in at bottom, wid is the max. Stored hgt was much too tall",maker,,"Cordura / X-Pac (matte woven, VX21/VX42 reinforced)",zippered,full frame triangle,0,full length map/flat,1,,,9,Black #1b1b1d | Coyote® Brown #8a6f4e | Serape #b0432f | Highlighter #cbe04a | Raspberry Beret #a3285c | Multicam® Black #3a3d42 | Jalapeño #4c6b33 | Teal #1f6f78 | Party Animal #d1478f,5,https://cdn.shopify.com/s/files/1/1566/6307/products/FullFrameS-BLK.jpg | https://cdn.shopify.com/s/files/1/1566/6307/files/FullFrameS-COY.jpg | https://cdn.shopify.com/s/files/1/1566/6307/files/FullFrameS-SRP.jpg | https://cdn.shopify.com/s/files/1/1566/6307/files/FullFrameS-JALP.jpg | https://cdn.shopify.com/s/files/1/1566/6307/files/BodegaS-HGH.jpg,https://www.ovejanegrabikepacking.com/products/full-frame-bags
Oveja Negra,Bodega,Bodega Full Frame Bag,L,framebag_full,7,50.2,7,29.2,,packed,"19.75"" top tube edge, 11.5"" seat tube edge, 21.5"" down tube edge, 2"" wide at top / 2.75"" at bottom","from ON's own chart magchart-fullframeLARGE_copy.png; len is the top tube edge (down tube edge is longer, see dims_raw); width tapers 2in at top to 2.75in at bottom, wid is the max. Stored hgt was much too tall",maker,,"Cordura / X-Pac (matte woven, VX21/VX42 reinforced)",zippered,full frame triangle,0,full length map/flat,1,,,9,Black #1b1b1d | Coyote® Brown #8a6f4e | Serape #b0432f | Highlighter #cbe04a | Raspberry Beret #a3285c | Multicam® Black #3a3d42 | Jalapeño #4c6b33 | Teal #1f6f78 | Party Animal #d1478f,5,https://cdn.shopify.com/s/files/1/1566/6307/products/FullFrameS-BLK.jpg | https://cdn.shopify.com/s/files/1/1566/6307/files/FullFrameS-COY.jpg | https://cdn.shopify.com/s/files/1/1566/6307/files/FullFrameS-SRP.jpg | https://cdn.shopify.com/s/files/1/1566/6307/files/FullFrameS-JALP.jpg | https://cdn.shopify.com/s/files/1/1566/6307/files/BodegaS-HGH.jpg,https://www.ovejanegrabikepacking.com/products/full-frame-bags
Oveja Negra,Bodega,Bodega Full Frame Bag,XL,framebag_full,8,55,6,40,,unknown,(ON publishes size charts for S/M/L only; no XL chart),"XL is sold (8L, 16.6 oz) but Oveja Negra publishes no XL size chart; dims left as stored. Note S/M/L charts came in far shorter than the stored heights, so XL hgt 40cm is likely too tall too",maker,,"Cordura / X-Pac (matte woven, VX21/VX42 reinforced)",zippered,full frame triangle,0,full length map/flat,1,,,9,Black #1b1b1d | Coyote® Brown #8a6f4e | Serape #b0432f | Highlighter #cbe04a | Raspberry Beret #a3285c | Multicam® Black #3a3d42 | Jalapeño #4c6b33 | Teal #1f6f78 | Party Animal #d1478f,5,https://cdn.shopify.com/s/files/1/1566/6307/products/FullFrameS-BLK.jpg | https://cdn.shopify.com/s/files/1/1566/6307/files/FullFrameS-COY.jpg | https://cdn.shopify.com/s/files/1/1566/6307/files/FullFrameS-SRP.jpg | https://cdn.shopify.com/s/files/1/1566/6307/files/FullFrameS-JALP.jpg | https://cdn.shopify.com/s/files/1/1566/6307/files/BodegaS-HGH.jpg,https://www.ovejanegrabikepacking.com/products/full-frame-bags
Oveja Negra,Gearjammer,Gearjammer Seat Bag,Large (6-12L),seatpack,12,39.4,19.1,19.1,,unrolled,"Large (6-12 liters): 22.5"" @ max (no compression), 12.5"" @ min (full compression), 7.5"" dia.; seat rail-tire clearance 8"" min","ON's chart gives a compression range, not a single length; packed len = 12.5 + 0.3*(22.5-12.5) = 15.5in = 39.4cm. Cross-section is a 7.5in diameter, so hgt and wid are both 19.1cm (stored 17 x 15 was slightly under)",maker,,"Cordura / X-Pac (matte woven, VX21/VX42 reinforced)",rolltop,tapered,3,,1,,,7,Black #1b1b1d | Coyote Brown #8a6f4e | Denim #3c5680 | Serape #b0432f | Teal #1f6f78 | Razz Beret #a3285c | Jalapeño #4c6b33,5,https://cdn.shopify.com/s/files/1/1566/6307/files/GJ-BLK1500.jpg | https://cdn.shopify.com/s/files/1/1566/6307/files/GJ-COY1500.jpg | https://cdn.shopify.com/s/files/1/1566/6307/files/GJ-TEAL1500.jpg | https://cdn.shopify.com/s/files/1/1566/6307/files/GJ-JEAN1500.jpg | https://cdn.shopify.com/s/files/1/1566/6307/files/GJ-SRP1500.jpg,https://www.ovejanegrabikepacking.com/products/gearjammer-seat-bag
Oveja Negra,Gearslammer,Gearslammer Seat Bag,One Size (2-4L),seatpack,4,28,12,12,,unknown,"(no dimensions published; CAPACITY 2-4 liters, RECOMMENDED 5.5in or more for clearance)",ON publishes no size chart or dimensions for the Gearslammer; dims left as stored. Only clearance guidance is given,maker,,"Cordura / X-Pac (matte woven, VX21/VX42 reinforced)",rolltop,tapered,2,,1,,,2,Black #1b1b1d | Wack Pack (Random Colorway) #6d6a63,5,https://cdn.shopify.com/s/files/1/1566/6307/files/GS-BLK1500.jpg | https://cdn.shopify.com/s/files/1/1566/6307/files/GS-WCK1500_dd17ffa8-c138-4f3b-a5de-47ba829b9f93.jpg | https://cdn.shopify.com/s/files/1/1566/6307/files/GSWCK2250-1.jpg | https://cdn.shopify.com/s/files/1/1566/6307/files/GS-WCK1500-5.jpg | https://cdn.shopify.com/s/files/1/1566/6307/files/GS-WCK1500-4.jpg,https://www.ovejanegrabikepacking.com/products/gearslammer-seat-bag
Oveja Negra,Bootlegger,Bootlegger Fork Bag (Direct Mount),One Size,forkbag,2,,,28,11,unknown,"(no dimensions published; CAPACITY 2 liters, fits a 32 oz Nalgene or 40 oz wide Klean Kanteen)","ON gives no dimensions for the Bootlegger, only the bottles it fits; dims left as stored (a 32oz Nalgene is ~11cm dia, consistent)",maker,,"Cordura / X-Pac (matte woven, VX21/VX42 reinforced)",dry-bag roll closure,,,,1,,,5,Black #1b1b1d | Multicam® Black #3a3d42 | Coyote Brown #8a6f4e | Serape #b0432f | Highlighter #cbe04a,5,https://cdn.shopify.com/s/files/1/1566/6307/products/bootlegger-black.jpg | https://cdn.shopify.com/s/files/1/1566/6307/files/bootleggerCOY.jpg | https://cdn.shopify.com/s/files/1/1566/6307/files/bootleggerSRP.jpg | https://cdn.shopify.com/s/files/1/1566/6307/products/bootlegger-MCB.jpg | https://cdn.shopify.com/s/files/1/1566/6307/files/bootlegger-topview.jpg,https://www.ovejanegrabikepacking.com/products/bootlegger-fork-bag
Rockgeist,BarJam,BarJam Harness 2.0,fits 8-30L dry bags,barroll,30,21.6,,,20,packed,"Dimensions: ""Barjam brackets are 10 mm wide"", ""Carbon fiber bar is 8.5\"" long, 22.2 mm in diameter"". Volume: ""Harness fits dry bags ranging from 8 to 30 liters (dry bag not included)""","only the carbon cradle bar (8.5in = 21.6cm) and bracket widths are published; dia 20cm remains an estimate for a mid-size dry bag, which is not included",maker,,X-Pac (visible X ripstop grid) / Ecopak welded laminate,harness (no bag),cylindrical,2,,1,,,1,RX36 Black #1c1c1e,5,https://rockgeist.com/wp-content/uploads/2017/11/Untitled-1-3-scaled.jpg | https://rockgeist.com/wp-content/uploads/2017/11/MTB-large-34.jpg | https://rockgeist.com/wp-content/uploads/2017/11/DSC09960.jpg | https://rockgeist.com/wp-content/uploads/2017/11/DSC09974-2.jpg | https://rockgeist.com/wp-content/uploads/2022/01/DSC00526.jpg,https://rockgeist.com/product/barjam/
Rockgeist,Loop,Loop Bar Harness,One Size,barroll,8,30,,,15,unknown,(no dimensions or volume published; Fabric: Black RX-36 Xpac),"Rockgeist publishes no dimensions for the Loop Bar Harness; dims left as stored. It is a harness for loop bars (Jones H-Bar, Surly Moloko), dry bag not included",maker,,X-Pac (visible X ripstop grid) / Ecopak welded laminate,harness (no bag),cylindrical,2,,1,,,1,Black RX-36 Xpac #1c1c1e,4,https://rockgeist.com/wp-content/uploads/2020/09/DSC09808-3.jpg | https://rockgeist.com/wp-content/uploads/2020/09/DSC09800.jpg | https://rockgeist.com/wp-content/uploads/2020/09/DSC09791.jpg | https://rockgeist.com/wp-content/uploads/2020/09/DSC09834.jpg,https://rockgeist.com/product/loop-bar-harness/
Rockgeist,Cache,Cache Top Tube Bag (Velcro),Small,toptube,0.8,19.7,7,10.2,,packed,"Small 2.75"" wide at stem, 4"" tall at stem, 7.75"" length (ideal for regular sized iPhone); Large 3.25"" wide at stem, 3.75"" tall at stem, 9.0"" length; XL 2.75"" wide at stem, 4.75"" tall at stem, 9.25"" length (ideal for plus-sized iPhone)","published dimensions match the stored values exactly; height and width are quoted at the stem end, the bag tapers rearwards",maker,,X-Pac (visible X ripstop grid) / Ecopak welded laminate,zippered,"tapered, wider at the stem",,,1,,,68,"RX-36 Black #1c1c1e | Ecopak-20 Red Barn #8f2b22 | Ecopak-20 Lemon Lime #c6d93b | Ecopak-20 Bright Blue #1f6fd0 | Ultra Silver VX40 #b9bcc0 | Ultra Black-400 #1c1c1e | Ultra Blue-400 #2a6fb0 | VX-21 Red #b02a25 | LS-21 Charcoal Black #2a2a2c | X10 Red Rocks #a4553f | RX30 Bluebell #6f86c9 | RX30 Ocean Blue #1d5f8a | RX30 Evergreen #1f4d3a | X10 Eclipse Grey #4a4d52 | VX-21 Bahama Blue #2a86b8 | LS-21 Moonscape #7b7d80 | VX21 Coyote Tan #8a6f4e | VX21 Ranger Green #4e5a45 | VX21 Teal #1f7a7a | VX21 Black Smartrepel #1c1c1e | VX25 Blaze Orange #e8601c | X10 Truffle Brown #5c4530 | VX21 Navy Blue #22304f | X10 Craggy Mist #8f9aa0 | X11 Blue Glacier #7fa3bd | X10 Coriander Tan #b09468 | Ultra EPL-40 Navy #22304f | Ecopak-20 Pink Flamingo #e8639b | Ecopak-20 Deep Purple #4a2a6b | VX21 Red #b02a25 | X50 Marigold #e8a11f | VX21 Navy #22304f | X50 Alpine Multi Cam #6f7565 | Black RX-36, with BoD Patch #1c1c1e | VX21 Bahama Blue #2a86b8 | X10, Coriander Tan #b09468 | VX21 Black #1c1c1e | VX21 Mulberry #6b2a4a | X11 Cotton Duck Coriander Tan #b09468 | X11 Cotton Duck Black #1c1c1e | EcoPX-20 Lemon Lime #c6d93b | EcoPX-20 Deep Purple #4a2a6b | LiteSkin 21 Charcoal Black #2a2a2c | LiteSkin 21 Moonscape Grey #7b7d80 | LiteSkin 42 Heather Grey #9a9a95 | X50 Black Multicam #3a3d3a | RX30 Cayenne #b03a24 | RX36 Black #1c1c1e | RX30 Alpine Glow #d4756a | VX21 Coyote #808080 | VX21 Ripstop Black #1c1c1e | Ultra PE Blue EPL-400 #2a6fb0 | X50 Black Multi Cam #3a3d3a | X10 Coriander #808080 | X10 Blue Glacier #7fa3bd | VX-25 Blaze Orange #e8601c | VX-21 Navy #22304f | White Lightning Ultra 400 #e9e9e6 | Storm Grey Ultra 200 #6e7276 | Navy Ultra 400 #22304f | Black Dyneema 2.92 #2b2b2d | White Dyneema 2.92 #dedede | Ultra PE Silver VX40 #b9bcc0 | Black Magic Ultra 400 #1c1c1e | VX21-RS Black #1c1c1e | Ecopak-20 Cayenne #b03a24 | Ecopak-20 Evergreen #1f4d3a | VX-21 Coyote #808080",5,https://rockgeist.com/wp-content/uploads/2015/11/MTB-large-16-1.png | https://rockgeist.com/wp-content/uploads/2015/11/MTB-large-43.jpg | https://rockgeist.com/wp-content/uploads/2015/11/Untitled-2.png | https://rockgeist.com/wp-content/uploads/2015/11/MTB-large-42.jpg | https://rockgeist.com/wp-content/uploads/2015/11/Untitled-1.png,https://rockgeist.com/product/cache-top-tube-bag/
Rockgeist,Cache,Cache Top Tube Bag (Velcro),Large,toptube,1.1,22.9,8.3,9.5,,packed,"Small 2.75"" wide at stem, 4"" tall at stem, 7.75"" length (ideal for regular sized iPhone); Large 3.25"" wide at stem, 3.75"" tall at stem, 9.0"" length; XL 2.75"" wide at stem, 4.75"" tall at stem, 9.25"" length (ideal for plus-sized iPhone)","published dimensions match the stored values exactly; height and width are quoted at the stem end, the bag tapers rearwards",maker,,X-Pac (visible X ripstop grid) / Ecopak welded laminate,zippered,"tapered, wider at the stem",,,1,,,68,"RX-36 Black #1c1c1e | Ecopak-20 Red Barn #8f2b22 | Ecopak-20 Lemon Lime #c6d93b | Ecopak-20 Bright Blue #1f6fd0 | Ultra Silver VX40 #b9bcc0 | Ultra Black-400 #1c1c1e | Ultra Blue-400 #2a6fb0 | VX-21 Red #b02a25 | LS-21 Charcoal Black #2a2a2c | X10 Red Rocks #a4553f | RX30 Bluebell #6f86c9 | RX30 Ocean Blue #1d5f8a | RX30 Evergreen #1f4d3a | X10 Eclipse Grey #4a4d52 | VX-21 Bahama Blue #2a86b8 | LS-21 Moonscape #7b7d80 | VX21 Coyote Tan #8a6f4e | VX21 Ranger Green #4e5a45 | VX21 Teal #1f7a7a | VX21 Black Smartrepel #1c1c1e | VX25 Blaze Orange #e8601c | X10 Truffle Brown #5c4530 | VX21 Navy Blue #22304f | X10 Craggy Mist #8f9aa0 | X11 Blue Glacier #7fa3bd | X10 Coriander Tan #b09468 | Ultra EPL-40 Navy #22304f | Ecopak-20 Pink Flamingo #e8639b | Ecopak-20 Deep Purple #4a2a6b | VX21 Red #b02a25 | X50 Marigold #e8a11f | VX21 Navy #22304f | X50 Alpine Multi Cam #6f7565 | Black RX-36, with BoD Patch #1c1c1e | VX21 Bahama Blue #2a86b8 | X10, Coriander Tan #b09468 | VX21 Black #1c1c1e | VX21 Mulberry #6b2a4a | X11 Cotton Duck Coriander Tan #b09468 | X11 Cotton Duck Black #1c1c1e | EcoPX-20 Lemon Lime #c6d93b | EcoPX-20 Deep Purple #4a2a6b | LiteSkin 21 Charcoal Black #2a2a2c | LiteSkin 21 Moonscape Grey #7b7d80 | LiteSkin 42 Heather Grey #9a9a95 | X50 Black Multicam #3a3d3a | RX30 Cayenne #b03a24 | RX36 Black #1c1c1e | RX30 Alpine Glow #d4756a | VX21 Coyote #808080 | VX21 Ripstop Black #1c1c1e | Ultra PE Blue EPL-400 #2a6fb0 | X50 Black Multi Cam #3a3d3a | X10 Coriander #808080 | X10 Blue Glacier #7fa3bd | VX-25 Blaze Orange #e8601c | VX-21 Navy #22304f | White Lightning Ultra 400 #e9e9e6 | Storm Grey Ultra 200 #6e7276 | Navy Ultra 400 #22304f | Black Dyneema 2.92 #2b2b2d | White Dyneema 2.92 #dedede | Ultra PE Silver VX40 #b9bcc0 | Black Magic Ultra 400 #1c1c1e | VX21-RS Black #1c1c1e | Ecopak-20 Cayenne #b03a24 | Ecopak-20 Evergreen #1f4d3a | VX-21 Coyote #808080",5,https://rockgeist.com/wp-content/uploads/2015/11/MTB-large-16-1.png | https://rockgeist.com/wp-content/uploads/2015/11/MTB-large-43.jpg | https://rockgeist.com/wp-content/uploads/2015/11/Untitled-2.png | https://rockgeist.com/wp-content/uploads/2015/11/MTB-large-42.jpg | https://rockgeist.com/wp-content/uploads/2015/11/Untitled-1.png,https://rockgeist.com/product/cache-top-tube-bag/
Rockgeist,Cache,Cache Top Tube Bag (Velcro),XL,toptube,1.4,23.5,7,12.1,,packed,"Small 2.75"" wide at stem, 4"" tall at stem, 7.75"" length (ideal for regular sized iPhone); Large 3.25"" wide at stem, 3.75"" tall at stem, 9.0"" length; XL 2.75"" wide at stem, 4.75"" tall at stem, 9.25"" length (ideal for plus-sized iPhone)","published dimensions match the stored values exactly; height and width are quoted at the stem end, the bag tapers rearwards",maker,,X-Pac (visible X ripstop grid) / Ecopak welded laminate,zippered,"tapered, wider at the stem",,,1,,,68,"RX-36 Black #1c1c1e | Ecopak-20 Red Barn #8f2b22 | Ecopak-20 Lemon Lime #c6d93b | Ecopak-20 Bright Blue #1f6fd0 | Ultra Silver VX40 #b9bcc0 | Ultra Black-400 #1c1c1e | Ultra Blue-400 #2a6fb0 | VX-21 Red #b02a25 | LS-21 Charcoal Black #2a2a2c | X10 Red Rocks #a4553f | RX30 Bluebell #6f86c9 | RX30 Ocean Blue #1d5f8a | RX30 Evergreen #1f4d3a | X10 Eclipse Grey #4a4d52 | VX-21 Bahama Blue #2a86b8 | LS-21 Moonscape #7b7d80 | VX21 Coyote Tan #8a6f4e | VX21 Ranger Green #4e5a45 | VX21 Teal #1f7a7a | VX21 Black Smartrepel #1c1c1e | VX25 Blaze Orange #e8601c | X10 Truffle Brown #5c4530 | VX21 Navy Blue #22304f | X10 Craggy Mist #8f9aa0 | X11 Blue Glacier #7fa3bd | X10 Coriander Tan #b09468 | Ultra EPL-40 Navy #22304f | Ecopak-20 Pink Flamingo #e8639b | Ecopak-20 Deep Purple #4a2a6b | VX21 Red #b02a25 | X50 Marigold #e8a11f | VX21 Navy #22304f | X50 Alpine Multi Cam #6f7565 | Black RX-36, with BoD Patch #1c1c1e | VX21 Bahama Blue #2a86b8 | X10, Coriander Tan #b09468 | VX21 Black #1c1c1e | VX21 Mulberry #6b2a4a | X11 Cotton Duck Coriander Tan #b09468 | X11 Cotton Duck Black #1c1c1e | EcoPX-20 Lemon Lime #c6d93b | EcoPX-20 Deep Purple #4a2a6b | LiteSkin 21 Charcoal Black #2a2a2c | LiteSkin 21 Moonscape Grey #7b7d80 | LiteSkin 42 Heather Grey #9a9a95 | X50 Black Multicam #3a3d3a | RX30 Cayenne #b03a24 | RX36 Black #1c1c1e | RX30 Alpine Glow #d4756a | VX21 Coyote #808080 | VX21 Ripstop Black #1c1c1e | Ultra PE Blue EPL-400 #2a6fb0 | X50 Black Multi Cam #3a3d3a | X10 Coriander #808080 | X10 Blue Glacier #7fa3bd | VX-25 Blaze Orange #e8601c | VX-21 Navy #22304f | White Lightning Ultra 400 #e9e9e6 | Storm Grey Ultra 200 #6e7276 | Navy Ultra 400 #22304f | Black Dyneema 2.92 #2b2b2d | White Dyneema 2.92 #dedede | Ultra PE Silver VX40 #b9bcc0 | Black Magic Ultra 400 #1c1c1e | VX21-RS Black #1c1c1e | Ecopak-20 Cayenne #b03a24 | Ecopak-20 Evergreen #1f4d3a | VX-21 Coyote #808080",5,https://rockgeist.com/wp-content/uploads/2015/11/MTB-large-16-1.png | https://rockgeist.com/wp-content/uploads/2015/11/MTB-large-43.jpg | https://rockgeist.com/wp-content/uploads/2015/11/Untitled-2.png | https://rockgeist.com/wp-content/uploads/2015/11/MTB-large-42.jpg | https://rockgeist.com/wp-content/uploads/2015/11/Untitled-1.png,https://rockgeist.com/product/cache-top-tube-bag/
Rockgeist,Cache,Cache Top Tube Bag (Bolt On),Small,toptube,0.8,19.7,7,10.2,,packed,"Small 2.75"" wide at stem, 4"" tall at stem, 7.75"" length (ideal for regular sized iPhone); Large 3.25"" wide at stem, 3.75"" tall at stem, 9.0"" length; XL 2.75"" wide at stem, 4.75"" tall at stem, 9.25"" length (ideal for plus-sized iPhone)","published dimensions match the stored values exactly; height and width are quoted at the stem end, the bag tapers rearwards",maker,,X-Pac (visible X ripstop grid) / Ecopak welded laminate,zippered,"tapered, wider at the stem",,,1,,,43,Ecopak-20 Red Barn #8f2b22 | 2.92 Dyneema Black #1c1c1e | Heather Grey LS42 #9a9a95 | VX-21 Red #b02a25 | Ultra VX-40 Silver #b9bcc0 | Ultra-EPL 40 Black #1c1c1e | Ultra-EPL 40 Blue #2a6fb0 | Ultra-EPL 40 White #f0f0ee | VX21 Black #1c1c1e | LS42 Heather Grey #9a9a95 | VX21 Indigo #33406b | VX21 Navy #22304f | ECO-PX 20 Lemon Lime #c6d93b | RX-30 Cayenne #b03a24 | Ultra PE Blue EPL400 +$10 #2a6fb0 | Ultra PE White EPL400 +$10 #f0f0ee | Ultra PE Silver VX-40 #b9bcc0 | X10 Truffle Brown #5c4530 | X10 Red Rocks #a4553f | RX-36 Black #1c1c1e | VX-21 Navy #22304f | VX21 Ranger Green #4e5a45 | X10 Eclipse Grey #4a4d52 | VX-21RS Black #1c1c1e | X10 Craggy Mist #8f9aa0 | VX21 Black Smartrepel #1c1c1e | Ultra PE grey dyneema 2.92 #7d7f82 | Ultra PE Black dyneema 2.92 #2b2b2d | LiteSkin 42 Heather Grey #9a9a95 | VX21 Teal #1f7a7a | VX21 Red #b02a25 | EcoPX-20 Deep Purple #4a2a6b | LiteSkin42 Heather Grey #9a9a95 | VX21 Bahama Blue #2a86b8 | VX21 Mulberry #6b2a4a | LiteSkin 21 Charcoal Black #2a2a2c | VX21 Coyote Tan #8a6f4e | Ultra PE Black EPL400 #1c1c1e | VX-21 Blaze Orange #e8601c | EcoPX-20 Lemon Lime #c6d93b | Black MultiCam X50 #3a3d3a | EcoPX-20 Bright Blue #1f6fd0 | Ecopak-45 Revel Red #c02a2e,5,https://rockgeist.com/wp-content/uploads/2021/03/MTB-large-12.png | https://rockgeist.com/wp-content/uploads/2019/05/DSC08764.jpg | https://rockgeist.com/wp-content/uploads/2015/11/TT-bolt-on-eric-1.png | https://rockgeist.com/wp-content/uploads/2015/11/cache-3.png | https://rockgeist.com/wp-content/uploads/2015/11/Untitled-2.png,https://rockgeist.com/product/cache-top-tube-bag-bolt-on/
Rockgeist,Cache,Cache Top Tube Bag (Bolt On),Large,toptube,1.1,22.9,8.3,9.5,,packed,"Small 2.75"" wide at stem, 4"" tall at stem, 7.75"" length (ideal for regular sized iPhone); Large 3.25"" wide at stem, 3.75"" tall at stem, 9.0"" length; XL 2.75"" wide at stem, 4.75"" tall at stem, 9.25"" length (ideal for plus-sized iPhone)","published dimensions match the stored values exactly; height and width are quoted at the stem end, the bag tapers rearwards",maker,,X-Pac (visible X ripstop grid) / Ecopak welded laminate,zippered,"tapered, wider at the stem",,,1,,,43,Ecopak-20 Red Barn #8f2b22 | 2.92 Dyneema Black #1c1c1e | Heather Grey LS42 #9a9a95 | VX-21 Red #b02a25 | Ultra VX-40 Silver #b9bcc0 | Ultra-EPL 40 Black #1c1c1e | Ultra-EPL 40 Blue #2a6fb0 | Ultra-EPL 40 White #f0f0ee | VX21 Black #1c1c1e | LS42 Heather Grey #9a9a95 | VX21 Indigo #33406b | VX21 Navy #22304f | ECO-PX 20 Lemon Lime #c6d93b | RX-30 Cayenne #b03a24 | Ultra PE Blue EPL400 +$10 #2a6fb0 | Ultra PE White EPL400 +$10 #f0f0ee | Ultra PE Silver VX-40 #b9bcc0 | X10 Truffle Brown #5c4530 | X10 Red Rocks #a4553f | RX-36 Black #1c1c1e | VX-21 Navy #22304f | VX21 Ranger Green #4e5a45 | X10 Eclipse Grey #4a4d52 | VX-21RS Black #1c1c1e | X10 Craggy Mist #8f9aa0 | VX21 Black Smartrepel #1c1c1e | Ultra PE grey dyneema 2.92 #7d7f82 | Ultra PE Black dyneema 2.92 #2b2b2d | LiteSkin 42 Heather Grey #9a9a95 | VX21 Teal #1f7a7a | VX21 Red #b02a25 | EcoPX-20 Deep Purple #4a2a6b | LiteSkin42 Heather Grey #9a9a95 | VX21 Bahama Blue #2a86b8 | VX21 Mulberry #6b2a4a | LiteSkin 21 Charcoal Black #2a2a2c | VX21 Coyote Tan #8a6f4e | Ultra PE Black EPL400 #1c1c1e | VX-21 Blaze Orange #e8601c | EcoPX-20 Lemon Lime #c6d93b | Black MultiCam X50 #3a3d3a | EcoPX-20 Bright Blue #1f6fd0 | Ecopak-45 Revel Red #c02a2e,5,https://rockgeist.com/wp-content/uploads/2021/03/MTB-large-12.png | https://rockgeist.com/wp-content/uploads/2019/05/DSC08764.jpg | https://rockgeist.com/wp-content/uploads/2015/11/TT-bolt-on-eric-1.png | https://rockgeist.com/wp-content/uploads/2015/11/cache-3.png | https://rockgeist.com/wp-content/uploads/2015/11/Untitled-2.png,https://rockgeist.com/product/cache-top-tube-bag-bolt-on/
Rockgeist,Cache,Cache Top Tube Bag (Bolt On),XL,toptube,1.4,23.5,7,12.1,,packed,"Small 2.75"" wide at stem, 4"" tall at stem, 7.75"" length (ideal for regular sized iPhone); Large 3.25"" wide at stem, 3.75"" tall at stem, 9.0"" length; XL 2.75"" wide at stem, 4.75"" tall at stem, 9.25"" length (ideal for plus-sized iPhone)","published dimensions match the stored values exactly; height and width are quoted at the stem end, the bag tapers rearwards",maker,,X-Pac (visible X ripstop grid) / Ecopak welded laminate,zippered,"tapered, wider at the stem",,,1,,,43,Ecopak-20 Red Barn #8f2b22 | 2.92 Dyneema Black #1c1c1e | Heather Grey LS42 #9a9a95 | VX-21 Red #b02a25 | Ultra VX-40 Silver #b9bcc0 | Ultra-EPL 40 Black #1c1c1e | Ultra-EPL 40 Blue #2a6fb0 | Ultra-EPL 40 White #f0f0ee | VX21 Black #1c1c1e | LS42 Heather Grey #9a9a95 | VX21 Indigo #33406b | VX21 Navy #22304f | ECO-PX 20 Lemon Lime #c6d93b | RX-30 Cayenne #b03a24 | Ultra PE Blue EPL400 +$10 #2a6fb0 | Ultra PE White EPL400 +$10 #f0f0ee | Ultra PE Silver VX-40 #b9bcc0 | X10 Truffle Brown #5c4530 | X10 Red Rocks #a4553f | RX-36 Black #1c1c1e | VX-21 Navy #22304f | VX21 Ranger Green #4e5a45 | X10 Eclipse Grey #4a4d52 | VX-21RS Black #1c1c1e | X10 Craggy Mist #8f9aa0 | VX21 Black Smartrepel #1c1c1e | Ultra PE grey dyneema 2.92 #7d7f82 | Ultra PE Black dyneema 2.92 #2b2b2d | LiteSkin 42 Heather Grey #9a9a95 | VX21 Teal #1f7a7a | VX21 Red #b02a25 | EcoPX-20 Deep Purple #4a2a6b | LiteSkin42 Heather Grey #9a9a95 | VX21 Bahama Blue #2a86b8 | VX21 Mulberry #6b2a4a | LiteSkin 21 Charcoal Black #2a2a2c | VX21 Coyote Tan #8a6f4e | Ultra PE Black EPL400 #1c1c1e | VX-21 Blaze Orange #e8601c | EcoPX-20 Lemon Lime #c6d93b | Black MultiCam X50 #3a3d3a | EcoPX-20 Bright Blue #1f6fd0 | Ecopak-45 Revel Red #c02a2e,5,https://rockgeist.com/wp-content/uploads/2021/03/MTB-large-12.png | https://rockgeist.com/wp-content/uploads/2019/05/DSC08764.jpg | https://rockgeist.com/wp-content/uploads/2015/11/TT-bolt-on-eric-1.png | https://rockgeist.com/wp-content/uploads/2015/11/cache-3.png | https://rockgeist.com/wp-content/uploads/2015/11/Untitled-2.png,https://rockgeist.com/product/cache-top-tube-bag-bolt-on/
Rockgeist,Gondola,Gondola Dropper Post Saddlebag,Small,seatpack,4,33,12,12,,unknown,"Volume: ""Small 4L, Large 5L"". Required Tire Clearance: ""4-5\"" for the small, 5-6\"" for the large""",Rockgeist publishes volume and tyre clearance but no bag dimensions for the Gondola; dims left as stored,maker,,X-Pac (visible X ripstop grid) / Ecopak welded laminate,rolltop,tapered,2,slip,1,,,49,Cranberry Bog (from welded line) #7a1f2b | Ecopak 450RS Revel Red #c02a2e | Ecopak EPX200 Black #1c1c1e | Ecopak EPX200 Bright Blue #1f6fd0 | Ecopak EPX200 Bright Orange #e8641f | Ecopak EPX200 Coyote Brown #8a6f4e | Ecopak EPX200 Deep Purple #4a2a6b | Ecopak EPX200 Drab Green #5d6249 | Ecopak EPX200 Fuchsia #c0357f | Ecopak EPX200 Golden Daisy #e0b024 | Ecopak EPX200 Lemon Lime #c6d93b | Ecopak EPX200 Lilac #b9a3d1 | Ecopak EPX200 Ocean Blue #1d5f8a | Ecopak EPX200 Red Barn #8f2b22 | Ecopak EPX200 Snow White #f2f2ef | Ecopak EPX200 Tropic Teal #1f8a86 | Ecopak EPX200 Wolf Grey #7d7f82 | Ecopak-20 Pink Flamingo #e8639b | Light Black (from welded line) #232323 | LiteSkin-21 Charcoal Black #2a2a2c | LiteSkin-21 Heather Grey #9a9a95 | LiteSkin-42 Charcoal Black #2a2a2c | RX-30 Alpen Glow #d4756a | RX-30 Blue Bell #6f86c9 | RX-30 Cayenne #b03a24 | RX-30 Evergreen #1f4d3a | RX-30 Ocean Blue #1d5f8a | RX-36 Black #1c1c1e | Ultra 200 Storm Grey #6e7276 | Ultra 400 Black Magic #1c1c1e | Ultra 400 Navy #22304f | Ultra 400 White Lightning #e9e9e6 | Ultra VX40 Silver #b9bcc0 | VX21 Black #1c1c1e | VX21 Sea Green #4f8f7a | X10 Eclipse Grey Cotton Duck #4a4d52 | X10 Olive Cotton Duck #6b6a3c | X11 Black Cotton Duck #1c1c1e | X11 Blue Glacier Cotton Duck #7fa3bd | X11 Moonstone Cotton Duck #9aa0a6 | X11 Mountain Brown Cotton Duck #6b5340 | X50 Black MultiCam #3a3d3a | X50 Marigold #e8a11f | X50 Olive #6b6a3c | X50 Tactical Black #1c1c1e | X50 Tactical Khaki #8a7b58 | X50 Tactical Ranger Green #4e5a45 | X50 Tactical Woodland Camo #4d5a3c | X50 Tropic MultiCam #7d7048,5,https://rockgeist.com/wp-content/uploads/2021/10/Gondola-Dropper-Post-Bag.webp | https://rockgeist.com/wp-content/uploads/2022/08/Austere-bikepacking-bag.jpg | https://rockgeist.com/wp-content/uploads/2017/08/DSC07295.jpg | https://rockgeist.com/wp-content/uploads/2017/08/DSC07298.jpg | https://rockgeist.com/wp-content/uploads/2016/01/Untitled-1.jpg,https://rockgeist.com/product/gondola/
Rockgeist,Gondola,Gondola Dropper Post Saddlebag,Large,seatpack,5,36,13,13,,unknown,"Volume: ""Small 4L, Large 5L"". Required Tire Clearance: ""4-5\"" for the small, 5-6\"" for the large""",no bag dimensions published; dims left as stored,maker,,X-Pac (visible X ripstop grid) / Ecopak welded laminate,rolltop,tapered,2,slip,1,,,49,Cranberry Bog (from welded line) #7a1f2b | Ecopak 450RS Revel Red #c02a2e | Ecopak EPX200 Black #1c1c1e | Ecopak EPX200 Bright Blue #1f6fd0 | Ecopak EPX200 Bright Orange #e8641f | Ecopak EPX200 Coyote Brown #8a6f4e | Ecopak EPX200 Deep Purple #4a2a6b | Ecopak EPX200 Drab Green #5d6249 | Ecopak EPX200 Fuchsia #c0357f | Ecopak EPX200 Golden Daisy #e0b024 | Ecopak EPX200 Lemon Lime #c6d93b | Ecopak EPX200 Lilac #b9a3d1 | Ecopak EPX200 Ocean Blue #1d5f8a | Ecopak EPX200 Red Barn #8f2b22 | Ecopak EPX200 Snow White #f2f2ef | Ecopak EPX200 Tropic Teal #1f8a86 | Ecopak EPX200 Wolf Grey #7d7f82 | Ecopak-20 Pink Flamingo #e8639b | Light Black (from welded line) #232323 | LiteSkin-21 Charcoal Black #2a2a2c | LiteSkin-21 Heather Grey #9a9a95 | LiteSkin-42 Charcoal Black #2a2a2c | RX-30 Alpen Glow #d4756a | RX-30 Blue Bell #6f86c9 | RX-30 Cayenne #b03a24 | RX-30 Evergreen #1f4d3a | RX-30 Ocean Blue #1d5f8a | RX-36 Black #1c1c1e | Ultra 200 Storm Grey #6e7276 | Ultra 400 Black Magic #1c1c1e | Ultra 400 Navy #22304f | Ultra 400 White Lightning #e9e9e6 | Ultra VX40 Silver #b9bcc0 | VX21 Black #1c1c1e | VX21 Sea Green #4f8f7a | X10 Eclipse Grey Cotton Duck #4a4d52 | X10 Olive Cotton Duck #6b6a3c | X11 Black Cotton Duck #1c1c1e | X11 Blue Glacier Cotton Duck #7fa3bd | X11 Moonstone Cotton Duck #9aa0a6 | X11 Mountain Brown Cotton Duck #6b5340 | X50 Black MultiCam #3a3d3a | X50 Marigold #e8a11f | X50 Olive #6b6a3c | X50 Tactical Black #1c1c1e | X50 Tactical Khaki #8a7b58 | X50 Tactical Ranger Green #4e5a45 | X50 Tactical Woodland Camo #4d5a3c | X50 Tropic MultiCam #7d7048,5,https://rockgeist.com/wp-content/uploads/2021/10/Gondola-Dropper-Post-Bag.webp | https://rockgeist.com/wp-content/uploads/2022/08/Austere-bikepacking-bag.jpg | https://rockgeist.com/wp-content/uploads/2017/08/DSC07295.jpg | https://rockgeist.com/wp-content/uploads/2017/08/DSC07298.jpg | https://rockgeist.com/wp-content/uploads/2016/01/Untitled-1.jpg,https://rockgeist.com/product/gondola/
Rockgeist,Mr. Fusion,Mr. Fusion Seat Pack,One Size (8-13L),seatpack,13,40.6,20.2,20.2,,unrolled,"Volume ""8-13 Liters""; Dry Bag Dimensions: ""Dry bag is 28.5\"" x 12.5\"" when laid flat""; 560g complete","the only dimensions published are the dry bag laid flat, which is not its mounted shape. 12.5in flat width = 25in circumference = 20.2cm diameter; at the 13L maximum that gives a 40.6cm length (13000 cm3 / 320 cm2). The 28.5in (72cm) flat length is the uncut panel and must not be used",maker,,X-Pac (visible X ripstop grid) / Ecopak welded laminate,rolltop drybag in a holster,cylindrical,2,,1,,,3,Light Black #232323 | Coyote Sunrise #a97b4f | Cranberry Bog #7a1f2b,5,https://rockgeist.com/wp-content/uploads/2025/05/Mr-Fusion-dropper-post-saddlebag-2.webp | https://rockgeist.com/wp-content/uploads/2021/03/Cranberry-Bog-Mr.-Fusion-2.webp | https://rockgeist.com/wp-content/uploads/2021/03/cranberry-bog-48.jpg | https://rockgeist.com/wp-content/uploads/2021/03/IMG_4687-3.jpg | https://rockgeist.com/wp-content/uploads/2022/10/elain-rocket-mr-fusion-v4_04.jpg,https://rockgeist.com/product/mr-fusion-seat-pack/
Rockgeist,Foxglove,Foxglove Saddlebag,One Size,seatpack,7.5,38,14,15,,unknown,"Volume: ""7.5L""; Required Tire Clearance: ""6\"" required from rails towards rear tire""; Required Exposed Seat Post: ""2\"" required""; Weight 10.1oz (287g)",Rockgeist publishes volume and clearances but no bag dimensions for the Foxglove; dims left as stored,maker,,X-Pac (visible X ripstop grid) / Ecopak welded laminate,rolltop,wedge,2,,1,,,49,1000d Cordura Black #1c1c1e | 1000d Cordura Woodland Camo #4d5a3c | Ecopak 450RS Revel Red #c02a2e | Ecopak EPX200 Black #1c1c1e | Ecopak EPX200 Bright Blue #1f6fd0 | Ecopak EPX200 Bright Orange #e8641f | Ecopak EPX200 Coyote Brown #8a6f4e | Ecopak EPX200 Deep Purple #4a2a6b | Ecopak EPX200 Drab Green #5d6249 | Ecopak EPX200 Fuchsia #c0357f | Ecopak EPX200 Golden Daisy #e0b024 | Ecopak EPX200 Lemon Lime #c6d93b | Ecopak EPX200 Lilac #b9a3d1 | Ecopak EPX200 Ocean Blue #1d5f8a | Ecopak EPX200 Red Barn #8f2b22 | Ecopak EPX200 Snow White #f2f2ef | Ecopak EPX200 Tropic Teal #1f8a86 | Ecopak EPX200 Wolf Grey #7d7f82 | Ecopak-20 Pink Flamingo #e8639b | LiteSkin-21 Charcoal Black #2a2a2c | LiteSkin-21 Heather Grey #9a9a95 | LiteSkin-42 Charcoal Black #2a2a2c | RX-30 Alpen Glow #d4756a | RX-30 Blue Bell #6f86c9 | RX-30 Cayenne #b03a24 | RX-30 Evergreen #1f4d3a | RX-30 Ocean Blue #1d5f8a | RX-36 Black #1c1c1e | Ultra 200 Storm Grey #6e7276 | Ultra 400 Black Magic #1c1c1e | Ultra 400 Navy #22304f | Ultra 400 White Lightning #e9e9e6 | Ultra VX40 Silver #b9bcc0 | VX21 Black #1c1c1e | VX21 Sea Green #4f8f7a | X10 Eclipse Grey Cotton Duck #4a4d52 | X10 Olive Cotton Duck #6b6a3c | X11 Black Cotton Duck #1c1c1e | X11 Blue Glacier Cotton Duck #7fa3bd | X11 Moonstone Cotton Duck #9aa0a6 | X11 Mountain Brown Cotton Duck #6b5340 | X50 Black MultiCam #3a3d3a | X50 Marigold #e8a11f | X50 Olive #6b6a3c | X50 Tactical Black #1c1c1e | X50 Tactical Khaki #8a7b58 | X50 Tactical Ranger Green #4e5a45 | X50 Tactical Woodland Camo #4d5a3c | X50 Tropic MultiCam #7d7048,5,https://rockgeist.com/wp-content/uploads/2017/08/DSC03016-2.jpg | https://rockgeist.com/wp-content/uploads/2022/08/Austere-cam-buckle.jpg | https://rockgeist.com/wp-content/uploads/2017/08/Rockgeist-Foxglove-Saddlebag-2.jpg | https://rockgeist.com/wp-content/uploads/2017/08/DSC02988-1.jpg | https://rockgeist.com/wp-content/uploads/2017/08/DSC01356-1.jpg,https://rockgeist.com/product/foxglove/
Rockgeist,Honeypot,Honeypot Feedbag,One Size,stembag,1.8,,,25.4,8.9,unrolled,"Dimensions: ""10\"" tall (with collar extended), 3.5\"" circle diameter""; Volume 1.8L","the 10in height is quoted with the collar extended, but it checks out against the stated volume (a 3.5in / 8.9cm circle is 62cm2, x 25.4cm = 1.58L against a stated 1.8L), so the extended height is the usable height and is kept. Matches the stored values",maker,,X-Pac (visible X ripstop grid) / Ecopak welded laminate,cinch collar,cylinder,,,1,,,42,1000d Cordura Black #1c1c1e | 1000d Cordura Woodland Camo #4d5a3c | Ecopak 450RS Revel Red #c02a2e | Ecopak EPX200 Black #1c1c1e | Ecopak EPX200 Bright Blue #1f6fd0 | Ecopak EPX200 Bright Orange #e8641f | Ecopak EPX200 Coyote Brown #8a6f4e | Ecopak EPX200 Deep Purple #4a2a6b | Ecopak EPX200 Drab Green #5d6249 | Ecopak EPX200 Fuchsia #c0357f | Ecopak EPX200 Lemon Lime #c6d93b | Ecopak EPX200 Red Barn #8f2b22 | Ecopak EPX200 Tropic Teal #1f8a86 | Ecopak EPX200 Wolf Grey #7d7f82 | Ecopak-20 Pink Flamingo #e8639b | LiteSkin-21 Charcoal Black #2a2a2c | LiteSkin-21 Heather Grey #9a9a95 | LiteSkin-42 Charcoal Black #2a2a2c | Multiple Colors - See link in product description #808080 | RX-30 Alpen Glow #d4756a | RX-30 Blue Bell #6f86c9 | RX-30 Cayenne #b03a24 | RX-30 Evergreen #1f4d3a | RX-30 Ocean Blue #1d5f8a | RX-36 Black #1c1c1e | Ultra 400 Black Magic #1c1c1e | Ultra VX40 Silver #b9bcc0 | VX21 Black #1c1c1e | X10 Eclipse Grey Cotton Duck #4a4d52 | X10 Olive Cotton Duck #6b6a3c | X11 Black Cotton Duck #1c1c1e | X11 Blue Glacier Cotton Duck #7fa3bd | X11 Moonstone Cotton Duck #9aa0a6 | X11 Mountain Brown Cotton Duck #6b5340 | X50 Black MultiCam #3a3d3a | X50 Marigold #e8a11f | X50 Olive #6b6a3c | X50 Tactical Black #1c1c1e | X50 Tactical Khaki #8a7b58 | X50 Tactical Ranger Green #4e5a45 | X50 Tactical Woodland Camo #4d5a3c | X50 Tropic MultiCam #7d7048,5,https://rockgeist.com/wp-content/uploads/2020/01/DSC09607.jpg | https://rockgeist.com/wp-content/uploads/2018/09/DSC00382.jpg | https://rockgeist.com/wp-content/uploads/2019/03/DSC05318.jpg | https://rockgeist.com/wp-content/uploads/2015/11/Untitled-3.png | https://rockgeist.com/wp-content/uploads/2017/08/DSC03587.jpg,https://rockgeist.com/product/honeypot-feedbag-stock/
Rockgeist,Honeybox,Honeybox Feedbags (Pair),Pair (0.75L each),stembag,0.75,11.4,3.8,19.7,,packed,"Dimensions: ""4.5\"" wide, 7.75\"" tall, and 1.5\"" deep""; Volume "".75L""",11.4 x 19.7 x 3.8 cm = 0.85 L against a stated 0.75 L; matches the stored values,maker,,X-Pac (visible X ripstop grid) / Ecopak welded laminate,zippered,flat box,,,1,,,45,VX21 Black Smartrepel® #1c1c1e | VX21 Bahama Blue #2a86b8 | VX21 Navy Blue #22304f | VX21 Red #b02a25 | VX21 Stone Grey #8d8b84 | VX21 Dark Grey #3f4245 | VX21 Teal #1f7a7a | VX21 Yellow #d8c22a | VX21 Ranger Green #4e5a45 | VX21 Coyote Tan #8a6f4e | VX21 Purple #5c3a8a | VX21 Mulberry #6b2a4a | VX21 Indigo #33406b | VX25 Blaze Orange #e8601c | VX21-RS Black #1c1c1e | VX21-RS Cobalt Blue #1f4fbf | X33 Army MultiCam #7a6b4a | VX42 White #f0f0ee | X50 Black MultiCam #3a3d3a | X50 Tropic Multicam #7d7048 | X50 Alpine Multicam #6f7565 | LiteSkin 21 Moonscape Grey #7b7d80 | LiteSkin 21 Charcoal Black #2a2a2c | LiteSkin 42 Heather Grey #9a9a95 | X10 Eclipse Grey #4a4d52 | X10 Truffle Brown #5c4530 | X10 Craggy Mist #8f9aa0 | X10 Red Rocks #a4553f | 1000d Cordura DigiCam #6b6f63 | 1000d Cordura Woodland Camo #4d5a3c | 500d Cordura Desert Tan #c2a878 | 500d Cordura Digi Camo #6b6f63 | 500d Cordura Duke Blue #14307a | 500d Cordura Everglade #2f4f3a | 500d Cordura Navy Blue #22304f | 500d Cordura Purple #5c3a8a | 500d Cordura Red #b02a25 | 500d Cordura Turtle Green #4a6b4a | EcoPX-45RS Revel Red #c02a2e | EcoPX-40 Drab Green #5d6249 | RX-36 Black #1c1c1e | RX-30 Cayenne #b03a24 | RX-30 Evergreen #1f4d3a | Ecopak-20 Bright Blue #1f6fd0 | Ecopak-20 Deep Purple #4a2a6b,5,https://rockgeist.com/wp-content/uploads/2020/01/White-Horton-44.jpg | https://rockgeist.com/wp-content/uploads/2017/08/DSC05084.jpg | https://rockgeist.com/wp-content/uploads/2018/09/Untitled-9.png | https://rockgeist.com/wp-content/uploads/2017/08/DSC05253.jpg | https://rockgeist.com/wp-content/uploads/2017/08/DSC05088.jpg,https://rockgeist.com/product/honeybox/
Rockgeist,Nigel,Nigel Handlebar Bag,One Size,barbag,4.25,24.1,12,15,,packed,"Dimensions: ""9.5\"" wide""; Volume ""4.25L""; Weight 8.5oz (241g)",only the 9.5in width is published (matching the stored 24.1cm len); hgt and wid remain stored estimates,maker,,X-Pac (visible X ripstop grid) / Ecopak welded laminate,rolltop,box,2,,1,,,3,Light Black #232323 | Coyote Sunrise #a97b4f | Cranberry Bog #7a1f2b,5,https://rockgeist.com/wp-content/uploads/2021/10/2400-Nigel-2.webp | https://rockgeist.com/wp-content/uploads/2021/01/cranberry-bog-45.jpg | https://rockgeist.com/wp-content/uploads/2021/01/DSC09932.jpg | https://rockgeist.com/wp-content/uploads/2021/01/DSC00657.jpg | https://rockgeist.com/wp-content/uploads/2021/01/DSC00693.jpg,https://rockgeist.com/product/waterproof-handlebar-bag/
Rockgeist,Horton,Horton Front Pouch,One Size,barbag,5.5,29.2,7.6,14,,packed,"Dimensions: ""11.5\"" in width, 5.5\"" in height, and about 3\"" thick (with roll top all the way rolled)""; Volume ""5.5 L max""","Rockgeist explicitly quotes these with the roll top all the way rolled, so they are already the packed figures; matches the stored values",maker,,X-Pac (visible X ripstop grid) / Ecopak welded laminate,rolltop,box,1,,1,,,3,Light Black #232323 | Coyote Sunrise #a97b4f | Cranberry Bog #7a1f2b,5,https://rockgeist.com/wp-content/uploads/2021/10/Nigel-Front-Pouch.webp | https://rockgeist.com/wp-content/uploads/2021/06/Untitled-2.png | https://rockgeist.com/wp-content/uploads/2026/07/Microwave-pannier-holsters-21.webp | https://rockgeist.com/wp-content/uploads/2021/06/DSC00952.jpg | https://rockgeist.com/wp-content/uploads/2023/02/bog4.jpg,https://rockgeist.com/product/horton-front-pouch/
Rockgeist,Meanwhile,Meanwhile Basket Bag,Wald 137 (15L),randobag,15,33,20.3,25,,unknown,"Size: ""Wald 137/Old Man Mountain basket (13x8\"")""; Volume: ""Size 137 - about 15 liters max""; Weight 137 size 11.4oz (323g)","only the basket footprint (13 x 8in = 33 x 20.3cm) is published, matching the stored len/wid. Height is not published and stays the stored 25cm; 15L over that footprint would be ~22cm",maker,,X-Pac (visible X ripstop grid) / Ecopak welded laminate,rolltop,box,2,,1,,,4,Light Black #232323 | Coyote Sunrise #a97b4f | Cranberry Bog #7a1f2b | Fire Engine Red #c8221c,5,https://rockgeist.com/wp-content/uploads/2021/01/DSC00440.jpg | https://rockgeist.com/wp-content/uploads/2021/01/DSC00417.jpg | https://rockgeist.com/wp-content/uploads/2021/01/4CDAEED6-F934-417A-B224-12F3D4F50DFE-2.jpg | https://rockgeist.com/wp-content/uploads/2021/01/DSC00404.jpg | https://rockgeist.com/wp-content/uploads/2021/01/DSC00762.jpg,https://rockgeist.com/product/meanwhile-wald-basket-bag/
Rockgeist,Meanwhile,Meanwhile Basket Bag,Wald 139 (25L),randobag,25,40,26.7,28,,unknown,"Size: ""Wald 139 basket (15.75x10.5\"")""; Volume: ""Size 139 - about 25 liters max""; Weight 139 size 14.5oz (411g)",basket footprint 15.75 x 10.5in = 40 x 26.7cm matches the stored len/wid; height is not published and stays the stored 28cm,maker,,X-Pac (visible X ripstop grid) / Ecopak welded laminate,rolltop,box,2,,1,,,2,Light Black #232323 | Coyote Sunrise #a97b4f,5,https://rockgeist.com/wp-content/uploads/2021/01/DSC00440.jpg | https://rockgeist.com/wp-content/uploads/2021/01/DSC00417.jpg | https://rockgeist.com/wp-content/uploads/2021/01/4CDAEED6-F934-417A-B224-12F3D4F50DFE-2.jpg | https://rockgeist.com/wp-content/uploads/2021/01/DSC00404.jpg | https://rockgeist.com/wp-content/uploads/2021/01/DSC00762.jpg,https://rockgeist.com/product/meanwhile-wald-basket-bag/
Rockgeist,Dr. Jones,Dr. Jones Bag,One Size,barbag,10,26.7,7.6,15.2,,packed,"Dimensions: ""6\"" tall, bottom is 10.5\"" x 3\"" oval""; Volume ""9-10L""; fits flat Jones H-Bar, Jones 2.5"" Riser H-Bar, Surly Moloko Bar","published dims match the stored values, but note they do not reconcile with the stated 9-10L: a 10.5 x 3in oval base (159 cm2) would need to be ~56cm tall to hold 9L, so the quoted 6in is very likely the structured lower section only and the bag is taller in use",maker,,X-Pac (visible X ripstop grid) / Ecopak welded laminate,rolltop,oval base,0,slip,1,,,42,Ecopak 450RS Revel Red #c02a2e | Ecopak EPX200 Black #1c1c1e | Ecopak EPX200 Bright Blue #1f6fd0 | Ecopak EPX200 Bright Orange #e8641f | Ecopak EPX200 Coyote Brown #8a6f4e | Ecopak EPX200 Deep Purple #4a2a6b | Ecopak EPX200 Drab Green #5d6249 | Ecopak EPX200 Fuchsia #c0357f | Ecopak EPX200 Golden Daisy #e0b024 | Ecopak EPX200 Lemon Lime #c6d93b | Ecopak EPX200 Lilac #b9a3d1 | Ecopak EPX200 Ocean Blue #1d5f8a | Ecopak EPX200 Red Barn #8f2b22 | Ecopak EPX200 Snow White #f2f2ef | Ecopak EPX200 Tropic Teal #1f8a86 | Ecopak EPX200 Wolf Grey #7d7f82 | Ecopak-20 Pink Flamingo #e8639b | LiteSkin-21 Charcoal Black #2a2a2c | LiteSkin-21 Heather Grey #9a9a95 | LiteSkin-42 Charcoal Black #2a2a2c | RX-30 Alpen Glow #d4756a | RX-30 Blue Bell #6f86c9 | RX-30 Cayenne #b03a24 | RX-30 Evergreen #1f4d3a | RX-30 Ocean Blue #1d5f8a | RX-36 Black #1c1c1e | VX21 Black #1c1c1e | VX21 Sea Green #4f8f7a | X10 Eclipse Grey Cotton Duck #4a4d52 | X10 Olive Cotton Duck #6b6a3c | X11 Black Cotton Duck #1c1c1e | X11 Blue Glacier Cotton Duck #7fa3bd | X11 Moonstone Cotton Duck #9aa0a6 | X11 Mountain Brown Cotton Duck #6b5340 | X50 Black MultiCam #3a3d3a | X50 Marigold #e8a11f | X50 Olive #6b6a3c | X50 Tactical Black #1c1c1e | X50 Tactical Khaki #8a7b58 | X50 Tactical Ranger Green #4e5a45 | X50 Tactical Woodland Camo #4d5a3c | X50 Tropic MultiCam #7d7048,5,https://rockgeist.com/wp-content/uploads/2019/08/blackultra400-3.webp | https://rockgeist.com/wp-content/uploads/2019/08/cranberry-bog-42.jpg | https://rockgeist.com/wp-content/uploads/2022/01/DSC00396.jpg | https://rockgeist.com/wp-content/uploads/2019/08/DSC01199.jpg | https://rockgeist.com/wp-content/uploads/2019/08/DSC01146.jpg,https://rockgeist.com/product/jones-bag/
Rockgeist,Microwave,Microwave Panniers (Pair),13L each (pair),pannier,13,25.4,10.2,30.5,,packed,"Dimensions: ""Holsters are 12\"" tall, 10\"" wide, 4\"" depth. Drybag is 22\"" x 13.5\"" when laid flat.""; Volume ""13L per pannier, 26L per set""","holster dimensions used, which are the mounted shape and match the stored values. The dry bag's 22 x 13.5in flat panel is deliberately NOT used - it is the uncut panel, not the mounted size",maker,,X-Pac (visible X ripstop grid) / Ecopak welded laminate,rolltop drybag in a holster,box,2,,1,,,3,Light Black #232323 | Coyote Sunrise #a97b4f | Cranberry Bog #7a1f2b,5,https://rockgeist.com/wp-content/uploads/2025/05/Microwave-pannier-holsters-7.webp | https://rockgeist.com/wp-content/uploads/2021/01/MTB-large-44.jpg | https://rockgeist.com/wp-content/uploads/2021/01/DSC09927.jpg | https://rockgeist.com/wp-content/uploads/2021/01/north-island-extravaganza-route_391.jpg | https://rockgeist.com/wp-content/uploads/2015/11/VAs-Why-Cycles-Wayward_35.jpg,https://rockgeist.com/product/microwave-panniers/
Rockgeist,Stake,Bolt-on Stake Bag,One Size,downtube,0.8,22.9,5.1,5.1,,packed,"Dimensions: ""2\"" wide, 9\"" tall""; Weight 1.2oz (34g)","only 2in x 9in is published and no depth is given, so wid mirrors the 2in width. The stored record had len 22.9 AND hgt 22.9, duplicating the 9in figure on two axes - corrected so the 9in runs along the down tube only",maker,,X-Pac (visible X ripstop grid) / Ecopak welded laminate,zippered,narrow stake,,,1,,,0,,3,https://rockgeist.com/wp-content/uploads/2020/10/MTB-large-51.jpg | https://rockgeist.com/wp-content/uploads/2020/10/MTB-large-52.png | https://rockgeist.com/wp-content/uploads/2020/10/MTB-large-521.png,https://rockgeist.com/product/bolt-on-stake-bag/
Rockgeist,52Hz,Gravel 52Hz Waterproof Framebag,Small,framebag_full,9,50,6.5,30,,unknown,"Volume: ""Small: 9 Liters"", ""Medium: 10.5 Liters"", ""Large: 12 Liters""",Rockgeist publishes no panel dimensions for the 52Hz range - fit is handled by downloadable printable templates - so dims are left as stored; only the volumes below are verified,maker,,X-Pac (visible X ripstop grid) / Ecopak welded laminate,zippered,full frame,0,,1,,,2,Light Black #232323 | Cranberry Bog #7a1f2b,5,https://rockgeist.com/wp-content/uploads/2021/12/Untitled-4.jpg | https://rockgeist.com/wp-content/uploads/2021/12/DSC00632.jpg | https://rockgeist.com/wp-content/uploads/2026/07/DSC05079-scaled.webp | https://rockgeist.com/wp-content/uploads/2026/07/DSC05077-scaled.webp | https://rockgeist.com/wp-content/uploads/2022/01/DSC01521.jpg,https://rockgeist.com/product/52hz-waterproof-framebag-gravel/
Rockgeist,52Hz,Gravel 52Hz Waterproof Framebag,Medium,framebag_full,10.5,53,6.5,33,,unknown,"Volume: ""Small: 9 Liters"", ""Medium: 10.5 Liters"", ""Large: 12 Liters""",Rockgeist publishes no panel dimensions for the 52Hz range - fit is handled by downloadable printable templates - so dims are left as stored; only the volumes below are verified,maker,,X-Pac (visible X ripstop grid) / Ecopak welded laminate,zippered,full frame,0,,1,,,2,Light Black #232323 | Cranberry Bog #7a1f2b,5,https://rockgeist.com/wp-content/uploads/2021/12/Untitled-4.jpg | https://rockgeist.com/wp-content/uploads/2021/12/DSC00632.jpg | https://rockgeist.com/wp-content/uploads/2026/07/DSC05079-scaled.webp | https://rockgeist.com/wp-content/uploads/2026/07/DSC05077-scaled.webp | https://rockgeist.com/wp-content/uploads/2022/01/DSC01521.jpg,https://rockgeist.com/product/52hz-waterproof-framebag-gravel/
Rockgeist,52Hz,Gravel 52Hz Waterproof Framebag,Large,framebag_full,12,56,6.5,36,,unknown,"Volume: ""Small: 9 Liters"", ""Medium: 10.5 Liters"", ""Large: 12 Liters""",Rockgeist publishes no panel dimensions for the 52Hz range - fit is handled by downloadable printable templates - so dims are left as stored; only the volumes below are verified,maker,,X-Pac (visible X ripstop grid) / Ecopak welded laminate,zippered,full frame,0,,1,,,2,Light Black #232323 | Cranberry Bog #7a1f2b,5,https://rockgeist.com/wp-content/uploads/2021/12/Untitled-4.jpg | https://rockgeist.com/wp-content/uploads/2021/12/DSC00632.jpg | https://rockgeist.com/wp-content/uploads/2026/07/DSC05079-scaled.webp | https://rockgeist.com/wp-content/uploads/2026/07/DSC05077-scaled.webp | https://rockgeist.com/wp-content/uploads/2022/01/DSC01521.jpg,https://rockgeist.com/product/52hz-waterproof-framebag-gravel/
Rockgeist,52Hz,Mountain 52Hz Waterproof Framebag,Small,framebag_full,6,45,6.5,26,,unknown,"Volume: ""Small: 6 Liters"", ""Medium: 7 Liters"", ""Large: 9 Liters"", ""XL: 11 Liters""",Rockgeist publishes no panel dimensions for the 52Hz range - fit is handled by downloadable printable templates - so dims are left as stored; only the volumes below are verified,maker,,X-Pac (visible X ripstop grid) / Ecopak welded laminate,zippered,full frame,0,,1,,,2,Light Black #232323 | Cranberry Bog #7a1f2b,5,https://rockgeist.com/wp-content/uploads/2021/10/mountain-52HZ.jpg | https://rockgeist.com/wp-content/uploads/2021/10/MTB-large-59.jpg | https://rockgeist.com/wp-content/uploads/2022/01/DSC01521.jpg | https://rockgeist.com/wp-content/uploads/2021/12/DSC00632.jpg | https://rockgeist.com/wp-content/uploads/2026/07/Microwave-pannier-holsters-19.webp,https://rockgeist.com/product/52hz-waterproof-framebag-mountain/
Rockgeist,52Hz,Mountain 52Hz Waterproof Framebag,Medium,framebag_full,7,48,6.5,28,,unknown,"Volume: ""Small: 6 Liters"", ""Medium: 7 Liters"", ""Large: 9 Liters"", ""XL: 11 Liters""",Rockgeist publishes no panel dimensions for the 52Hz range - fit is handled by downloadable printable templates - so dims are left as stored; only the volumes below are verified,maker,,X-Pac (visible X ripstop grid) / Ecopak welded laminate,zippered,full frame,0,,1,,,2,Light Black #232323 | Cranberry Bog #7a1f2b,5,https://rockgeist.com/wp-content/uploads/2021/10/mountain-52HZ.jpg | https://rockgeist.com/wp-content/uploads/2021/10/MTB-large-59.jpg | https://rockgeist.com/wp-content/uploads/2022/01/DSC01521.jpg | https://rockgeist.com/wp-content/uploads/2021/12/DSC00632.jpg | https://rockgeist.com/wp-content/uploads/2026/07/Microwave-pannier-holsters-19.webp,https://rockgeist.com/product/52hz-waterproof-framebag-mountain/
Rockgeist,52Hz,Mountain 52Hz Waterproof Framebag,Large,framebag_full,9,52,6.5,32,,unknown,"Volume: ""Small: 6 Liters"", ""Medium: 7 Liters"", ""Large: 9 Liters"", ""XL: 11 Liters""",Rockgeist publishes no panel dimensions for the 52Hz range - fit is handled by downloadable printable templates - so dims are left as stored; only the volumes below are verified,maker,,X-Pac (visible X ripstop grid) / Ecopak welded laminate,zippered,full frame,0,,1,,,2,Light Black #232323 | Cranberry Bog #7a1f2b,5,https://rockgeist.com/wp-content/uploads/2021/10/mountain-52HZ.jpg | https://rockgeist.com/wp-content/uploads/2021/10/MTB-large-59.jpg | https://rockgeist.com/wp-content/uploads/2022/01/DSC01521.jpg | https://rockgeist.com/wp-content/uploads/2021/12/DSC00632.jpg | https://rockgeist.com/wp-content/uploads/2026/07/Microwave-pannier-holsters-19.webp,https://rockgeist.com/product/52hz-waterproof-framebag-mountain/
Rockgeist,52Hz,Mountain 52Hz Waterproof Framebag,XL,framebag_full,11,56,6.5,36,,unknown,"Volume: ""Small: 6 Liters"", ""Medium: 7 Liters"", ""Large: 9 Liters"", ""XL: 11 Liters""",Rockgeist publishes no panel dimensions for the 52Hz range - fit is handled by downloadable printable templates - so dims are left as stored; only the volumes below are verified,maker,,X-Pac (visible X ripstop grid) / Ecopak welded laminate,zippered,full frame,0,,1,,,2,Light Black #232323 | Cranberry Bog #7a1f2b,5,https://rockgeist.com/wp-content/uploads/2021/10/mountain-52HZ.jpg | https://rockgeist.com/wp-content/uploads/2021/10/MTB-large-59.jpg | https://rockgeist.com/wp-content/uploads/2022/01/DSC01521.jpg | https://rockgeist.com/wp-content/uploads/2021/12/DSC00632.jpg | https://rockgeist.com/wp-content/uploads/2026/07/Microwave-pannier-holsters-19.webp,https://rockgeist.com/product/52hz-waterproof-framebag-mountain/
Rockgeist,52Hz,Trail 52Hz Waterproof Framebag,Small,framebag_full,9,50,6.5,30,,unknown,"Volume: ""Small: 9 Liters"", ""Medium: 10.5 Liters"", ""Large: 12 Liters"" (no XL volume published although XL is offered)",Rockgeist publishes no panel dimensions for the 52Hz range - fit is handled by downloadable printable templates - so dims are left as stored; only the volumes below are verified,maker,,X-Pac (visible X ripstop grid) / Ecopak welded laminate,zippered,full frame,0,,1,,,2,Light Black #232323 | Cranberry Bog #7a1f2b,5,https://rockgeist.com/wp-content/uploads/2024/02/Trail-52-HZ.jpg | https://rockgeist.com/wp-content/uploads/2021/12/DSC00632.jpg | https://rockgeist.com/wp-content/uploads/2022/01/DSC01521.jpg | https://rockgeist.com/wp-content/uploads/2026/07/DSC05077-scaled.webp | https://rockgeist.com/wp-content/uploads/2026/07/DSC05079-scaled.webp,https://rockgeist.com/product/trail-52hz-waterproof-framebag/
Rockgeist,52Hz,Trail 52Hz Waterproof Framebag,Medium,framebag_full,10.5,53,6.5,33,,unknown,"Volume: ""Small: 9 Liters"", ""Medium: 10.5 Liters"", ""Large: 12 Liters"" (no XL volume published although XL is offered)",Rockgeist publishes no panel dimensions for the 52Hz range - fit is handled by downloadable printable templates - so dims are left as stored; only the volumes below are verified,maker,,X-Pac (visible X ripstop grid) / Ecopak welded laminate,zippered,full frame,0,,1,,,2,Light Black #232323 | Cranberry Bog #7a1f2b,5,https://rockgeist.com/wp-content/uploads/2024/02/Trail-52-HZ.jpg | https://rockgeist.com/wp-content/uploads/2021/12/DSC00632.jpg | https://rockgeist.com/wp-content/uploads/2022/01/DSC01521.jpg | https://rockgeist.com/wp-content/uploads/2026/07/DSC05077-scaled.webp | https://rockgeist.com/wp-content/uploads/2026/07/DSC05079-scaled.webp,https://rockgeist.com/product/trail-52hz-waterproof-framebag/
Rockgeist,52Hz,Trail 52Hz Waterproof Framebag,Large,framebag_full,12,56,6.5,36,,unknown,"Volume: ""Small: 9 Liters"", ""Medium: 10.5 Liters"", ""Large: 12 Liters"" (no XL volume published although XL is offered)",Rockgeist publishes no panel dimensions for the 52Hz range - fit is handled by downloadable printable templates - so dims are left as stored; only the volumes below are verified,maker,,X-Pac (visible X ripstop grid) / Ecopak welded laminate,zippered,full frame,0,,1,,,2,Light Black #232323 | Cranberry Bog #7a1f2b,5,https://rockgeist.com/wp-content/uploads/2024/02/Trail-52-HZ.jpg | https://rockgeist.com/wp-content/uploads/2021/12/DSC00632.jpg | https://rockgeist.com/wp-content/uploads/2022/01/DSC01521.jpg | https://rockgeist.com/wp-content/uploads/2026/07/DSC05077-scaled.webp | https://rockgeist.com/wp-content/uploads/2026/07/DSC05079-scaled.webp,https://rockgeist.com/product/trail-52hz-waterproof-framebag/
Rockgeist,52Hz,Trail 52Hz Waterproof Framebag,XL,framebag_full,13.5,58,6.5,38,,unknown,"Volume: ""Small: 9 Liters"", ""Medium: 10.5 Liters"", ""Large: 12 Liters"" (no XL volume published although XL is offered)","Rockgeist publishes no panel dimensions for the 52Hz range - fit is handled by downloadable printable templates - so dims are left as stored; only the volumes below are verified; no volume is published for this size either, so its litres are unverified too",maker,,X-Pac (visible X ripstop grid) / Ecopak welded laminate,zippered,full frame,0,,1,,,2,Light Black #232323 | Cranberry Bog #7a1f2b,5,https://rockgeist.com/wp-content/uploads/2024/02/Trail-52-HZ.jpg | https://rockgeist.com/wp-content/uploads/2021/12/DSC00632.jpg | https://rockgeist.com/wp-content/uploads/2022/01/DSC01521.jpg | https://rockgeist.com/wp-content/uploads/2026/07/DSC05077-scaled.webp | https://rockgeist.com/wp-content/uploads/2026/07/DSC05079-scaled.webp,https://rockgeist.com/product/trail-52hz-waterproof-framebag/
Rockgeist,52Hz,Off-Road Tour 52Hz Waterproof Framebag,XS,framebag_full,7.5,47,6.5,27,,unknown,"Volume: ""Small: 9 Liters"", ""Medium: 10.5 Liters"", ""Large: 12 Liters"" (sizes XS-XL are offered but no XS or XL volume is published)","Rockgeist publishes no panel dimensions for the 52Hz range - fit is handled by downloadable printable templates - so dims are left as stored; only the volumes below are verified; no volume is published for this size either, so its litres are unverified too",maker,,X-Pac (visible X ripstop grid) / Ecopak welded laminate,zippered,full frame,0,,1,,,2,Light Black #232323 | Cranberry Bog #7a1f2b,5,https://rockgeist.com/wp-content/uploads/2024/02/Untitled-3.jpg | https://rockgeist.com/wp-content/uploads/2021/12/DSC00632.jpg | https://rockgeist.com/wp-content/uploads/2022/01/DSC01521.jpg | https://rockgeist.com/wp-content/uploads/2026/07/DSC05077-scaled.webp | https://rockgeist.com/wp-content/uploads/2026/07/Microwave-pannier-holsters-19.webp,https://rockgeist.com/product/off-road-tour-52hz-waterproof-framebag/
Rockgeist,52Hz,Off-Road Tour 52Hz Waterproof Framebag,Small,framebag_full,9,50,6.5,30,,unknown,"Volume: ""Small: 9 Liters"", ""Medium: 10.5 Liters"", ""Large: 12 Liters"" (sizes XS-XL are offered but no XS or XL volume is published)",Rockgeist publishes no panel dimensions for the 52Hz range - fit is handled by downloadable printable templates - so dims are left as stored; only the volumes below are verified,maker,,X-Pac (visible X ripstop grid) / Ecopak welded laminate,zippered,full frame,0,,1,,,2,Light Black #232323 | Cranberry Bog #7a1f2b,5,https://rockgeist.com/wp-content/uploads/2024/02/Untitled-3.jpg | https://rockgeist.com/wp-content/uploads/2021/12/DSC00632.jpg | https://rockgeist.com/wp-content/uploads/2022/01/DSC01521.jpg | https://rockgeist.com/wp-content/uploads/2026/07/DSC05077-scaled.webp | https://rockgeist.com/wp-content/uploads/2026/07/Microwave-pannier-holsters-19.webp,https://rockgeist.com/product/off-road-tour-52hz-waterproof-framebag/
Rockgeist,52Hz,Off-Road Tour 52Hz Waterproof Framebag,Medium,framebag_full,10.5,53,6.5,33,,unknown,"Volume: ""Small: 9 Liters"", ""Medium: 10.5 Liters"", ""Large: 12 Liters"" (sizes XS-XL are offered but no XS or XL volume is published)",Rockgeist publishes no panel dimensions for the 52Hz range - fit is handled by downloadable printable templates - so dims are left as stored; only the volumes below are verified,maker,,X-Pac (visible X ripstop grid) / Ecopak welded laminate,zippered,full frame,0,,1,,,2,Light Black #232323 | Cranberry Bog #7a1f2b,5,https://rockgeist.com/wp-content/uploads/2024/02/Untitled-3.jpg | https://rockgeist.com/wp-content/uploads/2021/12/DSC00632.jpg | https://rockgeist.com/wp-content/uploads/2022/01/DSC01521.jpg | https://rockgeist.com/wp-content/uploads/2026/07/DSC05077-scaled.webp | https://rockgeist.com/wp-content/uploads/2026/07/Microwave-pannier-holsters-19.webp,https://rockgeist.com/product/off-road-tour-52hz-waterproof-framebag/
Rockgeist,52Hz,Off-Road Tour 52Hz Waterproof Framebag,Large,framebag_full,12,56,6.5,36,,unknown,"Volume: ""Small: 9 Liters"", ""Medium: 10.5 Liters"", ""Large: 12 Liters"" (sizes XS-XL are offered but no XS or XL volume is published)",Rockgeist publishes no panel dimensions for the 52Hz range - fit is handled by downloadable printable templates - so dims are left as stored; only the volumes below are verified,maker,,X-Pac (visible X ripstop grid) / Ecopak welded laminate,zippered,full frame,0,,1,,,2,Light Black #232323 | Cranberry Bog #7a1f2b,5,https://rockgeist.com/wp-content/uploads/2024/02/Untitled-3.jpg | https://rockgeist.com/wp-content/uploads/2021/12/DSC00632.jpg | https://rockgeist.com/wp-content/uploads/2022/01/DSC01521.jpg | https://rockgeist.com/wp-content/uploads/2026/07/DSC05077-scaled.webp | https://rockgeist.com/wp-content/uploads/2026/07/Microwave-pannier-holsters-19.webp,https://rockgeist.com/product/off-road-tour-52hz-waterproof-framebag/
Rockgeist,52Hz,Off-Road Tour 52Hz Waterproof Framebag,XL,framebag_full,13.5,58,6.5,38,,unknown,"Volume: ""Small: 9 Liters"", ""Medium: 10.5 Liters"", ""Large: 12 Liters"" (sizes XS-XL are offered but no XS or XL volume is published)","Rockgeist publishes no panel dimensions for the 52Hz range - fit is handled by downloadable printable templates - so dims are left as stored; only the volumes below are verified; no volume is published for this size either, so its litres are unverified too",maker,,X-Pac (visible X ripstop grid) / Ecopak welded laminate,zippered,full frame,0,,1,,,2,Light Black #232323 | Cranberry Bog #7a1f2b,5,https://rockgeist.com/wp-content/uploads/2024/02/Untitled-3.jpg | https://rockgeist.com/wp-content/uploads/2021/12/DSC00632.jpg | https://rockgeist.com/wp-content/uploads/2022/01/DSC01521.jpg | https://rockgeist.com/wp-content/uploads/2026/07/DSC05077-scaled.webp | https://rockgeist.com/wp-content/uploads/2026/07/Microwave-pannier-holsters-19.webp,https://rockgeist.com/product/off-road-tour-52hz-waterproof-framebag/
Rockgeist,52Hz,Wedge 52Hz Waterproof Framebag,Medium,framebag_half,4.5,45,6.5,14,,unknown,,"FALSE POSITIVE - framebag_half is correct. Rockgeist's own size diagram (assets/products/rockgeist/52hz-wedge-52hz-waterproof-framebag-medium-2.webp) draws a shallow quadrilateral: 325 mm along the top tube, 223 mm deep at the head tube end, tapering to 73 mm at the seat tube end - it hugs the top tube and leaves the bottom of the triangle empty. Rockgeist's page: it fills 'the space near the head tube only' and 'leaves space for the rear shock for many full suspension bikes or water bottle access for hardtail mountain bikes'. The name 'Wedge' is the point: it is the deliberately partial member of an otherwise full-triangle 52Hz line, so the line-majority heuristic misfires.",maker,,X-Pac (visible X ripstop grid) / Ecopak welded laminate,zippered,wedge / half frame,0,,1,,,2,Light Black #232323 | Cranberry Bog #7a1f2b,0,,https://rockgeist.com/product/wedge-52hz-waterproof-framebag/
Rockgeist,52Hz,Wedge 52Hz Waterproof Framebag,Large,framebag_half,5.5,50,6.5,15,,unknown,,"FALSE POSITIVE - framebag_half is correct. Rockgeist's Large diagram (52hz-wedge-52hz-waterproof-framebag-large-... / xl-3.webp series) shows 358 mm top edge, 220 mm at the head tube end tapering to 61 mm at the rear - the same shallow top-tube-hugging wedge, just longer. Still fills only the upper/front part of the main triangle.",maker,,X-Pac (visible X ripstop grid) / Ecopak welded laminate,zippered,wedge / half frame,0,,1,,,2,Light Black #232323 | Cranberry Bog #7a1f2b,0,,https://rockgeist.com/product/wedge-52hz-waterproof-framebag/
Rockgeist,52Hz,Wedge 52Hz Waterproof Framebag,XL,framebag_half,6.5,54,6.5,16,,unknown,,"FALSE POSITIVE - framebag_half is correct. Same wedge profile scaled up (394 mm top edge, 216 mm at the head tube end, 61 mm at the rear per the Rockgeist diagram). Even at XL the bag is only ~16 cm tall against a 54 cm top edge - a half frame bag by proportion, and Rockgeist still describes it as filling the space near the head tube only.",maker,,X-Pac (visible X ripstop grid) / Ecopak welded laminate,zippered,wedge / half frame,0,,1,,,2,Light Black #232323 | Cranberry Bog #7a1f2b,0,,https://rockgeist.com/product/wedge-52hz-waterproof-framebag/
Rockgeist,Custom Framebag,X-Pac Custom Framebag,Custom,framebag_full,7,50,6,33,,unknown,(made to order; no dimensions or volume published),made to order with no published dimensions at all; dims left as stored representative values,maker,,X-Pac (visible X ripstop grid) / Ecopak welded laminate,zippered,wedge,0,slip mesh,1,,,0,,5,https://rockgeist.com/wp-content/uploads/2025/11/Kona-Unit-X-Review_12.webp | https://rockgeist.com/wp-content/uploads/2025/11/DSC01182-2-2.webp | https://rockgeist.com/wp-content/uploads/2025/11/VAs-Why-Cycles-Wayward_35.webp | https://rockgeist.com/wp-content/uploads/2025/11/Kona-Unit-X-Review_12.webp | https://rockgeist.com/wp-content/uploads/2025/11/Kona-Sutra-ULTD-Review_25.webp,https://rockgeist.com/product/x-pac-custom-framebag/
Rockgeist,Custom Framebag,ECOPAK Custom Framebag,Custom,framebag_full,7,50,6,33,,unknown,(made to order; no dimensions or volume published),made to order with no published dimensions at all; dims left as stored representative values,maker,,X-Pac (visible X ripstop grid) / Ecopak welded laminate,zippered,wedge,0,slip mesh,1,,,0,,5,https://rockgeist.com/wp-content/uploads/2025/11/Stooge-Dirt-Tracker-2.webp | https://rockgeist.com/wp-content/uploads/2025/11/PSX_20210207_044043.webp | https://rockgeist.com/wp-content/uploads/2025/11/Katmai-Bikepacking-2020-106LR.webp | https://rockgeist.com/wp-content/uploads/2025/11/IMG_8828-2.webp | https://rockgeist.com/wp-content/uploads/2025/11/DSC03609-2.webp,https://rockgeist.com/product/ecopak-custom-framebag/
Rockgeist,Custom Framebag,Ultra-PE Custom Framebag,Custom,framebag_full,7,50,6,33,,unknown,(made to order; no dimensions or volume published),made to order with no published dimensions at all; dims left as stored representative values,maker,,X-Pac (visible X ripstop grid) / Ecopak welded laminate,zippered,wedge,0,slip mesh,1,,,0,,5,https://rockgeist.com/wp-content/uploads/2026/04/Microwave-Holster-Pannier-V3-8.webp | https://rockgeist.com/wp-content/uploads/2025/11/Coyote-Mr.-Fusion-Reg-Seat-post-11.webp | https://rockgeist.com/wp-content/uploads/2025/11/image_123650291-2-scaled.webp | https://rockgeist.com/wp-content/uploads/2026/01/Esker-Lorax.webp | https://rockgeist.com/wp-content/uploads/2025/11/santa-cruz-chameleon-c-review_33.jpg,https://rockgeist.com/product/ultra-pe-custom-framebag/
Rockgeist,Custom Framebag,Custom Triangular Framebag,Custom,framebag_full,7,50,6,33,,unknown,"Dimensions: ""Panel size is custom to your frame, spine width is ~ 2.35\"" for narrow steel tubing, and ~ 2.6\"" for larger tubing (aluminum and carbon frames)."" Volume: ""Volume is dependent on the panel area and spine width of your framebag. Adding a flared nose adds about 0.75L of volume up at the nose of the bag.""","made-to-order bag built to the customer's frame, so there is no catalogue size. The only published figure is spine (bag) width: ~2.35in (6.0cm) for narrow steel tubing and ~2.6in (6.6cm) for aluminium or carbon frames. Panel len/hgt left as stored representative values",maker,,X-Pac (visible X ripstop grid) / Ecopak welded laminate,zippered,wedge,0,slip,1,,,42,1000d Cordura Black #1c1c1e | 1000d Cordura Woodland Camo #4d5a3c | Ecopak 450RS Revel Red #c02a2e | Ecopak EPX200 Black #1c1c1e | Ecopak EPX200 Bright Blue #1f6fd0 | Ecopak EPX200 Bright Orange #e8641f | Ecopak EPX200 Coyote Brown #8a6f4e | Ecopak EPX200 Deep Purple #4a2a6b | Ecopak EPX200 Drab Green #5d6249 | Ecopak EPX200 Fuchsia #c0357f | Ecopak EPX200 Lemon Lime #c6d93b | Ecopak EPX200 Lilac #b9a3d1 | Ecopak EPX200 Red Barn #8f2b22 | Ecopak EPX200 Snow White #f2f2ef | Ecopak EPX200 Tropic Teal #1f8a86 | Ecopak EPX200 Wolf Grey #7d7f82 | Ecopak-20 Pink Flamingo #e8639b | LiteSkin-21 Charcoal Black #2a2a2c | LiteSkin-21 Heather Grey #9a9a95 | LiteSkin-42 Charcoal Black #2a2a2c | Multiple Colors - See link in product description #808080 | RX-30 Alpen Glow #d4756a | RX-30 Blue Bell #6f86c9 | RX-30 Cayenne #b03a24 | RX-30 Evergreen #1f4d3a | RX-30 Ocean Blue #1d5f8a | RX-36 Black #1c1c1e | VX21 Black #1c1c1e | X10 Eclipse Grey Cotton Duck #4a4d52 | X10 Olive Cotton Duck #6b6a3c | X11 Black Cotton Duck #1c1c1e | X11 Blue Glacier Cotton Duck #7fa3bd | X11 Moonstone Cotton Duck #9aa0a6 | X11 Mountain Brown Cotton Duck #6b5340 | X50 Black MultiCam #3a3d3a | X50 Marigold #e8a11f | X50 Olive #6b6a3c | X50 Tactical Black #1c1c1e | X50 Tactical Khaki #8a7b58 | X50 Tactical Ranger Green #4e5a45 | X50 Tactical Woodland Camo #4d5a3c | X50 Tropic MultiCam #7d7048,5,https://rockgeist.com/wp-content/uploads/2015/11/DSC00106.jpg | https://rockgeist.com/wp-content/uploads/2015/11/DSC03353-2.jpg | https://rockgeist.com/wp-content/uploads/2015/11/DSC03609-2.jpg | https://rockgeist.com/wp-content/uploads/2018/04/DSC03064-1.jpg | https://rockgeist.com/wp-content/uploads/2015/11/Katmai-Bikepacking-2020-106LR.jpg,https://rockgeist.com/product/mudlust/
Rockgeist,Custom Framebag,Custom Half Framebag,Custom,framebag_half,4,45,6,14,,unknown,"Dimensions: ""Panel size is custom to your frame, spine width is ~ 2.35\"" for narrow steel tubing, and ~ 2.6\"" for larger tubing (aluminum and carbon frames)."" Volume: ""Volume is dependent on the panel area and spine width of your framebag. Adding a flared nose adds about 0.75L of volume up at the nose of the bag.""","made-to-order bag built to the customer's frame, so there is no catalogue size. The only published figure is spine (bag) width: ~2.35in (6.0cm) for narrow steel tubing and ~2.6in (6.6cm) for aluminium or carbon frames. Panel len/hgt left as stored representative values",maker,,X-Pac (visible X ripstop grid) / Ecopak welded laminate,zippered,wedge,0,slip,1,,,42,1000d Cordura Black #1c1c1e | 1000d Cordura Woodland Camo #4d5a3c | Ecopak 450RS Revel Red #c02a2e | Ecopak EPX200 Black #1c1c1e | Ecopak EPX200 Bright Blue #1f6fd0 | Ecopak EPX200 Bright Orange #e8641f | Ecopak EPX200 Coyote Brown #8a6f4e | Ecopak EPX200 Deep Purple #4a2a6b | Ecopak EPX200 Drab Green #5d6249 | Ecopak EPX200 Fuchsia #c0357f | Ecopak EPX200 Lemon Lime #c6d93b | Ecopak EPX200 Lilac #b9a3d1 | Ecopak EPX200 Red Barn #8f2b22 | Ecopak EPX200 Snow White #f2f2ef | Ecopak EPX200 Tropic Teal #1f8a86 | Ecopak EPX200 Wolf Grey #7d7f82 | Ecopak-20 Pink Flamingo #e8639b | LiteSkin-21 Charcoal Black #2a2a2c | LiteSkin-21 Heather Grey #9a9a95 | LiteSkin-42 Charcoal Black #2a2a2c | Multiple Colors - See link in product description #808080 | RX-30 Alpen Glow #d4756a | RX-30 Blue Bell #6f86c9 | RX-30 Cayenne #b03a24 | RX-30 Evergreen #1f4d3a | RX-30 Ocean Blue #1d5f8a | RX-36 Black #1c1c1e | VX21 Black #1c1c1e | X10 Eclipse Grey Cotton Duck #4a4d52 | X10 Olive Cotton Duck #6b6a3c | X11 Black Cotton Duck #1c1c1e | X11 Blue Glacier Cotton Duck #7fa3bd | X11 Moonstone Cotton Duck #9aa0a6 | X11 Mountain Brown Cotton Duck #6b5340 | X50 Black MultiCam #3a3d3a | X50 Marigold #e8a11f | X50 Olive #6b6a3c | X50 Tactical Black #1c1c1e | X50 Tactical Khaki #8a7b58 | X50 Tactical Ranger Green #4e5a45 | X50 Tactical Woodland Camo #4d5a3c | X50 Tropic MultiCam #7d7048,5,https://rockgeist.com/wp-content/uploads/2019/02/DSC08722.jpg | https://rockgeist.com/wp-content/uploads/2015/11/DSC01182-2.jpg | https://rockgeist.com/wp-content/uploads/2015/11/MOCK-HALF-FRAME-BAG-1.jpg | https://rockgeist.com/wp-content/uploads/2019/02/DSC01941.jpg | https://rockgeist.com/wp-content/uploads/2019/02/DSC02816.jpg,https://rockgeist.com/product/half-framebag/
Rockgeist,Custom Framebag,Custom Full Suspension Framebag,Custom,framebag_half,4,45,6,13,,unknown,"Dimensions: ""Panel size is custom to your frame, spine width is ~ 2.35\"" for narrow steel tubing, and ~ 2.6\"" for larger tubing (aluminum and carbon frames)."" Volume: ""Volume is dependent on the panel area and spine width of your framebag. Adding a flared nose adds about 0.75L of volume up at the nose of the bag.""","made-to-order bag built to the customer's frame, so there is no catalogue size. The only published figure is spine (bag) width: ~2.35in (6.0cm) for narrow steel tubing and ~2.6in (6.6cm) for aluminium or carbon frames. Panel len/hgt left as stored representative values",maker,,X-Pac (visible X ripstop grid) / Ecopak welded laminate,zippered,wedge,0,slip,1,,,42,1000d Cordura Black #1c1c1e | 1000d Cordura Woodland Camo #4d5a3c | Ecopak 450RS Revel Red #c02a2e | Ecopak EPX200 Black #1c1c1e | Ecopak EPX200 Bright Blue #1f6fd0 | Ecopak EPX200 Bright Orange #e8641f | Ecopak EPX200 Coyote Brown #8a6f4e | Ecopak EPX200 Deep Purple #4a2a6b | Ecopak EPX200 Drab Green #5d6249 | Ecopak EPX200 Fuchsia #c0357f | Ecopak EPX200 Lemon Lime #c6d93b | Ecopak EPX200 Lilac #b9a3d1 | Ecopak EPX200 Red Barn #8f2b22 | Ecopak EPX200 Snow White #f2f2ef | Ecopak EPX200 Tropic Teal #1f8a86 | Ecopak EPX200 Wolf Grey #7d7f82 | Ecopak-20 Pink Flamingo #e8639b | LiteSkin-21 Charcoal Black #2a2a2c | LiteSkin-21 Heather Grey #9a9a95 | LiteSkin-42 Charcoal Black #2a2a2c | Multiple Colors - See link in product description #808080 | RX-30 Alpen Glow #d4756a | RX-30 Blue Bell #6f86c9 | RX-30 Cayenne #b03a24 | RX-30 Evergreen #1f4d3a | RX-30 Ocean Blue #1d5f8a | RX-36 Black #1c1c1e | VX21 Black #1c1c1e | X10 Eclipse Grey Cotton Duck #4a4d52 | X10 Olive Cotton Duck #6b6a3c | X11 Black Cotton Duck #1c1c1e | X11 Blue Glacier Cotton Duck #7fa3bd | X11 Moonstone Cotton Duck #9aa0a6 | X11 Mountain Brown Cotton Duck #6b5340 | X50 Black MultiCam #3a3d3a | X50 Marigold #e8a11f | X50 Olive #6b6a3c | X50 Tactical Black #1c1c1e | X50 Tactical Khaki #8a7b58 | X50 Tactical Ranger Green #4e5a45 | X50 Tactical Woodland Camo #4d5a3c | X50 Tropic MultiCam #7d7048,5,https://rockgeist.com/wp-content/uploads/2017/09/DSC09662-2.jpg | https://rockgeist.com/wp-content/uploads/2017/09/2022-Rocky-Mountain-Element-Review_47-2000x1334-1.jpg | https://rockgeist.com/wp-content/uploads/2019/02/DSC09106.jpg | https://rockgeist.com/wp-content/uploads/2017/09/PSX_20210207_044043.jpg | https://rockgeist.com/wp-content/uploads/2019/02/DSC04356.jpg,https://rockgeist.com/product/full-suspension-framebag/
Rockgeist,Custom Framebag,Custom Full Length Top-Tube Bag,Custom,toptube,1.8,40,7,9,,unknown,(made to order; no dimensions or volume published),made to order with no published dimensions at all; dims left as stored representative values,maker,,X-Pac (visible X ripstop grid) / Ecopak welded laminate,zippered,,,,1,,,56,1000d Cordura Black #1c1c1e | 1000d Cordura Woodland Camo #4d5a3c | Black Dyneema 2.92 #2b2b2d | Black Dyneema 5.0 #2b2b2d | Cranberry Bog (from welded line) #7a1f2b | Ecopak 450RS Revel Red #c02a2e | Ecopak EPX200 Black #1c1c1e | Ecopak EPX200 Bright Blue #1f6fd0 | Ecopak EPX200 Bright Orange #e8641f | Ecopak EPX200 Coyote Brown #8a6f4e | Ecopak EPX200 Deep Purple #4a2a6b | Ecopak EPX200 Drab Green #5d6249 | Ecopak EPX200 Fuchsia #c0357f | Ecopak EPX200 Golden Daisy #e0b024 | Ecopak EPX200 Lemon Lime #c6d93b | Ecopak EPX200 Lilac #b9a3d1 | Ecopak EPX200 Ocean Blue #1d5f8a | Ecopak EPX200 Red Barn #8f2b22 | Ecopak EPX200 Snow White #f2f2ef | Ecopak EPX200 Tropic Teal #1f8a86 | Ecopak EPX200 Wolf Grey #7d7f82 | Ecopak-20 Pink Flamingo #e8639b | HyperTEC™ UX10 - Clear #d8dde0 | HyperTEC™ UX10ST - White #f0f0ee | Light Black (from welded line) #232323 | LiteSkin-21 Charcoal Black #2a2a2c | LiteSkin-21 Heather Grey #9a9a95 | LiteSkin-42 Charcoal Black #2a2a2c | RX-30 Alpen Glow #d4756a | RX-30 Blue Bell #6f86c9 | RX-30 Cayenne #b03a24 | RX-30 Evergreen #1f4d3a | RX-30 Ocean Blue #1d5f8a | RX-36 Black #1c1c1e | Ultra 200 Storm Grey #6e7276 | Ultra 400 Black Magic #1c1c1e | Ultra 400 Navy #22304f | Ultra 400 White Lightning #e9e9e6 | Ultra VX40 Silver #b9bcc0 | VX21 Black #1c1c1e | VX21 Sea Green #4f8f7a | White Dyneema 2.92 #dedede | X10 Eclipse Grey Cotton Duck #4a4d52 | X10 Olive Cotton Duck #6b6a3c | X11 Black Cotton Duck #1c1c1e | X11 Blue Glacier Cotton Duck #7fa3bd | X11 Moonstone Cotton Duck #9aa0a6 | X11 Mountain Brown Cotton Duck #6b5340 | X50 Black MultiCam #3a3d3a | X50 Marigold #e8a11f | X50 Olive #6b6a3c | X50 Tactical Black #1c1c1e | X50 Tactical Khaki #8a7b58 | X50 Tactical Ranger Green #4e5a45 | X50 Tactical Woodland Camo #4d5a3c | X50 Tropic MultiCam #7d7048,4,https://rockgeist.com/wp-content/uploads/2024/08/IMG_5012-scaled.jpg | https://rockgeist.com/wp-content/uploads/2024/08/IMG_4250.jpg | https://rockgeist.com/wp-content/uploads/2024/08/cranberry-bog-6.jpg | https://rockgeist.com/wp-content/uploads/2024/08/IMG_5011-scaled.jpg,https://rockgeist.com/product/full-length-top-tube-bag/
Rockgeist,Custom Framebag,Custom Medic Top-Tube Bag (saddle side),Custom,toptube,1,20,6,9,,unknown,(made to order; no dimensions or volume published),made to order with no published dimensions at all; dims left as stored representative values,maker,,X-Pac (visible X ripstop grid) / Ecopak welded laminate,zippered,,,,1,,,49,1000d Cordura Black #1c1c1e | 1000d Cordura Woodland Camo #4d5a3c | Black Dyneema 2.92 #2b2b2d | Black Dyneema 5.0 #2b2b2d | Ecopak 450RS Revel Red #c02a2e | Ecopak EPX200 Black #1c1c1e | Ecopak EPX200 Bright Blue #1f6fd0 | Ecopak EPX200 Bright Orange #e8641f | Ecopak EPX200 Coyote Brown #8a6f4e | Ecopak EPX200 Deep Purple #4a2a6b | Ecopak EPX200 Drab Green #5d6249 | Ecopak EPX200 Fuchsia #c0357f | Ecopak EPX200 Lemon Lime #c6d93b | Ecopak EPX200 Lilac #b9a3d1 | Ecopak EPX200 Red Barn #8f2b22 | Ecopak EPX200 Snow White #f2f2ef | Ecopak EPX200 Tropic Teal #1f8a86 | Ecopak EPX200 Wolf Grey #7d7f82 | Ecopak-20 Pink Flamingo #e8639b | LiteSkin-21 Charcoal Black #2a2a2c | LiteSkin-21 Heather Grey #9a9a95 | LiteSkin-42 Charcoal Black #2a2a2c | Multiple Colors - See link in product description #808080 | RX-30 Alpen Glow #d4756a | RX-30 Blue Bell #6f86c9 | RX-30 Cayenne #b03a24 | RX-30 Evergreen #1f4d3a | RX-30 Ocean Blue #1d5f8a | RX-36 Black #1c1c1e | Ultra 200 Storm Grey #6e7276 | Ultra 400 Black Magic #1c1c1e | Ultra 400 Navy #22304f | Ultra VX40 Silver #b9bcc0 | VX21 Black #1c1c1e | White Dyneema 2.92 #dedede | X10 Eclipse Grey Cotton Duck #4a4d52 | X10 Olive Cotton Duck #6b6a3c | X11 Black Cotton Duck #1c1c1e | X11 Blue Glacier Cotton Duck #7fa3bd | X11 Moonstone Cotton Duck #9aa0a6 | X11 Mountain Brown Cotton Duck #6b5340 | X50 Black MultiCam #3a3d3a | X50 Marigold #e8a11f | X50 Olive #6b6a3c | X50 Tactical Black #1c1c1e | X50 Tactical Khaki #8a7b58 | X50 Tactical Ranger Green #4e5a45 | X50 Tactical Woodland Camo #4d5a3c | X50 Tropic MultiCam #7d7048,5,https://rockgeist.com/wp-content/uploads/2017/09/DSC02633-copy.jpg | https://rockgeist.com/wp-content/uploads/2023/11/rockgeist-element-xl-6.jpg | https://rockgeist.com/wp-content/uploads/2019/02/DSC03284.jpg | https://rockgeist.com/wp-content/uploads/2019/02/DSC02567.jpg | https://rockgeist.com/wp-content/uploads/2019/02/DSC02798-1.jpg,https://rockgeist.com/product/medic-bag/
Bags by Bird,,Goldback 12.5W,,seatpack,27,43,20.3,26.7,,unknown,,,none,,"Waxed canvas / X-Pac combination (matte, earthy tones)",,,,,1,,,0,,0,,https://www.bagsxbird.com/product-page/goldback-12-5wide
Bags by Bird,,Tail Grab Handlebar Bag,,barbag,4.3,20.3,14,15.2,,unknown,,,none,,"Waxed canvas / X-Pac combination (matte, earthy tones)",,,,,1,,,0,,0,,https://www.bagsxbird.com/product-page/tail-grab
Bags by Bird,,Better Half Framebag,,framebag_full,5.5,40.6,7,27.9,,packed,"Sizing infographic, SMALL - LONG cell: 16"" (top tube edge), 2.5"" (head tube edge), 14"" (down tube edge), 12"" (rear edge). Page: 'Capacity (approx) Small Short: 2L, Small Long: 4.5L'","REAL ERROR on len, FALSE POSITIVE on shape - identical defect to the Large Long. Matched to the Small Long by its 4.5L figure, which is the only size on this page at that capacity. The stored len 31.8cm is 12.5"", read off the wrong arrow; the top tube edge is 16"" = 40.6cm. Closing the polygon puts the bottom apex 11.0"" down, matching the stored hgt 27.9cm, and 4.5L over the resulting 101.9 sq in profile needs a 2.69"" body, matching the stored wid 7cm. Ratio moves 1.14 -> 1.46, still under the 2.2 rule, and correctly so - the bag really is a squat wedge. Note the two Better Half records share brand+name+size and are only separable by slot and src.",maker,,"Waxed canvas / X-Pac combination (matte, earthy tones)",,,,,1,,,0,,0,,https://www.bagsxbird.com/product-page/better-half-large-long
Bags by Bird,,Better Half Framebag,,framebag_half,4.5,40.6,7,27.9,,packed,"Sizing infographic, SMALL - LONG cell: 16"" (top tube edge), 2.5"" (head tube edge), 14"" (down tube edge), 12"" (rear edge). Page: 'Capacity (approx) Small Short: 2L, Small Long: 4.5L'","REAL ERROR on len, FALSE POSITIVE on shape - identical defect to the Large Long. Matched to the Small Long by its 4.5L figure, which is the only size on this page at that capacity. The stored len 31.8cm is 12.5"", read off the wrong arrow; the top tube edge is 16"" = 40.6cm. Closing the polygon puts the bottom apex 11.0"" down, matching the stored hgt 27.9cm, and 4.5L over the resulting 101.9 sq in profile needs a 2.69"" body, matching the stored wid 7cm. Ratio moves 1.14 -> 1.46, still under the 2.2 rule, and correctly so - the bag really is a squat wedge. Note the two Better Half records share brand+name+size and are only separable by slot and src.",maker,,"Waxed canvas / X-Pac combination (matte, earthy tones)",,,,,1,,,0,,0,,https://www.bagsxbird.com/product-page/better-half-framebag-1
Bags by Bird,,Side Bustle Pannier,,pannier,11,25.4,14,30.5,,unknown,,,none,,"Waxed canvas / X-Pac combination (matte, earthy tones)",,,,,1,,,0,,0,,https://www.bagsxbird.com/product-page/side-bustle-pannier
Bags by Bird,,Piccolo 11W,,saddlebag,18,38,19,24,,unknown,,,none,,"Waxed canvas / X-Pac combination (matte, earthy tones)",,,,,1,,,0,,0,,https://www.bagsxbird.com/product-page/piccolo-11w
Rogue Panda Designs,,"Gila Dry Bag (Large, Flat Bar)",,forkbag,18,53,,,21.5,unknown,,,none,,"X-Pac / Ecopak (visible ripstop grid, dye-sublimation prints)",,,,,1,,,0,,0,,https://roguepanda.com/products/gila-dry-bag
Rogue Panda Designs,,Alamo Top Tube Bag (Gordito Grande),,toptube,1.75,27.9,8.9,10.2,,unknown,,,none,,"X-Pac / Ecopak (visible ripstop grid, dye-sublimation prints)",,,,,1,,,0,,0,,https://roguepanda.com/products/alamo-top-tube-bag
Rogue Panda Designs,,Salsa Cutthroat Stock Frame Bag (58cm),,framebag_full,12,55,7,36,,packed,"Rogue Panda product page: 58cm size = 12 liters, 13.4 oz / 380 g (no linear dimensions published). Rogue Panda knowledge base: bags are 'about 2.75 inches wide at the edges, but will expand to 4-5 inches wide in the middle'. Their Cutthroat frame bag guide separately lists 58cm = 14 litres for the full frame bag.","CORRECTED, low confidence - reconstructed, not published. Rogue Panda publish no linear dimensions for any stock frame bag. The stored height of 18cm is certainly wrong: this is a FULL frame bag filling the whole main triangle of a 58cm Salsa Cutthroat, and 50 x 18cm is a half-frame outline. Calibrated against the catalogue's own 12L full frame bags - Rockgeist Gravel 52Hz Large at 56 x 36 x 6.5 and WOHO XTouring Full Frame Dry L at 50 x 36 x 8 - and against Rogue Panda's published 2.75in (7cm) edge width, giving 55 x 36 x 7 = 13.9L, a 1.16 fill on 12L that sits in the same band as those peers. Length and height are inferred from that peer set plus the Cutthroat's large front triangle, so treat them as approximate. Note also that Rogue Panda's own Cutthroat guide says 14L for the 58cm while the product page says 12L; kept the product page figure that the catalogue already uses.",maker,,"X-Pac / Ecopak (visible ripstop grid, dye-sublimation prints)",,,,,1,,,0,,0,,https://roguepanda.com/products/stock-salsa-cutthroat-frame-bag
Rogue Panda Designs,,Ripsey Seat Bag V2,,seatpack,8,35,15,15,,unknown,,,none,,"X-Pac / Ecopak (visible ripstop grid, dye-sublimation prints)",,,,,1,,,0,,0,,https://roguepanda.com/products/ripsey-seat-bag
Rogue Panda Designs,,Bismarck Bottle Bucket,,stembag,1,18,,,8,unknown,,,none,,"X-Pac / Ecopak (visible ripstop grid, dye-sublimation prints)",,,,,1,,,0,,0,,
Rogue Panda Designs,,Custom Half Frame Bag,,framebag_half,4,40,7,12,,unknown,,,none,,"X-Pac / Ecopak (visible ripstop grid, dye-sublimation prints)",,,,,1,,,0,,0,,
Miss Grape,Cluster,Cluster 2 Waterproof,2L,seatpack,2,30.1,15,10,,unknown,,"CHANGE saddlebag -> seatpack. On-bike photos assets/products/miss-grape/cluster-cluster-2-waterproof-2l-2.jpg and -4.jpg show a tapered soft roll clamped by two webbing straps around the SADDLE RAILS and a green stabiliser strap around the SEATPOST - no bracket, no structured box. It is a scaled-down version of the Cluster 7 (cluster-cluster-7-waterproof-7l-1.jpg), which is already slotted seatpack and uses the identical rail-plus-post harness. Catalogue dims agree with a mini seatpack: 30.1 cm long tapering from 15 cm wide, only 10 cm tall. saddlebag would hand it to the Carradice-style bracketed-box builder, which is the wrong shape entirely.",maker,,"TPU-laminate / welded waterproof nylon (shiny welded seams, matte black)",rolltop,tapered,,,1,,,1,Black #1a1a1c,0,,https://missgrape.net/en/road/seat-bags-road/cluster-2-waterproof/
Miss Grape,Cluster,Cluster 7 Waterproof,7L,seatpack,7,44,16,14,,packed,VOLUME max 7 litres / VOLUME min 1 litre / MAX. LENGTH 44 cm / length 16cm / HEIGHT 14cm / WEIGHT 256 gr / MAXIMUM CAPACITY 5kg / 11lbs,"44 cm is the length at the 7 litre maximum, not an empty unrolled figure (44 x 14 x 16 cm bounds 9.9 L, which tapers to the stated 7 L), so it is kept as the full-bag length. The second 16 cm 'length' entry is the bag's width. Volume drops to 1 L when rolled right down",maker,,"TPU-laminate / welded waterproof nylon (shiny welded seams, matte black)",rolltop,tapered,2,,1,,5kg / 11lbs,1,Black #1a1a1c,6,https://ed58xxhnoja.exactdn.com/wp-content/uploads/2019/12/MGCLUSTER_7_WP_CATALOG.jpg | https://ed58xxhnoja.exactdn.com/wp-content/uploads/2019/12/MGCLUSTER_7_WP_CATALOG_NBG.jpg | https://ed58xxhnoja.exactdn.com/wp-content/uploads/2019/12/MGCLUSTER_7_WP_DETAIL_2.jpg | https://ed58xxhnoja.exactdn.com/wp-content/uploads/2019/12/MGCLUSTER_7_WP_DETAIL_3.jpg | https://ed58xxhnoja.exactdn.com/wp-content/uploads/2019/12/MGCLUSTER_7_WP_DETAIL_5.jpg | https://ed58xxhnoja.exactdn.com/wp-content/uploads/2019/12/MGCLUSTER_7_WP_SIDE.jpg,https://missgrape.net/en/road/seat-bags/cluster-7-waterproof/
Miss Grape,Cluster,Cluster 13 Waterproof,13L,seatpack,13,49,20,14,,packed,VOLUME 13 litres / MAX. LENGTH 49cm / HEIGHT 14cm / WEIGHT 419 gr / MAXIMUM CAPACITY 5kg / 11lbs,"49 cm is the length at the stated 13 L, so it is the full-bag length rather than an empty unrolled figure. Miss Grape publishes no width for this model - wid stays the stored 20 cm, which is what 13 L over 49 x 14 cm implies",maker,,"TPU-laminate / welded waterproof nylon (shiny welded seams, matte black)",rolltop,tapered,2,,1,,5kg / 11lbs,1,"Black (black/green webbing, Adventure series) #1a1a1c",6,https://ed58xxhnoja.exactdn.com/wp-content/uploads/2020/05/MGCLUSTER_13_WP_CATALOG_NBG.jpeg | https://ed58xxhnoja.exactdn.com/wp-content/uploads/2020/05/MGCLUSTER_13_SIDE.jpg | https://ed58xxhnoja.exactdn.com/wp-content/uploads/2020/05/MGCLUSTER_13_WP_DETAIL_1.jpg | https://ed58xxhnoja.exactdn.com/wp-content/uploads/2020/05/MGCLUSTER_13_WP_DETAIL_2.jpg | https://ed58xxhnoja.exactdn.com/wp-content/uploads/2020/05/MGCLUSTER_13_WP_DETAIL_3.jpeg | https://ed58xxhnoja.exactdn.com/wp-content/uploads/2020/05/Cluster-ingombro.jpg,https://missgrape.net/en/adventure-series/seat-bags/cluster-13-waterproof/
Miss Grape,Cluster,Cluster 20 Waterproof,20 (18.6L),seatpack,18.6,62,22,18,,packed,VOLUME 18.6 litres / MAX. LENGTH 62cm / HEIGHT 18cm / WEIGHT 478 gr / MAXIMUM CAPACITY 5kg / 11lbs,the model is named Cluster 20 but the published volume is 18.6 litres. 62 cm is the length at that volume. No width published - wid stays the stored 22 cm,maker,,"TPU-laminate / welded waterproof nylon (shiny welded seams, matte black)",rolltop,tapered,2,,1,,5kg / 11lbs,1,"Black (black/green webbing, Adventure series) #1a1a1c",6,https://ed58xxhnoja.exactdn.com/wp-content/uploads/2020/05/MGCLUSTER_20_WP_CATALOG.jpg | https://ed58xxhnoja.exactdn.com/wp-content/uploads/2020/05/MGCLUSTER_20_WP_CATALOG_NBG_2-1.jpg | https://ed58xxhnoja.exactdn.com/wp-content/uploads/2020/05/MGCLUSTER_20_WP_DETAIL_1.jpg | https://ed58xxhnoja.exactdn.com/wp-content/uploads/2020/05/MGCLUSTER_20_WP_DETAIL_2.jpg | https://ed58xxhnoja.exactdn.com/wp-content/uploads/2020/05/MGCLUSTER_20_WP_SIDE_2.jpg | https://ed58xxhnoja.exactdn.com/wp-content/uploads/2020/05/Cluster-ingombro.jpg,https://missgrape.net/en/adventure-series/seat-bags/cluster-20-waterproof/
Miss Grape,Tendril,Tendril 4.10 Waterproof,4-10L,barroll,10,35.4,,,14,unrolled,DIAMETER 14cm / MIN. WIDTH 27cm / MAX. WIDTH 55cm / MIN. VOLUME 4 litres / MAX VOLUME 10 litres / WEIGHT 240 g,the bag rolls in from both ends across a 27-55 cm range; packed len = 27 + 0.3*(55-27) = 35.4 cm. The 55 cm maximum is wider than most drop bars and must not be used as the render width,maker,,"TPU-laminate / welded waterproof nylon (shiny welded seams, matte black)",rolltop both ends,cylinder,2,,1,,,1,Black #1a1a1c,6,https://ed58xxhnoja.exactdn.com/wp-content/uploads/2019/04/MGTENDRIL_4_10_WP_CATALOG_NBG.jpg | https://ed58xxhnoja.exactdn.com/wp-content/uploads/2019/04/MGTENDRIL_4_10_WP_DETAIL_3.jpg | https://ed58xxhnoja.exactdn.com/wp-content/uploads/2019/04/MGTENDRIL_4_10_WP_DETAIL_7.jpg | https://ed58xxhnoja.exactdn.com/wp-content/uploads/2019/04/MGTENDRIL_4_10_WP_DETAIL_8.jpg | https://ed58xxhnoja.exactdn.com/wp-content/uploads/2019/04/MGTENDRIL_4_10_WP_SIDE.jpg | https://ed58xxhnoja.exactdn.com/wp-content/uploads/2019/04/MGTENDRIL_4_10_WP_FRONT.jpg,https://missgrape.net/en/road/handlebar-bags/tendril-4-10-waterproof/
Miss Grape,Tendril,Tendril 10.7 Waterproof,10-17L,barroll,17,44.8,,,18,unrolled,DIAMETER 18cm / MIN. WIDTH 34cm / MAX. WIDTH 70cm / MIN. VOLUME 10 litres / MAX VOLUME 17 litres / WEIGHT 396 g,34-70 cm roll range; packed len = 34 + 0.3*(70-34) = 44.8 cm. The 70 cm maximum is far wider than any handlebar and would render the bag hugely oversized,maker,,"TPU-laminate / welded waterproof nylon (shiny welded seams, matte black)",rolltop both ends,cylinder,2,,1,,,1,"Black (black/green webbing, Adventure series) #1a1a1c",6,https://ed58xxhnoja.exactdn.com/wp-content/uploads/2019/06/MGTENDRIL_10_7_WP_CATALOG.jpg | https://ed58xxhnoja.exactdn.com/wp-content/uploads/2019/06/MGTENDRIL_10_7_WP_CATALOG_NBG.jpg | https://ed58xxhnoja.exactdn.com/wp-content/uploads/2019/06/MGTENDRIL_10_7_WP_DETAIL_10-1.jpg | https://ed58xxhnoja.exactdn.com/wp-content/uploads/2019/06/MGTENDRIL_10_7_WP_DETAIL_14.jpg | https://ed58xxhnoja.exactdn.com/wp-content/uploads/2019/06/MGTENDRIL_10_7_WP_DETAIL_15.jpg | https://ed58xxhnoja.exactdn.com/wp-content/uploads/2020/05/Tendril-10.7-ingombro.jpg,https://missgrape.net/en/adventure-series/handlebar-bags/tendril-10-7-waterproof/
Miss Grape,Internode,Internode 2 Waterproof,2L,framebag_half,2,31,7,15,,packed,Length 31cm / Height 15cm / MIN. width 5cm / MAX. width 7cm / VOLUME 2 litres / WEIGHT 139 g,width tapers 5 cm to 7 cm; wid is the max. Printable template offered on the page,maker,,"TPU-laminate / welded waterproof nylon (shiny welded seams, matte black)",zippered,half frame,0,,1,,,1,Black #1a1a1c,6,https://ed58xxhnoja.exactdn.com/wp-content/uploads/2021/04/MGINTERNODE_2_WP_CATALOG_NBG.jpg | https://ed58xxhnoja.exactdn.com/wp-content/uploads/2021/04/MGINTERNODE_2_WP_DETAIL_1.jpg | https://ed58xxhnoja.exactdn.com/wp-content/uploads/2021/04/MGINTERNODE_2_WP_DETAIL_3.jpg | https://ed58xxhnoja.exactdn.com/wp-content/uploads/2021/04/MGINTERNODE_2_WP_DETAIL_8.jpg | https://ed58xxhnoja.exactdn.com/wp-content/uploads/2021/04/MGINTERNODE_2_WP_SIDE_2.jpg | https://ed58xxhnoja.exactdn.com/wp-content/uploads/2021/04/Scavezzon_Missgrape_11.jpg,https://missgrape.net/en/road/frame-bags/internode-2-waterproof/
Miss Grape,Internode,Internode 3 Waterproof,3L,framebag_half,3,41,7,16,,packed,Length 41cm / Height 16cm / MIN. width 5cm / MAX. width 7cm / VOLUME 3 litres / WEIGHT 179 g,width tapers 5 cm to 7 cm; wid is the max,maker,,"TPU-laminate / welded waterproof nylon (shiny welded seams, matte black)",zippered,half frame,0,,1,,,1,Black #1a1a1c,6,https://ed58xxhnoja.exactdn.com/wp-content/uploads/2021/04/MGINTERNODE_3_WP_CATALOG_NBG.jpg | https://ed58xxhnoja.exactdn.com/wp-content/uploads/2021/04/MGINTERNODE_3_DETAIL_2.jpg | https://ed58xxhnoja.exactdn.com/wp-content/uploads/2021/04/MGINTERNODE_3_DETAIL_6.jpg | https://ed58xxhnoja.exactdn.com/wp-content/uploads/2021/04/MGINTERNODE_3_WP_DETAIL_1.jpg | https://ed58xxhnoja.exactdn.com/wp-content/uploads/2021/04/MGINTERNODE_3_WP_SIDE.jpg | https://ed58xxhnoja.exactdn.com/wp-content/uploads/2023/04/Miss-Grape-classico-nero-nobg.png,https://missgrape.net/en/road/frame-bags/internode-3-waterproof/
Miss Grape,Internode,Internode 4 Waterproof,4L,framebag_half,4,42,6,10,,packed,Length A 42cm / LENGTH C 30cm / HEIGHT B 10cm / HEIGHT D 3cm / VOLUME 4 litres / WEIGHT 198 g,"Miss Grape gives the panel as A (top length), C (bottom length), B (front height) and D (rear height) and publishes no bag width; len = A, hgt = B, and wid is left as stored; bottom edge is 30 cm and rear height 3 cm",maker,,"TPU-laminate / welded waterproof nylon (shiny welded seams, matte black)",zippered,"half frame, tapered",0,,1,,,1,"Black (black/green webbing, Adventure series) #1a1a1c",6,https://ed58xxhnoja.exactdn.com/wp-content/uploads/2021/07/MGINTERNODE_4_WP_CATALOG_NBG.jpg | https://ed58xxhnoja.exactdn.com/wp-content/uploads/2021/07/MGINTERNODE_4_WP_DETAIL_1.jpg | https://ed58xxhnoja.exactdn.com/wp-content/uploads/2021/07/MGINTERNODE_4_WP_SIDE.jpg | https://ed58xxhnoja.exactdn.com/wp-content/uploads/2021/07/ENOUGH-PRE_RAR-CHIARA_REDASCHI-084.jpg | https://ed58xxhnoja.exactdn.com/wp-content/uploads/2021/07/size-internode-4.png | https://ed58xxhnoja.exactdn.com/wp-content/uploads/2023/04/Miss-Grape-classico-nero-nobg.png,https://missgrape.net/en/adventures/frame-bags/internode-4-waterproof/
Miss Grape,Internode,Internode 5 Waterproof,5L,framebag_half,5,49,6,12,,packed,Length A 49cm / LENGTH C 35cm / HEIGHT B 12cm / HEIGHT D 3cm / VOLUME 5 litres / WEIGHT 227 g,"Miss Grape gives the panel as A (top length), C (bottom length), B (front height) and D (rear height) and publishes no bag width; len = A, hgt = B, and wid is left as stored; bottom edge is 35 cm and rear height 3 cm",maker,,"TPU-laminate / welded waterproof nylon (shiny welded seams, matte black)",zippered,"half frame, tapered",0,,1,,,1,"Black (black/green webbing, Adventure series) #1a1a1c",6,https://ed58xxhnoja.exactdn.com/wp-content/uploads/2021/05/MGINTERNODE_5_WP_CATALOG_NBG.jpg | https://ed58xxhnoja.exactdn.com/wp-content/uploads/2021/05/MGINTERNODE_5_WP_DETAIL_1.jpg | https://ed58xxhnoja.exactdn.com/wp-content/uploads/2021/05/MGINTERNODE_5_WP_DETAIL_2.jpg | https://ed58xxhnoja.exactdn.com/wp-content/uploads/2021/05/MGINTERNODE_5_WP_DETAIL_3.jpg | https://ed58xxhnoja.exactdn.com/wp-content/uploads/2021/05/MGINTERNODE_5_WP_SIDE.jpg | https://ed58xxhnoja.exactdn.com/wp-content/uploads/2021/05/Internode-5-WP-misure.png,https://missgrape.net/en/adventures/frame-bags/internode-5-waterproof/
Miss Grape,Internode,Internode 6 Waterproof,6L,framebag_half,6,52,6,14,,packed,Length A 52cm / LENGTH C 37cm / HEIGHT B 14cm / HEIGHT D 4cm / VOLUME 6 litres / WEIGHT 249 g,"Miss Grape gives the panel as A (top length), C (bottom length), B (front height) and D (rear height) and publishes no bag width; len = A, hgt = B, and wid is left as stored; bottom edge is 37 cm and rear height 4 cm",maker,,"TPU-laminate / welded waterproof nylon (shiny welded seams, matte black)",zippered,"half frame, tapered",0,,1,,,1,"Black (black/green webbing, Adventure series) #1a1a1c",6,https://ed58xxhnoja.exactdn.com/wp-content/uploads/2021/05/MGINTERNODE_6_WP_CATALOG_NBG.jpg | https://ed58xxhnoja.exactdn.com/wp-content/uploads/2021/05/MGINTERNODE_6_WP_DETAIL_1.jpg | https://ed58xxhnoja.exactdn.com/wp-content/uploads/2021/05/MGINTERNODE_6_WP_DETAIL_2.jpg | https://ed58xxhnoja.exactdn.com/wp-content/uploads/2021/05/MGINTERNODE_6_WP_DETAIL_4.jpg | https://ed58xxhnoja.exactdn.com/wp-content/uploads/2021/05/Internode-6-WP-misure.png | https://ed58xxhnoja.exactdn.com/wp-content/uploads/2021/07/ENOUGH-PRE_RAR-CHIARA_REDASCHI-061.jpg,https://missgrape.net/en/adventures/frame-bags/internode-6-waterproof/
Miss Grape,Node,Node Rd,Road,toptube,,20,4.8,8,,packed,Length 20cm / Height 8cm / Length 4.8cm (width) / WEIGHT 98 g,the page lists two entries labelled Length; the second is the bag's width,maker,,"TPU-laminate / welded waterproof nylon (shiny welded seams, matte black)",zippered,,,,1,,,1,Black #1a1a1c,6,https://ed58xxhnoja.exactdn.com/wp-content/uploads/2020/05/MGNODE_ROAD_CATALOG_NBG.jpg | https://ed58xxhnoja.exactdn.com/wp-content/uploads/2020/05/MGNODE_ROAD_DETAIL_1.jpg | https://ed58xxhnoja.exactdn.com/wp-content/uploads/2020/05/MGNODE_ROAD_DETAIL_3.jpg | https://ed58xxhnoja.exactdn.com/wp-content/uploads/2020/05/MGNODE_ROAD_FULL.jpg | https://ed58xxhnoja.exactdn.com/wp-content/uploads/2020/05/Scavezzon_Missgrape_48-1.jpg | https://ed58xxhnoja.exactdn.com/wp-content/uploads/2023/04/Miss-Grape-classico-nero-nobg.png,https://missgrape.net/en/road/top-tube-bags/node/
Miss Grape,Node,Node 2H Rd,Road bolt-on,toptube,,20,4.8,8,,packed,Length 20cm / Height 8cm / Length 4.8cm (width) / WEIGHT 98 g,the page lists two entries labelled Length; the second is the bag's width. Not compatible with the MBC URS model,maker,,"TPU-laminate / welded waterproof nylon (shiny welded seams, matte black)",zippered,,,,1,,,1,Black #1a1a1c,6,https://ed58xxhnoja.exactdn.com/wp-content/uploads/2020/05/MGNODE_2H_ROAD_CATALOG_NBG.jpg | https://ed58xxhnoja.exactdn.com/wp-content/uploads/2020/05/MGNODE_2H_ROAD_DETAIL_3.jpg | https://ed58xxhnoja.exactdn.com/wp-content/uploads/2020/05/MGNODE_2H_ROAD_DETAIL_4.jpg | https://ed58xxhnoja.exactdn.com/wp-content/uploads/2020/05/MGNODE_2H_ROAD_SIDE.jpg | https://ed58xxhnoja.exactdn.com/wp-content/uploads/2020/05/Scavezzon_Missgrape_13-1.jpg | https://ed58xxhnoja.exactdn.com/wp-content/uploads/2023/04/Miss-Grape-classico-nero-nobg.png,https://missgrape.net/en/road/top-tube-bags/node-2h/
Miss Grape,Node,Big Node,1.8L,toptube,1.8,40,4.5,9,,packed,Length 40cm / Height 9cm / Length 4.5cm (width) / WEIGHT 186 g / VOLUME 1.8 litres,the page lists two entries labelled Length; the second is the bag's width,maker,,"TPU-laminate / welded waterproof nylon (shiny welded seams, matte black)",zippered,,,,1,,,1,Black #1a1a1c,6,https://ed58xxhnoja.exactdn.com/wp-content/uploads/2023/04/MGBIGNODE_CATALOG_NBG_2.jpg | https://ed58xxhnoja.exactdn.com/wp-content/uploads/2023/04/MGBIGNODE_DETAIL_1.jpg | https://ed58xxhnoja.exactdn.com/wp-content/uploads/2023/02/AMR23-Enough-Nils_Laengner-9577.jpg | https://ed58xxhnoja.exactdn.com/wp-content/uploads/2023/04/AMR23-Day3-Nils_Laengner-3678.jpg | https://ed58xxhnoja.exactdn.com/wp-content/uploads/2023/04/Miss-Grape-classico-nero-nobg.png | https://ed58xxhnoja.exactdn.com/wp-content/uploads/2023/04/size-bignode.png,https://missgrape.net/en/road/top-tube-bags/big-node-road/
Miss Grape,Node,Big Node 2H,1.8L bolt-on,toptube,1.8,40,4.5,9,,packed,Length 40cm / Height 9cm / Length 4.5cm (width) / WEIGHT 179 g / VOLUME 1.8 litres,the page lists two entries labelled Length; the second is the bag's width. Not compatible with the MBC URS model,maker,,"TPU-laminate / welded waterproof nylon (shiny welded seams, matte black)",zippered,,,,1,,,1,Black #1a1a1c,6,https://ed58xxhnoja.exactdn.com/wp-content/uploads/2023/04/MGBIGNODE_2H_CATALOG_NBG.jpg | https://ed58xxhnoja.exactdn.com/wp-content/uploads/2023/04/MGBIGNODE_2H_DETAIL_1.jpg | https://ed58xxhnoja.exactdn.com/wp-content/uploads/2023/04/MGBIGNODE_2H_DETAIL_3.jpg | https://ed58xxhnoja.exactdn.com/wp-content/uploads/2023/04/MGBIGNODE_2H_SIDE.jpg | https://ed58xxhnoja.exactdn.com/wp-content/uploads/2021/07/ENOUGH-PRE-RAR-CHIARA-REDASCHI-139.jpg | https://ed58xxhnoja.exactdn.com/wp-content/uploads/2023/04/Miss-Grape-classico-nero-nobg.png,https://missgrape.net/en/road/top-tube-bags/big-node-2h-road/
Miss Grape,Node,Node Adventure,Adventure,toptube,,25,7,12,,packed,Length 25cm / Height 12cm / Length 7cm (width) / WEIGHT 125 g,the page lists two entries labelled Length; the second is the bag's width,maker,,"TPU-laminate / welded waterproof nylon (shiny welded seams, matte black)",zippered,,,,1,,,1,"Black (black/green webbing, Adventure series) #1a1a1c",6,https://ed58xxhnoja.exactdn.com/wp-content/uploads/2016/09/MGNODE_ADV_CATALOG_NBG.jpg | https://ed58xxhnoja.exactdn.com/wp-content/uploads/2016/09/MGNODE_ADV_DETAIL_1.jpg | https://ed58xxhnoja.exactdn.com/wp-content/uploads/2016/09/MGNODE_ADV_DETAIL_2.jpg | https://ed58xxhnoja.exactdn.com/wp-content/uploads/2016/09/MGNODE_ADV_DETAIL_3.jpg | https://ed58xxhnoja.exactdn.com/wp-content/uploads/2016/09/MGNODE_ADV_SIDE.jpg | https://ed58xxhnoja.exactdn.com/wp-content/uploads/2023/04/Miss-Grape-classico-nero-nobg.png,https://missgrape.net/en/adventure-series/top-tube-bags/node/
Miss Grape,Node,Node 2H Adventure,Adventure bolt-on,toptube,,25,7,12,,packed,Length 25cm / Height 12cm / Length 7cm (width) / WEIGHT 125 g,the page lists two entries labelled Length; the second is the bag's width. Not compatible with the MBC URS model,maker,,"TPU-laminate / welded waterproof nylon (shiny welded seams, matte black)",zippered,,,,1,,,1,"Black (black/green webbing, Adventure series) #1a1a1c",6,https://ed58xxhnoja.exactdn.com/wp-content/uploads/2018/11/MGNODE_2H_ADV_CATALOG_NGB.jpg | https://ed58xxhnoja.exactdn.com/wp-content/uploads/2018/11/MGNODE_2H_ADV_DETAIL_1.jpg | https://ed58xxhnoja.exactdn.com/wp-content/uploads/2018/11/MGNODE_2H_ADV_DETAIL_2.jpg | https://ed58xxhnoja.exactdn.com/wp-content/uploads/2018/11/MGNODE_2H_ADV_DETAIL_3.jpg | https://ed58xxhnoja.exactdn.com/wp-content/uploads/2018/11/MGNODE_2H_ADV_SIDE.jpg | https://ed58xxhnoja.exactdn.com/wp-content/uploads/2018/11/Scavezzon_Missgrape_30_2023.jpg,https://missgrape.net/en/adventure-series/top-tube-bags/node-2h/
Miss Grape,Bud,Bud,1L,stembag,1,,,15,9,packed,diameter 9cm / height 15cm / VOLUME 1 litre / WEIGHT 88 g,"cylindrical stem/feed bag; 15 cm over a 9 cm circle is 0.95 L, matching the stated 1 litre",maker,,"TPU-laminate / welded waterproof nylon (shiny welded seams, matte black)",drawcord/cinch,cylinder,,,1,,,1,"Black (black/green webbing, Adventure series) #1a1a1c",6,https://ed58xxhnoja.exactdn.com/wp-content/uploads/2016/09/MGBUD_CATALOG_NBG.jpg | https://ed58xxhnoja.exactdn.com/wp-content/uploads/2016/09/MGBUD_DETAIL_1.jpg | https://ed58xxhnoja.exactdn.com/wp-content/uploads/2016/09/MGBUD_DETAIL_4.jpg | https://ed58xxhnoja.exactdn.com/wp-content/uploads/2016/09/MGBUD_DETAIL_6.jpg | https://ed58xxhnoja.exactdn.com/wp-content/uploads/2016/09/MGBUD_DETAIL_7.jpg | https://ed58xxhnoja.exactdn.com/wp-content/uploads/2016/09/MGBUD_SIDE.jpg,https://missgrape.net/en/adventure-series/handlebar-bags/bud/
Miss Grape,Moon,Moon,2L,barbag,2,23,,,11,packed,length 23cm / diameter 11cm / volume 2 litres / WEIGHT 155 g,"23 cm over an 11 cm circle is 2.19 L, matching the stated 2 litres",maker,,"TPU-laminate / welded waterproof nylon (shiny welded seams, matte black)",zippered,barrel,2,,1,,,1,Black #1a1a1c,6,https://ed58xxhnoja.exactdn.com/wp-content/uploads/2019/12/MGMOON_CATALOG.jpg | https://ed58xxhnoja.exactdn.com/wp-content/uploads/2019/12/MGMOON_CATALOG_NGB.jpg | https://ed58xxhnoja.exactdn.com/wp-content/uploads/2019/12/MGMOON_DETAIL_3.jpg | https://ed58xxhnoja.exactdn.com/wp-content/uploads/2019/12/MGMOON_DETAIL_4.jpg | https://ed58xxhnoja.exactdn.com/wp-content/uploads/2019/12/MGMOON_DETAIL_6.jpg | https://ed58xxhnoja.exactdn.com/wp-content/uploads/2019/12/MGMOON_DETAIL_7.jpg,https://missgrape.net/en/commuting/handlebar-bags/moon/
Miss Grape,Moon,Moon IC,2.3L,barbag,2.3,26.5,,,11.5,packed,length 26.5 cm / diameter 11.5 cm / volume 2.3 liters / WEIGHT 252 g,IC is the integrated-cockpit version; 26.5 cm over an 11.5 cm circle is 2.75 L against a stated 2.3 L,maker,,"TPU-laminate / welded waterproof nylon (shiny welded seams, matte black)",zippered,barrel,0,,1,,,1,Black #1a1a1c,6,https://ed58xxhnoja.exactdn.com/wp-content/uploads/2024/11/MGMOON_IC_CATALOG_1jpg.jpg | https://ed58xxhnoja.exactdn.com/wp-content/uploads/2024/11/MGMOON_IC_CATALOG_NBG-1.jpg | https://ed58xxhnoja.exactdn.com/wp-content/uploads/2024/11/MGMOON_IC_DETAIL_1.jpg | https://ed58xxhnoja.exactdn.com/wp-content/uploads/2024/11/MGMOON_IC_DETAIL_4.jpg | https://ed58xxhnoja.exactdn.com/wp-content/uploads/2024/11/MGMOON_IC_SIDE.jpg | https://ed58xxhnoja.exactdn.com/wp-content/uploads/2023/04/Miss-Grape-classico-nero-nobg.png,https://missgrape.net/en/product/commuting/handlebar-bags-commuting/moon-ic/
Miss Grape,Trunk,Trunk 6 Waterproof,6L,forkbag,6,,,36,13,packed,max. height 36 cm / diameter 13cm / VOLUME 6 litres / WEIGHT 119 g,"36 cm is labelled max height, but it is the height at the stated 6 litres rather than an empty unrolled figure (36 cm over a 13 cm circle bounds only 4.8 L), so it is kept",maker,,"TPU-laminate / welded waterproof nylon (shiny welded seams, matte black)",rolltop,cylinder,,,1,,,1,"Black (black/green webbing, Adventure series) #1a1a1c",6,https://ed58xxhnoja.exactdn.com/wp-content/uploads/2021/05/MGTRUNK_6_WP_CATALOG_DETAIL.jpg | https://ed58xxhnoja.exactdn.com/wp-content/uploads/2021/05/MGTRUNK_6_WP_CATALOG_DETAIL_1.jpg | https://ed58xxhnoja.exactdn.com/wp-content/uploads/2021/05/MGTRUNK_6_WP_CATALOG_NBG.jpg | https://ed58xxhnoja.exactdn.com/wp-content/uploads/2021/05/MGTRUNK_6_WP_DETAIL_1.jpg | https://ed58xxhnoja.exactdn.com/wp-content/uploads/2021/05/MGTRUNK_6_WP_DETAIL_7.jpg | https://ed58xxhnoja.exactdn.com/wp-content/uploads/2021/05/MGTRUNK_6_WP_SIDE.jpg,https://missgrape.net/en/fork-bags/trunk-6-waterproof/
Miss Grape,Trunk,Trunk 6 Aero Bar Waterproof,6L,barroll,6,,,36,13,packed,max. height 36 cm / diameter 13cm / VOLUME 6 litres / WEIGHT 121 g,same body as the fork Trunk 6 with aero bar mounting; 2 g heavier per the page,maker,,"TPU-laminate / welded waterproof nylon (shiny welded seams, matte black)",rolltop,cylinder,2,,1,,,1,"Black (black/green webbing, Adventure series) #1a1a1c",6,https://ed58xxhnoja.exactdn.com/wp-content/uploads/2023/05/MGTRUNK_AEROBAR_CATALOG_NBG-1.jpg | https://ed58xxhnoja.exactdn.com/wp-content/uploads/2023/05/MGTRUNK_AEROBAR_DETAIL_2.jpg | https://ed58xxhnoja.exactdn.com/wp-content/uploads/2023/05/MGTRUNK_AEROBAR_DETAIL_3-1.jpg | https://ed58xxhnoja.exactdn.com/wp-content/uploads/2023/05/MGTRUNK_AEROBAR_DETAIL_4-1.jpg | https://ed58xxhnoja.exactdn.com/wp-content/uploads/2023/05/MGTRUNK_AEROBAR_DETAIL_5.jpg | https://ed58xxhnoja.exactdn.com/wp-content/uploads/2023/05/MGTRUNK_AEROBAR_DETAIL_8.jpg,https://missgrape.net/en/adventure/aero-bar-bags/trunk-6-aero-bar-waterproof/
Arkel,,Rollpacker Rear 20L,,seatpack,20,28,38,24,,packed,"Closed width: 38 cm (15""); Open width: 46.5 cm (18.3""); Height of main compartment: 9"" (24 cm); Depth excluding front pocket: 28 cm; Depth including front pocket: 13.5"" (43.3 cm); 20L (1220.5 cu. in.) plus a 2L front pocket","TRANSPOSED AXES. The record had no source and read len 38 / wid 28. Arkel's published figures are 'closed width 38 cm' and 'depth excluding front pocket 28 cm', and for a seat pack len is the fore-aft dimension, so those two were the wrong way round: len = 28 (depth), wid = 38 (across-bike width). hgt 24 was already Arkel's 'height of main compartment' and is unchanged. The elongation rule still fails at 1.36 and that is a genuine shape, not an error - the Rollpacker is Arkel's unusually wide box-shaped rear bag carried on its own rigid rack, not a tapered saddle tube. 28 x 24 x 38 = 25.5L against a rated 20L (ratio 1.28). ROLL RANGE: Arkel give 'closed width 38 cm / open width 46.5 cm'; wid uses the CLOSED end per the closed-end rule, so this record is already compliant - do not swap it to 46.5. (The other Arkel range, depth 28cm excluding vs 43.3cm including the front pocket, is a with/without-pocket figure rather than a roll, and 28cm is the one that matches the 20L main-compartment rating; the front pocket is rated separately at 2L.)",maker,,Cordura (matte woven) with TPU-welded waterproof roll-tops on Orca/Dolphin lines,,,,,1,,,0,,0,,https://arkel.ca/products/rollpacker-bikepacking-bag
Arkel,,Arkel Handlebar Bag (Large),,barbag,9,27,18,23,,unknown,,,none,,Cordura (matte woven) with TPU-welded waterproof roll-tops on Orca/Dolphin lines,,,,,1,,,0,,0,,https://arkel.ca/products/handlebar-bag
Arkel,,Orca 2 45,,pannier,45,31,28,45,,unknown,,,none,,Cordura (matte woven) with TPU-welded waterproof roll-tops on Orca/Dolphin lines,,,,,1,,,0,,0,,https://arkel.ca/products/orca-panniers
Arkel,,Arkel GT-54 Classic Touring Panniers,,pannier,27,33.7,20,36.2,,packed,Arkel spec: 'Volume: 54 L (3300 cu. in.)'; listing title 'GT-54 Classic Touring Panniers (Pair)'; scope of delivery one left and one right pannier,"PAIR/SINGLE MISMATCH, not a dimension error. The 54L is Arkel's PAIR total - the listing ships a left and a right bag and Arkel names the model after the combined volume, exactly as it does with the Dolphin (24L each, 48L per pair). The stored dims are per-bag, so the checker was comparing one bag's box against two bags' capacity. Per bag the reconciliation is fine: 33.7 x 36.2 x 20 = 24.4L against 27L (ratio 0.90), the remainder taken up by the expanding outer pockets and the drawstring collar. Dims unchanged; litres corrected to the per-bag figure.",maker,,Cordura (matte woven) with TPU-welded waterproof roll-tops on Orca/Dolphin lines,,,,,1,,,0,,0,,https://arkel.ca/products/gt-54-classic-touring-panniers
Arkel,,Dolphin 24L,,pannier,24,33,15,48,,packed,Arkel spec: 'Total Volume (per bag): 24L'; sold as a single pannier ($179.99) or as a pair ($339.99),"PAIR/SINGLE MISMATCH, same defect as the GT-54. The product is named 'Dolphin 24L' and Arkel states 24L PER BAG, but the record carried 48 - the pair total - while the dims were for one bag. Arkel's page confirms both a single and a pair purchase option. The dims are right and need no change: 33 x 48 x 15 = 23.8L against 24L per bag, a 0.99 reconciliation. On the closed-end rule: Arkel publish NO height range for the Dolphin, only the single 24L per-bag rating, and the stored 48cm is the one height that reproduces it, so there is no range to take the closed end of and the rule does not bite here. If a range does surface later this is the record to revisit, since a rolled-down Dolphin is certainly shorter than 48cm.",maker,,Cordura (matte woven) with TPU-welded waterproof roll-tops on Orca/Dolphin lines,,,,,1,,,0,,0,,https://arkel.ca/products/dolphin-24l-waterproof-pannier
Arkel,,Arkel TailRider Trunk Bag,,trunk,11,36,15,16,,unknown,,,none,,Cordura (matte woven) with TPU-welded waterproof roll-tops on Orca/Dolphin lines,,,,,1,,,0,,0,,https://arkel.ca/products/tailrider-trunk-bag
WOHO,,XTouring Handlebar Harness + Dry Bag 15L,,barroll,15,44,,,20,unknown,,,none,,X-Pac (visible X ripstop grid) combined with Cordura reinforcement panels,,,,,1,,,0,,0,,https://www.wohobike.com/products/xtouring-handlebar-harness-black-camo-dry-bag-15l-bundle-1
WOHO,,XTouring Saddle Bag Dry L,,seatpack,18,53,20,20,,unknown,,,none,,X-Pac (visible X ripstop grid) combined with Cordura reinforcement panels,,,,,1,,,0,,0,,https://www.wohobike.com/products/xtouring-saddle-bag-dry-l-cyber-camo-black
WOHO,,XTouring Full Frame Bag Dry L,,framebag_full,12,50,8,36,,packed,"wohobike.com, size L: ""Capacity : 12 Liter / Weight : 244g / 8.6oz / Size : (L x W x H) : 50 x 36 x 8 cm / 19.7"" x 14"" x 3.15""""","FALSE POSITIVE (too-cubic, 1.39). Re-fetched the MAKER's own page and the numbers are exact: 50 x 36 x 8 cm for size L, 12 L. WOHO labels the axes L x W x H but their 'W' is the vertical drop and their 'H' the across-bike thickness, so the catalogue's len/hgt/wid mapping is already correct. Same class as the Apidura and Ripio full-frame flags from chunk 1: a bag shaped to a main triangle cannot reach 1.5:1. Box 14.4 L against 12 L is 1.20x -- if anything this is one of the better-reconciled records in the batch. Dims upgraded from unknown to maker-sourced; nothing changed.",maker,,X-Pac (visible X ripstop grid) combined with Cordura reinforcement panels,,,,,1,,,0,,0,,https://www.wohobike.com/products/xtouring-full-frame-bag-dry
WOHO,,XTouring UL Pannier Dry,,pannier,18,32,13,35,,packed,"Bikerumor (from WOHO): ""Size: 28cm to 49cm tall (depending on roll top), 32cm wide, and 13cm deep. Volume: 36 liters a pair (roll top fully open), 20 liters a pair (rolled three times). Weight: 350g (single), 700g (pair)"". BIKEPACKING.com launch: ""49cm (full)-35 (rolled 3 times) tall x 32cm wide x 13cm deep""","CORRECTED -- the stored 40 x 24 x 14 matched no published axis on this bag and looks back-computed. Two independent press sources working from WOHO's own release agree: 32 cm wide (fore-aft on the rack), 13 cm deep (across the bike), and 28-49 cm tall depending on how far the roll-top is closed, with 35 cm being rolled three times. Recorded as the packed, as-mounted state: len 32, hgt 35, wid 13. On the volume-too-small flag the answer is THE LITRES ARE THE MAXIMUM-ROLL FIGURE: 36 L a pair fully open = 18 L per bag is the catalogue's number and is correct per bag, but it belongs to the 49 cm fully-open height (32 x 49 x 13 = 20.4 L, ratio 1.13). Rolled three times the bag is 14.6 L. capacity_l left at 18 per bag. One outlier noted and rejected: thecyclelist.co lists 8.25 x 5 x 19.25 in (21 x 12.7 x 48.9 cm), agreeing on the 13 cm depth and the 49 cm height but giving 21 cm where both press sources say 32 cm; a 21 cm-wide 18 L pannier is not credible. WOHO's own product URL for this model 404s, so this is press-sourced, not maker-page-sourced.",maker,,X-Pac (visible X ripstop grid) combined with Cordura reinforcement panels,,,,,1,,,0,,0,,
WOHO,,XTouring Top Tube Bag,,toptube,0.85,20,6.5,9,,unknown,,,none,,X-Pac (visible X ripstop grid) combined with Cordura reinforcement panels,,,,,1,,,0,,0,,https://www.wohobike.com/products/xtouring-top-tube-bag
WOHO,,XTouring Dry Bag 15L,,forkbag,15,44,,,20,unknown,,,none,,X-Pac (visible X ripstop grid) combined with Cordura reinforcement panels,,,,,1,,,0,,0,,https://www.wohobike.com/products/xtouring-handlebar-harness-black-camo-dry-bag-15l-bundle-1
EVOC,,Handlebar Pack Boa WP 5,,barbag,5,30,15,15,,unknown,,,none,,Cordura / TPU-laminate combination with welded seams,,,,,1,,,0,,0,,https://evocsports.com/products/handlebar-pack-boa-wp-5
EVOC,,Seat Pack Boa WP 6,,seatpack,6,35,14,14,,unknown,,,none,,Cordura / TPU-laminate combination with welded seams,,,,,1,,,0,,0,,https://evocsports.com/products/seat-pack-boa-wp-6
EVOC,,EVOC Frame Pack WP,,framebag_full,3.5,47.5,5.5,15,,unknown,,,none,,Cordura / TPU-laminate combination with welded seams,,,,,1,,,0,,0,,https://evocsports.us/products/frame-pack-wp
EVOC,,EVOC Multi Frame Pack WP,,framebag_half,1.2,24.5,5,11,,unknown,,,none,,Cordura / TPU-laminate combination with welded seams,,,,,1,,,0,,0,,https://evocsports.com/products/multi-frame-pack-wp
EVOC,,EVOC Top Tube Pack WP,,toptube,0.8,20,5,8.5,,unknown,,,none,,Cordura / TPU-laminate combination with welded seams,,,,,1,,,0,,0,,https://evocsports.com/products/top-tube-pack-wp
EVOC,,Downtube Pack WP 1.2,,downtube,1.2,30,8,7,,unknown,,,none,,Cordura / TPU-laminate combination with welded seams,,,,,1,,,0,,0,,https://evocsports.us/products/downtube-pack-wp-frame-bag
VAUDE,,VAUDE Aqua Back Plus,,pannier,25.5,33,31,37,,packed,"vaude.com: 37 cm (H) x 33 cm (W) x 31 cm (D), volume 51 litres total; 'Delivery includes two panniers for the rear wheel (1 pair), each with a volume of 25.5 liters.' bike-components lists the single pannier as 44 x 33 x 31 cm, 25.5 litres, 1060 g.","CORRECTED - the LITRES were the error. The stored 51L is VAUDE's PAIR total; the dimensions are for one bag, so the check was comparing a single bag's box against two bags' capacity. Set capacity_l to VAUDE's own stated 25.5L per bag; box 37.9L on 25.5L = 1.49, normal for a roll-top pannier. Dims left at VAUDE's published H/W/D. One caveat I could not resolve: a 31cm 'depth' is very deep for a rear pannier (17-20cm is typical) and looks like a flat or carton measurement - bike-components repeats VAUDE's own data feed so it is not independent corroboration. Their alternative 44cm height is the roll fully extended; 37cm is the rolled-down figure and is the right one for a packed record.",maker,,"Recycled ripstop / PU-coated tarpaulin (matte, waterproof, welded seams)",,,,,1,,,0,,0,,https://www.vaude.com/int/en/45849-aqua-back-plus-bike-bags-recycled-main-material.html
VAUDE,,VAUDE Trailsaddle Compact L,,saddlebag,10.5,56,24,20,,unknown,,,none,,"Recycled ripstop / PU-coated tarpaulin (matte, waterproof, welded seams)",,,,,1,,,0,,0,,https://www.vaude.com/int/en/48370-trailsaddle-compact-l-10-5-liter-bicycle-saddle-bag.html
VAUDE,,VAUDE Trailfront Cage,,barroll,10,54,20,20,,packed,"Height in cm: 20, Width in cm: 54, Depth in cm: 20; volume 10 liters","FALSE POSITIVE on the dims; the SLOT was wrong. The dimensions are VAUDE's own and they are internally consistent: a 10L dry bag 54cm long works out at about 15cm diameter, which sits inside a 20 x 20cm cage envelope. The 54cm only trips a 48cm limit because the product was filed as 'barbag'. VAUDE describe it as a two-part system - a cage that stays clamped to the handlebar plus a removable waterproof dry bag - which is the barroll archetype, and at 54cm it sits directly alongside catalogue peers in that slot (Restrap Holster Bar Bag 54cm, Ortlieb Handlebar-Pack 57.9cm). Reslotted to barroll; dims unchanged.",maker,,"Recycled ripstop / PU-coated tarpaulin (matte, waterproof, welded seams)",,,,,1,,,0,,0,,https://www.vaude.com/int/en/48363-trailfront-cage-10-liter-bicycle-handlebar-bag.html
VAUDE,,VAUDE Trailframe L,,framebag_half,5,50,6,14,,unknown,,,none,,"Recycled ripstop / PU-coated tarpaulin (matte, waterproof, welded seams)",,,,,1,,,0,,0,,https://www.vaude.com/int/en/48368-trailframe-l-5-liter-bicycle-frame-bag.html
VAUDE,,VAUDE Trailtop Tube,,toptube,1,24,6,10,,unknown,,,none,,"Recycled ripstop / PU-coated tarpaulin (matte, waterproof, welded seams)",,,,,1,,,0,,0,,https://www.vaude.com/int/en/48365-trailtop-tube-1-liter-screw-on-top-tube-bag.html
VAUDE,,VAUDE Trailfork,,forkbag,4,33,18,11,,unknown,,,none,,"Recycled ripstop / PU-coated tarpaulin (matte, waterproof, welded seams)",,,,,1,,,0,,0,,https://www.vaude.com/int/en/48366-trailfork-4-liter-bicycle-fork-bag.html
Specialized x Fjällräven,,Fjällräven Hoja Top Tube Bag,,toptube,0.8,26,6,10,,unknown,,,none,,Vinylon F canvas (waxed-canvas look) with recycled nylon waterproof lining,,,,,1,,,0,,0,,https://www.fjallraven.com/uk/en-gb/bags-gear/accessories/backpack-bag-accessories/hoja-top-tube-bag/
Specialized x Fjällräven,,Fjällräven Hoja Handlebar Rolltop,,barbag,13,21,22,23,,packed,"Varuste.net (labelled): ""Height: 23 cm / Width: 21 cm / Depth: 22 cm / Volume: 13 l""; Fjallraven and six other retailers: ""23 x 21 x 22 cm"", 13 L, 395 g","FALSE POSITIVE -- the bag really is a near-cube and these are Fjallraven's own figures. I went looking for a dropped or duplicated axis and found none: varuste.net publishes the dimensions WITH LABELS as Height 23 / Width 21 / Depth 22, which maps exactly onto the stored len 21 (across the bars) / hgt 23 / wid 22 (fore-aft), and the unlabelled '23 x 21 x 22 cm' is repeated verbatim by Fjallraven, BIKE24, MyFoxBag, Snowleader, MTBIKER and others. The Hoja is a small rolltop cube that mounts on a handlebar RACK rather than spanning the bars, which is why it has none of a barroll's length. One dissenting source, Miyar Adventures (selling the Specialized-branded version), gives 'Height: 23 cm, Width: 31cm, Depth: 22 cm' -- 31 rather than 21 would have been a tidy dropped-digit story and would fix the volume (15.7 L box against 13 L), but it is a single small dealer against the maker and six retailers, so it is rejected and recorded here only so the next pass does not re-derive it. The 10.6 L box against 13 L rated is the rolltop: 13 L is the roll-open figure. It will render as a ball because it is one.",maker,,Vinylon F canvas (waxed-canvas look) with recycled nylon waterproof lining,,,,,1,,,0,,0,,https://www.fjallraven.com/uk/en-gb/bags-gear/accessories/backpack-bag-accessories/hoja-handlebar-rolltop/
Specialized x Fjällräven,,Fjällräven Hoja Frame Bag S,,framebag_half,2.3,40,6,10,,unknown,,,none,,Vinylon F canvas (waxed-canvas look) with recycled nylon waterproof lining,,,,,1,,,0,,0,,https://www.fjallraven.com/uk/en-gb/bags-gear/accessories/backpack-bag-accessories/hoja-frame-bag-s/
Specialized x Fjällräven,,Fjällräven Hoja Frame Bag L,,framebag_full,5,53,6,14,,unknown,,,none,,Vinylon F canvas (waxed-canvas look) with recycled nylon waterproof lining,,,,,1,,,0,,0,,https://www.fjallraven.com/uk/en-gb/bags-gear/accessories/backpack-bag-accessories/hoja-frame-bag-l/
Specialized x Fjällräven,,Fjällräven Hoja Seatbag Harness + Hoja Seatbag Drybag 16L,,seatpack,16,50,21,28,,unknown,,,none,,Vinylon F canvas (waxed-canvas look) with recycled nylon waterproof lining,,,,,1,,,0,,0,,https://www.fjallraven.com/uk/en-gb/bags-gear/accessories/backpack-bag-accessories/hoja-seatbag-drybag-16l/
Specialized x Fjällräven,,Fjällräven Hoja Snack Bag,,stembag,0.8,10,10,15,9,unknown,,,none,,Vinylon F canvas (waxed-canvas look) with recycled nylon waterproof lining,,,,,1,,,0,,0,,https://www.fjallraven.com/uk/en-gb/bags-gear/accessories/backpack-bag-accessories/hoja-snack-bag/
Chrome Industries,,Holman Handlebar Bag,,barbag,3,20.3,10.2,12.7,,unknown,,,none,,TPU laminate (shiny welded) truck-tarp material with Cordura panels,,,,,1,,,0,,0,,https://www.chromeindustries.com/products/holman-handlebar-bag
Chrome Industries,,Holman Top Tube Bag,,toptube,1,22.2,4.5,10.2,,unknown,,"CHANGE stembag -> toptube. Chrome's own on-bike shot (cdn.shopify.com/.../6_BG-357-BK_1.jpg from chromeindustries.com/products/holman-top-tube-bag.json) shows the bag sitting lengthwise ON the top tube directly behind the stem, held by two velcro straps under the tube plus a drawcord round the steerer. It is a slim tapered slab - the catalogue dims 22.2 x 4.5 x 10.2 cm match Chrome's spec '4in height, 7.25in width at top expanding to 8.75in at bottom, 1.75in depth' - and nothing like a cylindrical bar-mounted feed bag, so stembag is definitely wrong. MEDIUM not high because Chrome also photographs it at the seat tube end (5_BG-357-BK_1.jpg, cord around the seatpost); the product name is the unqualified 'Top Tube Bag' with no 'Rear' qualifier, so the stem end is the default reading and toptube_rear is the plausible alternative.",none,,TPU laminate (shiny welded) truck-tarp material with Cordura panels,,,,,1,,,0,,0,,https://www.chromeindustries.com/products/holman-top-tube-bag
Chrome Industries,,Urban Ex Pannier 2.0,,pannier,21,58.4,30.5,15.2,,unknown,,,none,,TPU laminate (shiny welded) truck-tarp material with Cordura panels,,,,,1,,,0,,0,,
Chrome Industries,,Holman Pannier,,pannier,20,29.2,12.7,39.4,,packed,"Chrome spec (via Altitude Sports and Bikeinn, H x W x D): ""15.5""x11.5""(Top)-10.75""(Base)x5"""", Volume ""15-20L"", weight 1.1 kg","CORRECTED -- MISASSIGNED AXES, the defect the brief warns about. Chrome publishes the Holman as H x W x D = 15.5 x 11.5 (top, tapering to 10.75 at the base) x 5 inches. The catalogue had put the HEIGHT (15.5 in = 39.4 cm) into len and the DEPTH (5 in = 12.7 cm) into hgt, which renders a pannier lying on its side. Correct mapping for a bag hanging off a rack: hgt 39.4 (vertical), len 29.2 (fore-aft, the 11.5 in top edge), wid 12.7 (across the bike). That also resolves the volume-too-small flag for free, and the answer is THE LITRES ARE THE MAXIMUM-ROLL FIGURE: Chrome's own spec is a RANGE, '15-20L', and the box is 29.2 x 39.4 x 12.7 = 14.6 L -- within 3% of the 15 L rolled-down end of Chrome's own range. capacity_l left at the marketed 20 L, which is the roll-open end. Note the fore-aft edge tapers 29.2 cm at the top to 27.3 cm at the base; the larger figure is recorded.",maker,,TPU laminate (shiny welded) truck-tarp material with Cordura panels,,,,,1,,,0,,0,,
Chrome Industries,,Doubletrack Saddle Roll,,saddlebag,1,15.5,,,7.9,unknown,,,none,,TPU laminate (shiny welded) truck-tarp material with Cordura panels,,,,,1,,,0,,0,,
Lezyne,,Lezyne M-Caddy,,saddlebag,0.5,14,11,6.5,,unknown,,,none,,Cordura/nylon (matte woven) with welded roll-top seams on adventure line,,,,,1,,,0,,0,,https://ride.lezyne.com/products/1-sb-caddy-v1m04
Lezyne,,Lezyne Caddy Sack M,,downtube,0.7,14.8,4,12,,packed,"Lezyne: Weight 50g, Dimensions 120mm x 147.5mm x 16mm, volume not stated. Retailers: 0.7L capacity, 50g.","CORRECTED (axes and depth). The stored record had 1.6cm sitting on the HEIGHT axis and 12cm on the width axis; Lezyne's 16mm is the flat empty thickness of a welded roll-top pouch, a folded measurement rather than a packed one, and it belongs on the across-axis. Remapped to 14.8 long x 12 tall, and filled to the retailer-quoted 0.7L the pouch is about 4cm thick (14.8 x 12 x 4 = 0.71L), so the thickness goes 1.6 -> 4.0. The residual 'too-cubic for downtube' flag is not a dimension error: this is a loose accessory pouch (Lezyne's own page describes no mounting system at all), so the elongated-downtube-bag rule does not apply to it. Left the slot alone because the catalogue vocabulary has no unmounted-accessory slot, but it is worth noting.",maker,,Cordura/nylon (matte woven) with welded roll-top seams on adventure line,,,,,1,,,0,,0,,https://ride.lezyne.com/products/1-cs-caddy-v2m04
Lezyne,,Lezyne XL-Caddy,,seatpack,7.5,42,17,14,,packed,"Lezyne launch spec (bikepacking.com): 'XL Caddy - Size 420 x 170 x 140 mm, Capacity 7.5 Liters'. Lezyne product page currently lists 330mm x 220mm x 88mm, 424g. Retailers (BIKE24, Modern Bike): 'XL-Caddy Saddle Bag - 7.5L'.","CORRECTED - both flags resolved, and this one also proves how to read Lezyne's spec fields. Lezyne's site figure 330 x 220 x 88 is the FLAT-FOLDED bag; its own launch spec, reproduced by bikepacking.com, gives the packed size 420 x 170 x 140 with 7.5L, and two retailers independently list 7.5L. Mapped as a seat pack: len 42 fore/aft, wid 17 across, hgt 14. Box 10.0L on 7.5L rated = 1.33 fill, elongation 2.47. The stored 1.3L is not this bag's volume - it is the Lezyne Stuff Caddy's rating (80 x 60 x 115mm, 1.3L) in the same launch table, another copied attribute.",maker,,Cordura/nylon (matte woven) with welded roll-top seams on adventure line,,,,,1,,,0,,0,,https://ride.lezyne.com/products/1-sb-caddy-v2xl04
Lezyne,,Lezyne Frame Caddy,,framebag_full,2.5,45,7.5,14,,unknown,,,none,,Cordura/nylon (matte woven) with welded roll-top seams on adventure line,,,,,1,,,0,,0,,https://ride.lezyne.com/products/1-cs-frame-v104
Lezyne,,Lezyne Bar Caddy,,barroll,7,34,16.1,16.1,,packed,"Lezyne product page: 247g, Dimensions 160.5mm x 250mm x 56.4mm, capacity not stated. Lezyne launch spec via bikepacking.com: 'Bar Caddy - Capacity 7 Liters'. Retailers (Walmart, Boulder Nordic, Stash Cycles) list '7L'.","CORRECTED. Lezyne's 160.5 x 250 x 56.4 is the flat-folded panel, established by the XL-Caddy above where the same site field gives a flat figure and Lezyne's launch sheet gives a different packed one. Rated capacity is 7L, not the stored 4L. Lezyne's own on-bike photo (ride.lezyne.com .../Bar_caddy_BigBags-3034...jpg) shows a fat double-ended roll barrel spanning roughly the gap between the brake hoods on a drop bar, about 34cm across with a diameter close to its 16cm flat height. Set 34 x 16.1 x 16.1 = 8.8L box on 7L = 1.26 fill, elongation 2.11. Length and depth are read off that photo, so medium confidence.",maker,,Cordura/nylon (matte woven) with welded roll-top seams on adventure line,,,,,1,,,0,,0,,https://ride.lezyne.com/products/1-sb-bcaddy-v104
Lezyne,,Lezyne Energy Caddy XL,,toptube,0.8,22,6.6,12,,packed,"Lezyne: Capacity 0.8L, Weight 92g, Dimensions 220mm x 65.6mm x 120.3mm","FALSE POSITIVE. These are Lezyne's published figures to the millimetre, and unlike the soft roll-top Caddies this is a structured zippered top-tube organiser, so the site's figures are the real packed shape. Ratio 1.83 against a 2.0 threshold; box 1.74L against 0.8L rated, which is the usual margin for a stem-tall bag that tapers rearwards. No change.",maker,,Cordura/nylon (matte woven) with welded roll-top seams on adventure line,,,,,1,,,0,,0,,https://ride.lezyne.com/products/1-ec-xlcaddy-v104
Zefal,,Zefal Z Light Pack S,,saddlebag,0.5,14,7,6.5,,unknown,,,none,,TPU laminate (shiny welded) on Z Adventure line + polyester 600-840D (matte woven) on Z Traveler touring line,,,,,1,,,0,,0,,https://www.zefal.com/en/saddle-bags/305-257-z-light-pack.html
Zefal,,Zefal Z Adventure R17,,seatpack,17,62,24,20,,unknown,,,none,,TPU laminate (shiny welded) on Z Adventure line + polyester 600-840D (matte woven) on Z Traveler touring line,,,,,1,,,0,,0,,https://www.zefal.com/en/saddle-bags/456-z-adventure-r17.html
Zefal,,Zefal Z Frame Pack,,framebag_half,1.3,27,10,8,,unknown,,,none,,TPU laminate (shiny welded) on Z Adventure line + polyester 600-840D (matte woven) on Z Traveler touring line,,,,,1,,,0,,0,,https://www.zefal.com/en/frame-bags/361-z-frame-pack.html
Zefal,,Zefal Z Traveler S20,,pannier,20,33,16,38,,unknown,,,none,,TPU laminate (shiny welded) on Z Adventure line + polyester 600-840D (matte woven) on Z Traveler touring line,,,,,1,,,0,,0,,https://www.zefal.com/en/bags-for-racks/730-z-traveler-s20.html
Zefal,,Zefal Z Adventure Dry Bag 6L,,forkbag,6,36.5,,,15,unknown,,,none,,TPU laminate (shiny welded) on Z Adventure line + polyester 600-840D (matte woven) on Z Traveler touring line,,,,,1,,,0,,0,,https://www.zefal.com/en/front-bags/718-z-adventure-dry-bag-6l.html
Zefal,,Zefal Z Traveler 60,,trunk,20,32,18,22,,packed,"Zefal: 320 mm x 180 mm x 220 mm, capacity 20 L / 1220 c.i., 710 g, polyester 840D, universal Velcro mounting. Product title: 'Z TRAVELER 60 - Bike rear bag with modular volume'.","FALSE POSITIVE on the dims - the LITRES describe a different configuration. Zefal's own dimensions are 32 x 18 x 22cm (12.7L) and their own capacity is 20L, and Zefal themselves title the product 'bike rear bag with MODULAR volume': the 20L is reached with the fold-out side sections deployed, while 32 x 18 x 22 is the trunk-bag shape with everything stowed. That stowed shape is the correct packed, as-mounted figure for a trunk slot, so dims are unchanged. The rated 20L is retained as Zefal's maximum. Zefal's own page 403s to automated fetches; figures come from the Zefal spec reproduced by BIKE24 and Modern Bike and match the manufacturer listing.",maker,,TPU laminate (shiny welded) on Z Adventure line + polyester 600-840D (matte woven) on Z Traveler touring line,,,,,1,,,0,,0,,https://www.zefal.com/en/bags-for-racks/369-z-traveler-60.html
AGU,,AGU Venture Seat-Pack,,seatpack,10,50,10,15,,unknown,,,none,,Recycled polyester Greensphere (matte woven) with TPU-welded seams on Extreme waterproof line,,,,,1,,,0,,0,,https://agu.com/en/seatpack-venture
AGU,,AGU Top-Tube Frame Bag Venture Extreme Waterproof,,toptube,0.7,21,11,6,,unknown,,"FALSE POSITIVE - toptube is correct; 'Frame Bag' in the name is marketing, not a mount. AGU's own page: 'You can attach this bag to the top tube of your frame and either your stem or seatpost', 0.7 L, '21 x 11 x 6 centimeters'. AGU's product image (agu.com/media/catalog/product/4/1/41503401_000_main_01_6.jpg) shows a small welded wedge with two velcro straps hanging off its underside and a cord loop at the front end - it straddles the top of the tube. At 0.7 L it is far too small to be any kind of frame bag.",maker,,Recycled polyester Greensphere (matte woven) with TPU-welded seams on Extreme waterproof line,,,,,1,,,0,,0,,https://agu.com/eu/41503401-000
AGU,,"AGU Tube Frame Bag Venture (S, 3L)",,framebag_half,3,44,6,10,,unknown,,,none,,Recycled polyester Greensphere (matte woven) with TPU-welded seams on Extreme waterproof line,,,,,1,,,0,,0,,https://agu.com/eu/venture-tube-frame-bag
AGU,,AGU Handlebar Bag Venture 17L,,barroll,17,65,15,15,,unknown,,,none,,Recycled polyester Greensphere (matte woven) with TPU-welded seams on Extreme waterproof line,,,,,1,,,0,,0,,https://agu.com/en/handlebar-bag-venture-415032
AGU,,AGU Essential Pannier Rack Bag (trunk),,pannier,12,28,16,34,,unknown,,"CHANGE trunk -> pannier. The product image at tradeinn.com/f/13806/138066081/agu-essential-klickfix-12l-panniers.jpg shows a tall portrait-format flap-top bag with a single vertical buckle strap and a side mesh pocket - a one-sided rack pannier, not a rack-top box. The listing specifies mounting 'by means of KLICKfix Vario Top hooks (o 8-16mm)', which are the hook-over-the-rack-rail pannier fittings; AGU's actual rack-top bag is a different product ('Trunkbag Bag Performance KLICKfix UniKlip II') using a UniKlip rack-plate adapter. Every retailer files it under panniers. SIDE NOTE for the dims pass: source dims are 34 x 28 x 16 cm on a bag that is taller than it is long, so the catalogue's len 34 / wid 28 / hgt 16 looks like len and hgt are transposed for a pannier orientation (should read roughly len 28, hgt 34, wid 16).",none,,Recycled polyester Greensphere (matte woven) with TPU-welded seams on Extreme waterproof line,,,,,1,,,0,,0,,https://www.tradeinn.com/bikeinn/en/agu-essential-klickfix-12l-panniers/138066081/p
AGU,,AGU Urban Essentials DWR Pannier 17L,,pannier,17,30,15,39,,unknown,,,none,,Recycled polyester Greensphere (matte woven) with TPU-welded seams on Extreme waterproof line,,,,,1,,,0,,0,,https://agu.com/eu/dwr-single-bike-bag-urban-black-41497604-000
Straight Cut Design,,Custom Dha Frame Bag,,framebag_full,4,40,6,15.5,,unknown,,,none,,"X-Pac (visible X ripstop grid) / Cordura (matte woven), customer-selectable panel colors",,,,,1,,,0,,0,,https://straightcutdesign.com/products/custom-dha-frame-bag
Straight Cut Design,,Straight Cut Custom Top Tube Bag (Large),,toptube,1.5,27,10,8,,unknown,,,none,,"X-Pac (visible X ripstop grid) / Cordura (matte woven), customer-selectable panel colors",,,,,1,,,0,,0,,https://straightcutdesign.com/products/custom-top-tube-bag
Straight Cut Design,,Straight Cut Bagel Bar Bag,,barroll,2.2,20,12,12,12,packed,Medium (Split): Dimensions 200 x 120mm(diameter); Capacity 2.2L; Weight 178g (6.2oz),"REAL ERROR: hgt and wid were both 16 on a bag the maker specifies as a 120mm-diameter cylinder. The page gives '200 x 120mm(diameter)' - the o symbol makes it explicit - and the existing dia field already held the correct 12. A cylinder 20cm long and 12cm across is 2.26L, matching the published 2.2L to within 3%, whereas the stored 20 x 16 x 16 gave a 5.1L box for a 2.2L bag. Set hgt and wid to the diameter. It stays under the 1.8 elongation rule at 1.67 and that is honest - the Bagel is a genuinely stubby little barrel, which is where the name comes from.",maker,,"X-Pac (visible X ripstop grid) / Cordura (matte woven), customer-selectable panel colors",,,,,1,,,0,,0,,https://straightcutdesign.com/products/bagel-bar-bag-black
Straight Cut Design,,Straight Cut Custom Dropper Seatpost Saddlebag,,saddlebag,4.5,33,15,12,,unknown,,,none,,"X-Pac (visible X ripstop grid) / Cordura (matte woven), customer-selectable panel colors",,,,,1,,,0,,0,,https://straightcutdesign.com/products/custom-dropper-seatpost-saddlebag
Straight Cut Design,,Straight Cut Custom Sidekick,,stembag,1.2,15,9,9,,unknown,,,none,,"X-Pac (visible X ripstop grid) / Cordura (matte woven), customer-selectable panel colors",,,,,1,,,0,,0,,https://straightcutdesign.com/products/sidekick-coral
Buckhorn Bags,,Buckhorn Halfie Frame Bag,,framebag_half,2.5,35,8,12,,unknown,,,none,,Waxed canvas + X-Pac (visible X ripstop grid) combination,,,,,1,,,0,,0,,
Buckhorn Bags,,Buckhorn 8in Top Tube Bag,,toptube,1.1,20.3,7.6,9.5,,unknown,,,none,,Waxed canvas + X-Pac (visible X ripstop grid) combination,,,,,1,,,0,,0,,https://www.buckhornbags.com/shop/p/8-top-tube-bags
Buckhorn Bags,,Buckhorn Custom Rattler Stem Bag,,stembag,1.2,18,10,10,,unknown,,,none,,Waxed canvas + X-Pac (visible X ripstop grid) combination,,,,,1,,,0,,0,,
Buckhorn Bags,,Buckhorn Waxed Canvas Panniers,,pannier,11,30,10,30.5,,unrolled,"11-3/4"" Wide x 12""-17"" Tall x 4"" Deep; 9L-13L each; sold in pairs ($300.00 for both bags)","TWO FIXES: a pair/single mismatch on the litres, and the roll range. Buckhorn publish 11-3/4 x 12-17 x 4 inches = 29.8 x 30.5-43.2 x 10.2cm. The stored hgt of 38cm sat mid-way up the 12-17"" roll range, which is the superseded blend; under the closed-end rule hgt is the 12"" figure, 30.5cm, and the bag is drawn rolled down. len 30 and wid 10 are the single-valued maker figures and are unchanged. Separately the 20L in the record is the PAIR figure - Buckhorn state '9L-13L each' - so capacity_l is corrected to 11L, the midpoint of the maker's per-bag rating. NOTE THE DELIBERATE CONSEQUENCE: the drawn box is now 29.8 x 30.5 x 10.2 = 9.3L against an 11L rating, a 0.85 ratio, so this record will re-trip the volume-too-small check. That is the closed-end rule working as intended, not a defect - Buckhorn pair '12""-17"" Tall' with '9L-13L each', so the 12"" end IS the 9L end, and the rated 11L is only reached part-way up the roll. I kept capacity_l at the rated midpoint rather than dropping it to 9L because capacity_l answers what the bag holds, while dims_cm now answers how it is drawn; if you would rather the two endpoints stay paired, 9L is the maker-published partner to 30.5cm.",maker,,Waxed canvas + X-Pac (visible X ripstop grid) combination,,,,,1,,,0,,0,,https://www.buckhornbags.com/shop/p/waxed-canvas-panniers
Buckhorn Bags,,Barrel XL,,seatpack,2.8,30,,,15,unknown,,,none,,Waxed canvas + X-Pac (visible X ripstop grid) combination,,,,,1,,,0,,0,,https://www.buckhornbags.com/shop/p/barrell-xl
Buckhorn Bags,,Buckhorn Daily Tote Bag,,trunk,15,40,15,30,,unknown,,,none,,Waxed canvas + X-Pac (visible X ripstop grid) combination,,,,,1,,,0,,0,,
Cedaero,,Cedaero Switchback Seat Pack,,saddlebag,1,23,11.4,8.9,,unknown,,,none,,"1000D Cordura (matte woven) / RX30 X-Pac (visible X ripstop grid), waxed canvas option",,,,,1,,,0,,0,,https://cedaero.com/products/switchback-seat-pack
Cedaero,,Cedaero Custom Half Frame Pack,,framebag_half,2.5,35,8,14,,unknown,,,none,,"1000D Cordura (matte woven) / RX30 X-Pac (visible X ripstop grid), waxed canvas option",,,,,1,,,0,,0,,
Cedaero,,Cedaero Custom Full Frame Pack,,framebag_full,4,48,9,18,,unknown,,,none,,"1000D Cordura (matte woven) / RX30 X-Pac (visible X ripstop grid), waxed canvas option",,,,,1,,,0,,0,,
Cedaero,,Cedaero Tank Top Pack,,toptube,1,22.9,5.7,10.8,,unknown,,,none,,"1000D Cordura (matte woven) / RX30 X-Pac (visible X ripstop grid), waxed canvas option",,,,,1,,,0,,0,,https://cedaero.com/products/tank-top-bag
Cedaero,,Cedaero Fork Lift Pack,,forkbag,3.3,30.5,11.4,8.9,,unknown,,,none,,"1000D Cordura (matte woven) / RX30 X-Pac (visible X ripstop grid), waxed canvas option",,,,,1,,,0,,0,,https://cedaero.com/products/fopoon-fork-pack
Rapha,,Rapha Explore Seat Pack 10L,,seatpack,10,45,16,18,,unknown,,,none,,"TPU laminate (shiny welded), 100% recycled nylon face with PU/TPU coating",,,,,1,,,0,,0,,
Rapha,,Rapha Explore Handlebar Pack 10L,,barroll,10,25,13,8,,unknown,"Rapha publishes no bag dimensions for this product - only 'Capacity 10L removable roll-top waterproof dry bag with air release valve', 'harness width 25cm without dry bag, with a dry bag min 32cm to max 62cm depending on fill', total system weight 510g, max load 5kg, clamp 53/65/77mm","UNRESOLVED, but the error is diagnosed. The stored 25 x 13 x 8 gives 2.6L - a quarter of the rated 10L, so it cannot be this bag. Two things point at where it came from: 25cm is exactly Rapha's stated harness width WITHOUT the dry bag, and 25 x 13 x 8 = 2.6L is the size of Rapha's separate Explore BAR BAG (listed elsewhere at 2.4L), a different product. So this looks like specs lifted from the wrong Rapha item rather than a transposition. I checked rapha.cc (US and the BEZ01XX product pages), all4cycling, steedcycles and the bikepacking.com launch article; none publishes a length or diameter for the 10L roll. The only usable figure is that the loaded roll spans 32-62cm across the bars, which brackets the length but does not fix it, and no source gives a diameter at all. Rather than back-compute a cylinder from the 10L rating I am leaving the dims untouched and flagging them as not-this-product. FOR WHOEVER PICKS THIS UP under the closed-end rule: the 32-62cm span IS a roll range, so the closed end gives a defensible len of 32cm. I have not written it in because dims_cm must stay as-is on a verified:false record and because a length alone is not a record - the diameter is still missing from every source I checked, and deriving it from the 10L rating would be exactly the fabrication the brief warns about. Fill in len 32 the moment a diameter turns up.",none,,"TPU laminate (shiny welded), 100% recycled nylon face with PU/TPU coating",,,,,1,,,0,,0,,
Rapha,,Rapha Explore Frame Pack 4L - Large,,framebag_full,4,51.2,5.5,14.5,,unknown,,,none,,"TPU laminate (shiny welded), 100% recycled nylon face with PU/TPU coating",,,,,1,,,0,,0,,https://www.rapha.cc/us/en/product/explore-frame-pack-4l---large/BFG01XXVLA
Rapha,,4 tapered wide x 10 high; JSON had wid/hgt swapped),,toptube,2,37,4.5,10,,unknown,,,none,,"TPU laminate (shiny welded), 100% recycled nylon face with PU/TPU coating",,,,,1,,,0,,0,,https://www.rapha.cc/us/en/product/explore-top-tube-bag---long/BME01XXVLA
Rapha,,Rapha Explore Stem Bag,,stembag,1,16,9,21,10,unknown,,,none,,"TPU laminate (shiny welded), 100% recycled nylon face with PU/TPU coating",,,,,1,,,0,,0,,https://www.rapha.cc/us/en/product/explore-stem-bag/BMH01XXVLA
Rapha,,Essentials Bag,,saddlebag,0.3,21,5,16.5,,packed,"Rapha: 'W 21cm x H 16.5cm'. On capacity, verbatim: 'the Essentials bag is a slim design and therefore Rapha is not able to provide a litre capacity, however the bag is a good size to hold a smartphone, wallet and keys with a little room to spare for a snack on the road.'","THE LITRES ARE FABRICATED, NOT THE DIMS - the flag is pointing at the wrong field. 21 x 16.5 is Rapha's own published W x H, so len and hgt are sound; the 5cm depth is an estimate (Rapha publish none) but is right for a slim zip pouch. The 0.3L is the invented number: Rapha explicitly decline to state a litre capacity for this bag, and 0.3L is what Rapha quote for their SMALL SADDLE BAG, a different product. I have not substituted a capacity because none exists to substitute - the honest value is unknown, and the 5.78x volume ratio disappears the moment the bogus 0.3L does. Separately, this is not a bike-mounted bag: it carries on an adjustable reflective cord shoulder strap with a small stabiliser hook, so the saddlebag slot is wrong, but I have not proposed a replacement because there is no shoulder/musette slot in the vocabulary - flagging it for a catalogue-membership decision instead.",maker,,"TPU laminate (shiny welded), 100% recycled nylon face with PU/TPU coating",,,,,1,,,0,,0,,https://www.rapha.cc/us/en/product/essentials-bag/BKM02XXGRV
Alpkit,Koala,Koala 7L Saddle Pack,7L,seatpack,7,37,17,13,,unknown,,,none,,X-Pac X11 3-layer laminate (cotton-duck face) / 1100D Cordura,rolltop,tapered,2,,1,,,4,Panther Black #1c1c1e | Storm Grey #75797c | Mountain Brown #6b5138 | Olive Green #4c5343,0,,https://alpkit.com/products/koala-7-litre-saddle-bag
Alpkit,Airlok,Airlok Dual 13L,13L,barroll,13,44,18,18,,unknown,,,none,,X-Pac X11 3-layer laminate (cotton-duck face) / 1100D Cordura,rolltop,cylindrical,0,,1,,,2,Black #1c1c1e | Chilli #b4362a,0,,https://alpkit.com/products/airlok-xtra-dual-13-litre
Alpkit,Possum,Possum Frame Bag,47cm (2.2L),framebag_half,2.2,47,5,11,,unknown,,,none,,X-Pac X11 3-layer laminate (cotton-duck face) / 1100D Cordura,zip,wedge,0,zip,1,,,4,Panther Black #1c1c1e | Storm Grey #75797c | Mountain Brown #6b5138 | Olive Green #4c5343,0,,https://alpkit.com/products/possum
Alpkit,Glider,Glider Road Frame Bag,48 (1.7L),framebag_half,1.7,48,4,11,,unknown,,,none,,X-Pac X11 3-layer laminate (cotton-duck face) / 1100D Cordura,zip,wedge,0,mesh,1,,,4,Panther Black #1c1c1e | Storm Grey #75797c | Mountain Brown #6b5138 | Olive Green #4c5343,0,,https://alpkit.com/products/glider
Alpkit,Stem Cell,Stem Cell Cockpit Bag,Medium (1L),stembag,1,10,10,17,,unknown,,,none,,X-Pac X11 3-layer laminate (cotton-duck face) / 1100D Cordura,drawcord,cylindrical,0,mesh,1,,,4,Panther Black #1c1c1e | Storm Grey #75797c | Mountain Brown #6b5138 | Olive Green #4c5343,0,,https://alpkit.com/products/stem-cell-2023
Alpkit,Betonga,Betonga Fork Cage Bag,3L,forkbag,3,14.5,14.5,18,,unknown,,,none,,X-Pac X11 3-layer laminate (cotton-duck face) / 1100D Cordura,rolltop,cylindrical,2,,1,,,4,Panther Black #1c1c1e | Storm Grey #75797c | Mountain Brown #6b5138 | Olive Green #4c5343,0,,https://alpkit.com/products/betonga-fork-bag
Thule,Shield,Thule Shield Pannier 13L,13L (pair),pannier,13,31,18,31,,unknown,,,none,,PU-coated nylon / polyester (welded),rolltop,boxy,0,,2,,,2,Black #1a1a1a | Yellow #d9c33a,0,,https://www.thule.com/en-us/bike-packs-bags-and-racks/accessories/thule-shield-pannier-13l-_-3205401
Thule,Shield,Thule Shield Pannier 22L,22L (single),pannier,22,35,21,40,,unknown,,,none,,PU-coated nylon / polyester (welded),rolltop,boxy,0,zip,1,,,1,Black #1a1a1a,0,,https://www.thule.com/en-us/bike-packs-bags-and-racks/accessories/thule-shield-pannier-22l-_-3205406
Thule,Shield,Thule Shield Pannier 25L,25L (pair),pannier,25,37,20,40,,unknown,,,none,,PU-coated nylon / polyester (welded),rolltop,boxy,0,zip,2,,,2,Black #1a1a1a | Yellow #d9c33a,0,,https://www.thule.com/en-us/bike-packs-bags-and-racks/accessories/thule-shield-pannier-25l-_-3205288
Thule,Chasm,Thule Chasm Handlebar Bag 2L,2L,barbag,2,12.4,26.4,19.1,,unknown,,,none,,PU-coated nylon / polyester (welded),buckle,boxy,0,slip,1,,,3,Black #1a1a1a | Mid Blue #2f5d8c | Dusted Orange #c9682f,0,,https://www.thule.com/en-us/bike-packs-bags-and-racks/accessories/thule-chasm-handlebar-bag-2l-_-3205473
Thule,Paramount,Thule Paramount Hybrid Pannier 26L,26L,pannier,26,31.5,27.9,51.6,,unknown,,,none,,PU-coated nylon / polyester (welded),zip,boxy,0,zip zip,1,,,3,Nutria Brown #6b5b4a | Black #1a1a1a | Soft Green #6f7a5c,0,,https://www.thule.com/en-us/bike-packs-bags-and-racks/accessories/thule-paramount-hybrid-pannier-26l-_-3205093
Carradice,Originals,Nelson Longflap Saddlebag,18L,saddlebag,18,19,36,22,,unknown,,,none,,18oz waxed cotton duck / leather,buckle,boxy,3,slip,1,,,3,Black #2b2b28 | Green #2f4032 | Burgundy #5a2029,0,,https://www.carradice.co.uk/products/originals-nelson-saddlebag
Carradice,Originals,Barley Saddlebag,9L,saddlebag,9,15,29,18,,unknown,,,none,,18oz waxed cotton duck / leather,buckle,boxy,2,slip,1,,,3,Black #2b2b28 | Green #2f4032 | Burgundy #5a2029,0,,https://www.carradice.co.uk/products/originals-barley-saddlebag
Carradice,Originals,Camper Longflap Saddlebag,24L,saddlebag,24,22,36,26,,unknown,,,none,,18oz waxed cotton duck / leather,buckle,boxy,3,slip,1,,,3,Black #2b2b28 | Burgundy #5a2029 | Field Green #4b5a3c,0,,https://www.carradice.co.uk/products/originals-camper-longflap-saddlebag
Carradice,Super C,Super C SQR Slim,16L,saddlebag,16,15,29,36,,packed,Dimensions (WxHxD): 29x36x15cms 11.4”x 14.2”x 5.9”; Capacity: 16L,"FALSE POSITIVE, after specifically testing the Carradice axis-order trap. The page labels the triple (WxHxD), and here the label is literal — I checked it against Carradice's own product photography rather than trusting it. The maker's studio shot of the bag's frame-side face (carradice.co.uk/cdn/shop/products/carradice_scsqrslim-2.jpg) shows the SQR mounting plate running vertically up a face that is distinctly TALLER than it is wide, roughly 0.8:1 — i.e. 29cm across the bike by 36cm tall, with a shallow 15cm fore-aft depth. That is the reverse of what the stored dims would look like if the axes had been transposed, so the stored mapping (len 15 fore-aft, hgt 36, wid 29) is correct. An on-bike customer photo (assets/products/carradice/super-c-super-c-sqr-slim-16l-1.jpg) reads ambiguously from its three-quarter angle and should not be used to overrule it. 29 x 36 x 15 = 15.7L against a stated 16L. The bag genuinely is a squat 1.24:1 box — a traditional saddlebag hanging off an SQR block, not a tapered bikepacking seatpack — so the seatpack elongation rule does not apply.",maker,,18oz waxed cotton duck / leather,buckle,boxy,2,zip,1,,,1,Black #2b2b28,0,,https://www.carradice.co.uk/products/super-c-seatpost-qr-slim-saddlebag
Carradice,Super C,Super C Rear Panniers,27L each (54L pair),pannier,27,33,22,40,,unknown,,,none,,18oz waxed cotton duck / leather,buckle,boxy,2,slip,2,,,1,Black #2b2b28,0,,https://www.carradice.co.uk/products/super-c-rear-panniers-pair
Altura,Vortex,Vortex Waterproof 12L Cycling Seat Pack,12L,seatpack,12,50,19,20,,unknown,,,none,,TPU-coated nylon ripstop (welded seams),rolltop,tapered,2,,1,,,1,Grey #6e7378,0,,https://www.altura.co.uk/products/altura-vortex-12l-waterproof-seatpack
Altura,Vortex,Vortex Waterproof 11L Cycling Handlebar Bag,11L,barroll,11,42,19,19,,unknown,,,none,,TPU-coated nylon ripstop (welded seams),rolltop,cylindrical,2,zip,1,,,1,Grey #6e7378,0,,https://www.altura.co.uk/products/altura-vortex-11l-waterproof-handlebar-bag
Altura,Vortex,Vortex Waterproof 4L Cycling Half Frame Pack,4L,framebag_half,4,45,7,14,,unknown,,,none,,TPU-coated nylon ripstop (welded seams),zip,wedge,0,,1,,,1,Grey #6e7378,0,,https://www.altura.co.uk/products/altura-vortex-4l-waterproof-half-frame-pack
Altura,Vortex,Vortex Bolt-On Waterproof Cycling Top Tube Pack,1L,toptube,1,20,6,9,,unknown,,,none,,TPU-coated nylon ripstop (welded seams),zip,boxy,0,slip,1,,,1,Grey #6e7378,0,,https://www.altura.co.uk/products/altura-vortex-1l-waterproof-bolt-on-top-tube-pack
Altura,Vortex,Ultralite Vortex Waterproof Cycling Pannier,15L (single),pannier,15,30,15,35,,unknown,,,none,,TPU-coated nylon ripstop (welded seams),rolltop,boxy,0,,1,,,1,Grey #6e7378,0,,https://www.altura.co.uk/products/altura-ultralite-vortex-waterproof-cycling-pannier
Banjo Brothers,Waterproof,Waterproof Cycling Pannier,16.4L (single),pannier,16.4,30.5,17.8,35.6,,unknown,,,none,,840D ballistic nylon / ripstop with welded liner,rolltop,boxy,0,,1,,,1,Black #141414,0,,https://www.banjobrothers.com/products/banjo-brothers-waterproof-cycling-pannier
Banjo Brothers,Deluxe,"Deluxe Seat Bag, Medium",Medium (1.2L),seatpack,1.2,17.1,10.2,7.6,,unknown,,,none,,840D ballistic nylon / ripstop with welded liner,zip,wedge,0,slip,1,,,1,Black #141414,0,,https://www.banjobrothers.com/products/deluxe-seat-bag-medium
Banjo Brothers,Handlebar Bag,"Handlebar Bag, Small",Small (2L),barbag,2,11.4,20.3,11.4,,unknown,,,none,,840D ballistic nylon / ripstop with welded liner,zip,boxy,0,,1,,,1,Black #141414,0,,https://www.banjobrothers.com/products/handlebar-bag-small
Banjo Brothers,Top Tube Bag,"Top Tube Bag, Large",Large (1.1L),toptube,1.1,17.8,6.4,10.2,,packed,"65 cubic inches / 1.1 liters; 7"" L x 4"" H x 2.5"" W","FALSE POSITIVE. Banjo Brothers publish both the box and the volume and they agree to 5%: 17.8 x 10.2 x 6.4 = 1.16L against a stated 1.1L / 65 cu in. All three axes cannot be wrong and still produce that agreement. The mounted photo (top-tube-bag-top-tube-bag-large-large-1-1l-1.jpg) shows a short rounded gas-tank pack sitting behind the stem, measuring about 1.6:1 in the image against the published 1.75:1 - it is genuinely a stubby bag, and the 2.0 elongation rule is too strict for a 7in top tube bag. No change.",maker,,840D ballistic nylon / ripstop with welded liner,zip,boxy,0,zip,1,,,1,Black #141414,0,,https://www.banjobrothers.com/products/top-tube-bag-large
Banjo Brothers,Rack Top Bag,Rack Top Bag,8.4L,trunk,8.4,37.5,14,17.1,,unknown,,,none,,840D ballistic nylon / ripstop with welded liner,zip,boxy,0,zip,1,,,1,Black #141414,0,,https://www.banjobrothers.com/products/banjo-brothers-rack-top-bag
Green Guru Gear,Hauler,Hauler Bike Pack Saddle Bag,16.2L,seatpack,16.2,55.9,22.9,12.7,,unknown,,,none,,Upcycled 420-600D packcloth / inner tube / vinyl tarp,rolltop,cylindrical,2,,1,,,1,Wild EcoPak Orange #d95f18,0,,https://www.greengurugear.com/products/gg-hauler-saddle-bag
Green Guru Gear,Clutch,Clutch Saddle Bag,0.8L,seatpack,0.8,12.7,7.6,8.9,,packed,52 cubic inches / 0.8 liters; 3 L x 3.5 H x 5 D inches (76.2 x 88.9 x 127 mm),"FALSE POSITIVE. Ratio 1.43. Green Guru's L figure (3in) is the across-bike width and D (5in) is the fore-aft depth, which the stored record already maps correctly. Photo (assets/products/green-guru-gear/clutch-clutch-saddle-bag-0-8l-1.jpg, mounted under a saddle) shows a chunky little inner-tube pouch about 12.7cm fore-aft and nearly as deep vertically as it is wide — a stubby object, not an elongated one. Box 0.86L against 0.8L rated.",maker,,Upcycled 420-600D packcloth / inner tube / vinyl tarp,zip,wedge,0,,1,,,1,Green #2f7d72,0,,https://www.greengurugear.com/products/clutch-bicycle-saddle-bag-made-from-recycled-and-upcycled-bike-tubes-in-usa
Green Guru Gear,Upshift,Upshift Frame Bag,2.7L,framebag_half,2.7,38.1,6.35,22.9,,packed,"2.7 liters / 168.7 cubic inches; 15"" L x 9"" H x 2.5"" D (381 x 228.6 x 63.5 mm)","FALSE POSITIVE. Ratio 1.66 against a 2.20 threshold. Photo (assets/products/green-guru-gear/upshift-upshift-frame-bag-2-7l-1.png) shows a right-triangle half-frame bag with a 15in top edge and a 9in drop — the numbers describe the picture. Green Guru's own arithmetic confirms the triangle: 15 x 9 x 2.5in = 337.5 cu in, and they publish 168.7 cu in, exactly half the box. So the dims and the litres agree with each other; only the elongation threshold disagrees.",maker,,Upcycled 420-600D packcloth / inner tube / vinyl tarp,zip,wedge,0,,1,,,3,Wild #d95f18 | Earthtone #6b6440 | Camo #5c6047,0,,https://www.greengurugear.com/products/upshift-frame-bag-built-in-usa
Green Guru Gear,Fullshift,Fullshift Frame Bag,Medium (2.8L),framebag_full,2.8,52.1,7.6,31.8,,packed,"600x Medium: 20.5"" TT x 23.4"" DT x 12.5"" SP x 3"" / 2.8L","VERIFIED, dims unchanged — re-read the page and the size string is verbatim as stored. The 4.5x box-to-litres ratio has two causes and neither is a bad dimension. First, this is a full triangle sized by frame tube lengths, so the bounding box is about twice the fabric volume. Photo (assets/products/green-guru-gear/fullshift-fullshift-frame-bag-medium-2-8l-1.png) shows exactly that: a full main-triangle bag, long top edge, thin. Second, Green Guru's stated litres are inconsistent with their own convention — on the Upshift they publish precisely half the bounding box (168.7 of 337.5 cu in), but applying that same rule here would give ~6.3L, not 2.8L. Their 2.8L understates a bag whose measured triangle is ~6L. I have not overwritten capacity_l because 2.8L is what the maker publishes and I will not substitute a derived number, but treat the litres, not the dims, as the doubtful field on this product.",maker,,Upcycled 420-600D packcloth / inner tube / vinyl tarp,zip,wedge,0,zip,1,,,3,Orange #d95f18 | Pink/Purple #8e3b6b | Earthtone #6b6440,0,,https://www.greengurugear.com/products/fullshift-frame-bags-1
Green Guru Gear,Tanker,Tanker Top Tube Bag,One Size,toptube,1.8,22.9,7.6,10.2,,unknown,,,none,,Upcycled 420-600D packcloth / inner tube / vinyl tarp,zip,boxy,0,,1,,,3,Wild #d95f18 | Earthtone #6b6440 | EcoPak Pink/Purple #8e3b6b,0,,https://www.greengurugear.com/products/top-tube-tanker
Green Guru Gear,Cotton Mouth,Cotton Mouth Snack/Water Feedbag,2.3L,stembag,2.3,11.4,11.4,17.8,,unknown,,,none,,Upcycled 420-600D packcloth / inner tube / vinyl tarp,drawcord,cylindrical,0,,1,,,1,Assorted upcycled #d95f18,0,,https://www.greengurugear.com/products/snack-water-bottle-bag
Vincita,Strada,Strada Bikepacking Handlebar Bag,8.9L,barbag,8.9,43,19,14,,unknown,,,none,,Water-resistant Cordura / tarpaulin,buckle,boxy,2,slip,1,,,2,Charcoal Grey / camo inner #3c3f43 | Forest Green / black inner #3d4a3a,0,,https://vincita.cc/products/b012bp-strada-bikepacking-handlebar-bag
Vincita,Strada,Strada Bikepacking Saddle Bag,9L,seatpack,9,35,24,12.5,,packed,"Width: 24 cm, Depth: 35 cm, Height: 12.5 cm; 9 l.; 400 g","FALSE POSITIVE. Refetched the Vincita page and the three figures are confirmed verbatim. The mounted photo (strada-strada-bikepacking-saddle-bag-9l-1.jpg) settles the axis mapping: the side profile of the bag reads about 2.9:1, matching 35 x 12.5, so the 24cm is the across-the-bike width and it is genuinely a wide, shallow mini-duffel strapped under the saddle rather than a tapered bikepacking seat pack. That is why it misses a 1.6 seatpack elongation rule at 1.46 - the rule assumes a tapered tail this bag does not have. Volume closes at 10.5L box on 9L rated. No change.",maker,,Water-resistant Cordura / tarpaulin,buckle,tapered,2,zip,1,,,2,Charcoal Grey #3c3f43 | Forest Green #3d4a3a,0,,https://vincita.cc/products/b038bp-strada-bikepacking-saddle-bag
Vincita,Strada,Strada Bikepacking Frame Bag,2.6L,framebag_half,2.6,35,6,25,,packed,"Width: 35 cm, Depth: 6 cm, Height: 25 cm; 2.6 liters; 0.3 kg","FALSE POSITIVE, and the photo is conclusive. The studio shot (strada-strada-bikepacking-frame-bag-2-6l-1.jpg) measures 1.41:1 length to height against the stored 1.40:1 - the numbers describe the bag exactly. It is a true right-triangle half-frame bag that is tall for its length, which is why it misses a 2.2 elongation rule meant for long slim top-tube-hugging bags. Volume also closes on the triangle: half of the 5.25L box is 2.6L, the rating to the decimal. No change.",maker,,Water-resistant Cordura / tarpaulin,zip,wedge,0,,1,,,2,Charcoal Grey #3c3f43 | Forest Green #3d4a3a,0,,https://vincita.cc/products/b025bp-strada-bikepacking-frame-bag
Vincita,Strada,Strada Bikepacking Top Tube Bag,0.8L,toptube,0.8,16,6,9,,packed,"Width: 16 cm, Depth: 6 cm, Height: 9 cm; 0.8 liters; 0.2 kg","FALSE POSITIVE. Maker's figures, and the box (0.86L) matches the 0.8L rating almost exactly, which is only possible if all three axes are right. The mounted photo (strada-strada-bikepacking-top-tube-bag-0-8l-1.jpg) shows a small squat flap-top pouch immediately behind the stem, not a long slim gas tank - at 16cm it is simply too short a bag to reach 2:1 over a 9cm height. Threshold too strict. No change.",maker,,Water-resistant Cordura / tarpaulin,flap,boxy,0,,1,,,2,Charcoal Grey #3c3f43 | Forest Green #3d4a3a,0,,https://vincita.cc/products/b026bp-strada-bikepacking-top-tube-bag
Vincita,Everywhere,Everywhere Saddle Bag L,L (10L),seatpack,10,42,19,13,,unknown,,,none,,Water-resistant Cordura / tarpaulin,rolltop,tapered,2,,1,,,4,Black #1c1c1e | Brown #6b5a44 | Blue #2b3a55 | Green #3d4a3a,0,,https://vincita.cc/products/everywhere-saddle-bag-l
Vincita,Everywhere,Everywhere Handlebar Bag,5L,barbag,5,26,16,16,,unknown,,,none,,Water-resistant Cordura / tarpaulin,flap,boxy,0,slip,1,,,4,Black #1c1c1e | Brown #6b5a44 | Blue #2b3a55 | Green #3d4a3a,0,,https://vincita.cc/products/everywhere-handlebar-bag
Two Wheel Gear,Alpha,Alpha Handlebar Bag,6L,barbag,6,27.9,15.2,19.1,,unknown,,,none,,Recycled 600D poly ripstop with TPU coating,rolltop,boxy,2,mesh zip,1,,,1,Black #1c1c1e,0,,https://twowheelgear.com/products/alpha-handlebar-bag
Two Wheel Gear,Dayliner,Dayliner Handlebar & Trunk Box Bag,20L,barbag,20,36.8,22.9,19.1,,unknown,,,none,,Recycled 600D poly ripstop with TPU coating,rolltop,boxy,2,zip,1,,,1,Graphite Grey #4c5155,0,,https://twowheelgear.com/products/dayliner-box-bag
Two Wheel Gear,Mamquam,Mamquam Frame Bag L/XL,L/XL (6L),framebag_half,6,50.8,5.7,24.1,,packed,"20"" Wide x 9.5"" High x 2.25"" Deep; 6 Liters","FALSE POSITIVE (too-cubic, 2.11 against a 2.2 threshold -- a 4% miss). The photo assets/products/two-wheel-gear/mamquam-mamquam-frame-bag-l-xl-l-xl-6l-1.jpg is a clean side-on studio shot of the bag mounted on a bike, and it shows exactly the long low sliver the framebag_half slot expects: measuring it, the bag runs about 2.3x as long as it is tall, which is the stored 50.8 / 24.1 = 2.11 within measurement error and on the correct side of it. Two Wheel Gear print the spec in inches (20 x 9.5 x 2.25) and it maps straight across, 20 in along the top tube and 2.25 in as the across-bike thickness. Box 7.0 L against a rated 6 L (1.16x), consistent with the tapered rear end visible in the photo. This is a threshold that wants relaxing, not a record that wants fixing.",maker,,Recycled 600D poly ripstop with TPU coating,zip,wedge,0,zip,1,,,1,Graphite Grey #4c5155,0,,https://twowheelgear.com/products/frame-bag-large
Two Wheel Gear,Commute,Commute Top Tube Bag,1L,toptube,1,22.9,5.1,8.6,,unknown,,,none,,Recycled 600D poly ripstop with TPU coating,zip,boxy,0,zip,1,,,3,Black #1c1c1e | Graphite Grey #4c5155 | Tofino Blue #2f5b7a,0,,https://twowheelgear.com/products/commute-top-tube-bag
Two Wheel Gear,Commute,Commute Seat Pack,1.5L,seatpack,1.5,27.9,11.4,12.7,,unknown,,,none,,Recycled 600D poly ripstop with TPU coating,zip,wedge,0,mesh slip,1,,,3,Black #1c1c1e | Graphite Grey #4c5155 | Tofino Blue #2f5b7a,0,,https://twowheelgear.com/products/commute-seat-pack
Two Wheel Gear,Pannier Backpack Convertible,Pannier Backpack Convertible 2.1 PLUS,30L,pannier,30,35.6,20.3,48.3,,unknown,,,none,,Recycled 600D poly ripstop with TPU coating,zip,boxy,0,zip slip,1,,,3,Black Ripstop Recycled #1c1c1e | Graphite Grey Recycled #4c5155 | Olive Tangerine Recycled #d4763a,0,,https://twowheelgear.com/products/pannier-backpack-convertible-plus
Two Wheel Gear,Pannier Backpack Convertible,Pannier Backpack Convertible 2.0 LITE,22L,pannier,22,31.8,15.2,43.2,,unknown,,,none,,Recycled 600D poly ripstop with TPU coating,flap,boxy,0,slip slip,1,,,2,Black Ripstop Recycled #1c1c1e | Olive Tangerine Recycled #d4763a,0,,https://twowheelgear.com/products/pannier-backpack-convertible-lite
Two Wheel Gear,Inverter,Inverter Pannier Backpack Convertible,24L,pannier,24,33,17.8,48.3,,unknown,,,none,,Recycled 600D poly ripstop with TPU coating,zip,boxy,0,zip,1,,,1,Grey #4c5155,0,,https://twowheelgear.com/products/inverter-pannier-backpack
SILCA,Mattone,Mattone Seat Pack,0.5L,seatpack,0.5,12.5,5,8,,packed,125mm x 80mm x 50mm; 0.5L; 90g,"FALSE POSITIVE. Ratio 1.56 against a 1.60 threshold — a rounding-width miss. 12.5 x 8 x 5 = exactly 0.5L, matching the stated capacity to the litre, which is about as strong as dimensional evidence gets. This is a small rigid-backed wedge tensioned under the saddle by a BOA strap, not a tapered bikepacking seatpack, so the 1.6 elongation rule does not describe it.",maker,,CyclePet 600D with kiss coating / RF-welded TPU composite,zip,wedge,1,slip,1,,,1,Black #111111,0,,https://silca.cc/collections/bags/products/mattone-seat-pack
SILCA,Mattone,Mattone Grande,0.74L,seatpack,0.74,15,5.5,9,,unknown,,,none,,CyclePet 600D with kiss coating / RF-welded TPU composite,zip,wedge,1,slip,1,,,1,Black #111111,0,,https://silca.cc/collections/bags/products/mattone-grande
SILCA,Mattone,Mattone Ultimate Seat Pack,0.4L,seatpack,0.4,12.5,4,9,,packed,125mm x 40mm x 90mm; 0.4L; 90g listed as 44g,"FALSE POSITIVE. Ratio 1.39. SILCA lists this model L x W x H (40mm is the across-bike thickness, 90mm the height) — different from the standard Mattone's L x H x W — and the stored record already handles that. Photo (assets/products/silca/mattone-mattone-ultimate-seat-pack-0-4l-2.webp shown on a saddle) confirms a stubby deep wedge roughly 12.5cm fore-aft by 9cm deep vertically, thin across the bike. Box 0.45L against 0.4L rated.",maker,,CyclePet 600D with kiss coating / RF-welded TPU composite,zip,wedge,1,,1,,,1,Black #111111,0,,https://silca.cc/collections/bags/products/mattone-ultimate-seat-pack
SILCA,Seat Roll,Seat Roll Asymmetrico,One Size,seatpack,0.5,14,6,7,,unknown,,,none,,CyclePet 600D with kiss coating / RF-welded TPU composite,boa,cylindrical,1,slip,1,,,1,Black #111111,0,,https://silca.cc/collections/bags/products/seat-roll-asymmetrico
SILCA,Grinta,Grinta Roll Top Bag,2-5L,seatpack,2.9,30,15,15,,packed,Dimensions: 30cm x 15cm x 15cm (rolled to top of PE); 2-5 liters; 208g,"CORRECTED, and this one was genuinely broken. len had been overwritten with 16.4cm — a figure no source states, back-computed by an earlier pass from an assumed mid-roll volume — which turned the bag into a 16.4 x 15 x 15 cube and tripped both the too-cubic and near-cube flags. SILCA publishes one dimension set, 30 x 15 x 15, and explicitly qualifies it 'rolled to top of PE', i.e. it is already a rolled/packed figure, not an extended one. Restored len to the stated 30cm and set dims_state to packed. Photo (assets/products/silca/grinta-grinta-roll-top-bag-2-5l-1.png) settles it: a long tapering wedge roughly twice as long as it is deep — nothing like a ball. Box 6.75L against the stored 2.9L mid-roll capacity, ~2.3x, which is the expected ratio for a wedge whose fabric volume is about half its bounding box. Left liters alone: the maker's range is 2-5L and 2.9 sits inside it.",maker,,CyclePet 600D with kiss coating / RF-welded TPU composite,rolltop,cylindrical,1,,1,,,1,Black #111111,0,,https://silca.cc/collections/bags/products/grinta-roll-top-bag
SILCA,Grinta,Grinta Handlebar Bag,One Size,barbag,2.8,23,11,11,,unknown,,,none,,CyclePet 600D with kiss coating / RF-welded TPU composite,zip,boxy,0,,1,,,1,Black #111111,0,,https://silca.cc/collections/bags/products/grinta-handlebar-bag
Giant,Scout,Scout Saddle Bag,9L,seatpack,9,56,18,18,,unknown,,,none,,Ripstop nylon over 1200D nylon / H2Tex 3-layer laminate,rolltop,tapered,2,,1,,,2,Black #1a1a1a | Green #3f5c3a,0,,https://www.giant-bicycles.com/int/scout-saddle-bag-2024
Giant,Scout,Scout Burrito Bar Bag,2.3L,barbag,2.3,20,12,12,,unknown,,,none,,Ripstop nylon over 1200D nylon / H2Tex 3-layer laminate,rolltop,cylindrical,0,mesh,1,,,2,Black #1a1a1a | Green #3f5c3a,0,,https://www.giant-bicycles.com/us/scout-burrito-bar-bag-2024
Giant,Scout,Scout Top Tube Bag,1L,toptube,1,22,6.5,10,,unknown,,,none,,Ripstop nylon over 1200D nylon / H2Tex 3-layer laminate,zip,boxy,0,zip mesh,1,,,2,Black #1a1a1a | Green #3f5c3a,0,,https://www.giant-bicycles.com/int/scout-top-tube-bag-2024
Giant,H2Pro,H2Pro Frame Bag,4L,framebag_half,4,46.5,6,13,,unknown,,,none,,Ripstop nylon over 1200D nylon / H2Tex 3-layer laminate,zip,wedge,0,,1,,,1,Black #1a1a1a,0,,https://www.giant-bicycles.com/int/h2pro-frame-bag-2021
Giant,Transporter,Transporter MIK Pannier Bag 30L,30L (single),pannier,15,30,17,40,,packed,"Giant: ""Size: 30*17*40cm"", ""Weight: 1400g"", ""Volume: 30L""; multiple Giant dealers print ""Volume: 30L (15L per side)""","CORRECTED on two counts, and the photo drove both. assets/products/giant/transporter-transporter-mik-pannier-bag-30l-30l-single-1.jpg and -2.jpg show a DOUBLE pannier -- two bags joined by a saddle panel that drapes over the rack -- and each half is clearly PORTRAIT, measurably about 1.45x taller than it is long. (1) AXIS ORDER. Giant's page gives a bare '30*17*40cm' with no labels, and the catalogue had read the 40 as fore-aft depth, which would make each bag landscape -- the opposite of the photo. Remapped to len 30 (fore-aft along the rack), hgt 40 (vertical), wid 17 (across the bike). 40/30 = 1.33 against the ~1.45 measured off the photo, the difference being the roll top standing proud. A 40 cm fore-aft pannier would also foul the rider's heel; 30 x 40 x 17 is the standard commuter-pannier envelope (cf. Ortlieb Back-Roller at 32 x 42 x 17). (2) CAPACITY. The 30 L is the PAIR, not one bag. Giant dealers print 'Volume: 30L (15L per side)'; MIK ('Mounting Is Key') is a top-of-rack plate system, so a MIK pannier bag is necessarily a two-sided unit rather than a single hanging bag; and 1400 g is a double-bag weight. The catalogue models one side in the pannier slot, so capacity_l is set to 15. That also clears the volume-too-small flag: the per-side box is 20.4 L against 15 L per side, a ratio of 1.36, textbook for a roll-top. Note the size string still reads '30L (single)' and is misleading, but it is the join key so it is left alone.",maker,,Ripstop nylon over 1200D nylon / H2Tex 3-layer laminate,rolltop,boxy,0,slip,1,,,2,Blue #2f4a6b | Gray #6e7276,0,,https://www.giant-bicycles.com/int/transporter-mik-pannier-bag-30l
Giant,Transit,Transit MIK Trunk Bag 11L,11L,trunk,11,36,22,16,,unknown,,,none,,Ripstop nylon over 1200D nylon / H2Tex 3-layer laminate,zip,boxy,0,zip,1,,,2,Blue #2f4a6b | Grey #6e7276,0,,https://www.giant-bicycles.com/int/transit-mik-trunk-bag-11l
Venture Handmade,Bravo,Bravo Seat Bag,One Size (4.5-7L),seatpack,7,33.5,11.4,16.5,,unknown,,,none,,"X-Pac laminate / recycled-content waterproof sailcloth, HDPE skidplates, internal framesheets",rolltop,tapered,1,,1,,,5,Stealth Mode #1c1c1e | Desert Campfire #9e3418 | Mountain Sunrise #e0a020 | Alpine Tundra #1e4635 | Space Cowboy #4a2a6b,0,,https://www.venturehandmade.com/gear/p/bravo-seat-bag
Venture Handmade,Charlie,Charlie Seat Bag,One Size (6-10L),seatpack,10,39.4,15.2,17.8,,unknown,,,none,,"X-Pac laminate / recycled-content waterproof sailcloth, HDPE skidplates, internal framesheets",rolltop,tapered,1,,1,,,5,Stealth Mode #1c1c1e | Desert Campfire #9e3418 | Mountain Sunrise #e0a020 | Alpine Tundra #1e4635 | Space Cowboy #4a2a6b,0,,https://www.venturehandmade.com/gear/p/charlie-seat-bag
Venture Handmade,Delta,Delta Handlebar Bag,One Size (10.5L max),barroll,10.5,53.8,14,14,,unknown,,,none,,"X-Pac laminate / recycled-content waterproof sailcloth, HDPE skidplates, internal framesheets",rolltop,cylindrical,2,zip,1,,,5,Stealth Mode #1c1c1e | Desert Campfire #9e3418 | Mountain Sunrise #e0a020 | Alpine Tundra #1e4635 | Space Cowboy #4a2a6b,0,,https://www.venturehandmade.com/gear/p/delta-handlebar-bag
Venture Handmade,Kilo,Kilo Handlebar Bag,One Size (12.5L max),barroll,12.5,40.6,17.8,17.8,,unknown,,,none,,"X-Pac laminate / recycled-content waterproof sailcloth, HDPE skidplates, internal framesheets",rolltop,cylindrical,2,zip,1,,,5,Stealth Mode #1c1c1e | Desert Campfire #9e3418 | Mountain Sunrise #e0a020 | Alpine Tundra #1e4635 | Space Cowboy #4a2a6b,0,,https://www.venturehandmade.com/gear/p/kilo-handlebar-bag
Venture Handmade,Cache,Cache Tank Bag,One Size (1L),toptube,1,25.4,8.9,12.7,,unknown,,,none,,"X-Pac laminate / recycled-content waterproof sailcloth, HDPE skidplates, internal framesheets",zip,boxy,0,mesh,1,,,5,Stealth Mode #1c1c1e | Desert Campfire #9e3418 | Mountain Sunrise #e0a020 | Alpine Tundra #1e4635 | Space Cowboy #4a2a6b,0,,https://www.venturehandmade.com/gear/p/cache-tank-bag
Venture Handmade,EDC,EDC Mini Frame Bag (Large),Large (1.4L),framebag_half,1.4,25.4,6.4,19.1,,packed,"VOLUME: Large, 1.4L, true measured. DIMENSIONS: Large, 2.5""W, 10"" top, 9.5"" bottom, 2"" front, 7.5"" back","FALSE POSITIVE. Venture quote the bag as four edge lengths rather than a box, and read as a wedge the numbers are coherent: a 10in top, 9.5in bottom, 2in front edge and 7.5in rear edge at 2.5in wide is about 1.9L of envelope against a '1.4L true measured' rating, the right margin for a wedge. The bounding box 25.4 x 19.1 x 6.4 is therefore correct. It misses a 2.2 elongation rule at 1.33 because this is a steeply raked wedge that fills the rear corner of the front triangle - it is tall at the seat tube and tapers to nothing forward - not a long slim bag. The only local image for this product is a fabric colour swatch card, so the judgement rests on the maker's four edge lengths. No change.",maker,,"X-Pac laminate / recycled-content waterproof sailcloth, HDPE skidplates, internal framesheets",zip,wedge,0,,1,,,5,Black #1c1c1e | Slate Gray #4a5057 | Coyote Brown #7f6a4f | Evergreen #1e4635 | Cayenne #9e3418,0,,https://www.venturehandmade.com/gear/p/edc-mini-frame-bag
Venture Handmade,Alpha,Alpha Custom Frame Bag,Made to measure (2-16L),framebag_full,8,55,6.4,30,,unknown,,,none,,"X-Pac laminate / recycled-content waterproof sailcloth, HDPE skidplates, internal framesheets",zip,triangular,0,zip,1,,,6,Black #1c1c1e | Evergreen #1e4635 | Marigold #e0a020 | Southwest Turquoise #2fa39b | Deep Purple #4a2a6b | Blaze Orange #e2571e,0,,https://www.venturehandmade.com/gear/p/custom-frame-bag
Venture Handmade,Sierra,Sierra SL Pannier,"One Size (10L each, 20L pair)",pannier,10,25.4,12.7,30.5,,unknown,,,none,,"X-Pac laminate / recycled-content waterproof sailcloth, HDPE skidplates, internal framesheets",rolltop,boxy,2,,2,,,5,Stealth Mode #1c1c1e | Desert Campfire #9e3418 | Mountain Sunrise #e0a020 | Alpine Tundra #1e4635 | Space Cowboy #4a2a6b,0,,https://www.venturehandmade.com/gear/p/sierra-sl-panniers
Ron's Bikes,Fabio's Chest,Fabio's Chest LARGE,Large,barbag,19,36.8,22.9,22.9,,unknown,,,none,,Waxed cotton canvas / cotton-faced X11 laminate / occasional X-Pac RX30,rolltop,boxy,2,open open,1,,,10,Charcoal Waxed #3a3a38 | Burgundy Waxed #6e2733 | Olive Waxed #5d5f43 | Tan Waxed #b99b6e | Goldilocks Waxed #c8a15c | Olive X11 #58604a | Lavender X-Pac #9b91bd | Goldenrod X-Pac #c9932c | Tan X11 #b49a72 | Black X11 #1c1c1e,0,,https://ronsbikes.com/products/large-fabios-chest
Ron's Bikes,Fabio's Chest,Fabio's Chest SMALL,Small,barbag,14,26.7,22.9,22.9,,unknown,,,none,,Waxed cotton canvas / cotton-faced X11 laminate / occasional X-Pac RX30,rolltop,boxy,2,open open,1,,,11,Olive X11 #58604a | Black Tulips RX30 #262429 | Goldenrod X-Pac #c9932c | Lavender X-Pac #9b91bd | Charcoal Waxed #3a3a38 | Tan Waxed Canvas #b99b6e | Olive Waxed Canvas #5d5f43 | Burgundy Waxed Canvas #6e2733 | Tan X11 #b49a72 | Black X11 #1c1c1e | Goldilocks Waxed Canvas #c8a15c,0,,https://ronsbikes.com/products/small-fabios-chest-coming-in-march
Ron's Bikes,Fabio's Chest,Fabio's Chest MINI,Mini (11L),barbag,11,30.5,15.2,17.8,,packed,"Body is 10"" wide, 12"" with side pockets full. 7"" in height and 6"" wide from the side. 11 liters of roll top hard bodied carrying capacity.","CORRECTED (one axis) and the flag is otherwise explained. len was 25.4cm, the 10in bare-body width; the maker states the bag is 12in across once the side pockets are full, and this field wants the packed AS-MOUNTED size, so len becomes 30.5cm. Photo (assets/products/ron-s-bikes/fabio-s-chest-fabio-s-chest-mini-mini-11l-1.jpg) shows the bag with its side pockets loaded and they are a substantial part of the silhouette, not trim. That takes the box from 6.9L to 8.25L. The remaining gap to 11L is not a bad dimension: THE LITRES ARE THE MAXIMUM-ROLL FIGURE — 7in is the rolled-down body height and the quoted 11L includes the roll extended. dims_state corrected from 'unrolled' to 'packed', which is what these numbers actually describe. Medium confidence because 12in is the loaded-pocket figure and how full the pockets are is a judgement call.",maker,,Waxed cotton canvas / cotton-faced X11 laminate / occasional X-Pac RX30,rolltop,boxy,2,open open,1,,,9,Tan X11 #b49a72 | Olive X11 #58604a | Lavender X-Pac #9b91bd | Goldenrod X-Pac #c9932c | Charcoal Waxed #3a3a38 | Tan Waxed #b99b6e | Burgundy Waxed #6e2733 | Black Tulip X-Pac #262429 | Olive Waxed #5d5f43,0,,https://ronsbikes.com/products/fabios-chest-xs-coming-this-friday
Ron's Bikes,Fabio's,Fabio's Clap Trap,One Size (3.7L),barbag,3.7,25.4,16.5,9.4,,unknown,,,none,,Waxed cotton canvas / cotton-faced X11 laminate / occasional X-Pac RX30,flap,trapezoid,0,open open,1,,,10,Black Waxed #1c1c1e | Olive Waxed #5d5f43 | Tan Waxed #b99b6e | Goldilocks Waxed #c8a15c | Bone Waxed #ded6c4 | Navy Blue Waxed #26344c | Burgundy Waxed #6e2733 | Grey Blue X11 #6b7a8a | Black X11 #1c1c1e | Pink Waxed #d98fa0,0,,https://ronsbikes.com/products/the-clap-trap
Andrew The Maker,ATM,ATM Top Tube Bag,One Size,toptube,1.6,24.1,5.7,11.4,,unknown,,,none,,"CORDURA / Challenge Outdoor / X-Pac VX42, yellow nylon packcloth interior",zip,boxy,0,,1,,,12,Red #c1272d | Hot Pink #e8547f | Royal Blue #23479c | Bright Green #3fae49 | Safety Orange #f45c17 | Turquoise #2fbfae | Bright Yellow #f2d024 | Black #1c1c1e | Charcoal Grey #4a4a4c | Baby Leopard #c9a06a | Zebra #e8e6e1 | Woodland Camo #4b5340,0,,https://www.andrewthemaker.com/shop/toptubebag
Andrew The Maker,BarBar,"BarBar Bag (10"")",10 inch,barbag,2.1,25.4,10.2,10.2,,unknown,,,none,,"CORDURA / Challenge Outdoor / X-Pac VX42, yellow nylon packcloth interior",zip,cylindrical,0,,1,,,10,Red #c1272d | Hot Pink #e8547f | Light Pink #f2b6c6 | Royal Blue #23479c | Teal #1f8a8a | Gold Yellow #d4a017 | Black #1c1c1e | Light Brown #a4763f | Splatter #8b8d8f | X-Pac Lite Skin LS42 #9ba1a6,0,,https://www.andrewthemaker.com/shop/barbar-bag
Andrew The Maker,Many Things Sack,Many Things Sack v1.2,Standard (sold as a pair),forkbag,3.4,8.9,16.5,25.4,,packed,"Standard 10"" h x 6.5-5.5"" tapered w x 3.5"" d","SPECIFICALLY CHECKED, AND THE FORKBAG SLOT IS CORRECT - it is not a pannier. The page states in the first line that it is 'specifically made for the King Many Things Cage', describes those cages as titanium units that 'fit on any fork with bolts or on round fork legs with the use of the King USB clamps', and lists a 4-point mount system and a roll-top compression strap. The photo (many-things-sack-many-things-sack-v1-2-standard-sold-as-a-pa-1.jpg) confirms it: an upright sack with a flap, a single vertical compression strap and webbing loops for cage straps - there are no pannier hooks and no rack rail anywhere on it. The pair framing in the size field is a purchase option, not the mount: the page sells it individually as well as in custom pairs, with or without cages, and 'pannier attachments' are listed as one optional extra among several, which is what the pair listing was probably read from. Dims match the maker line verbatim (hgt from the 10"" height, wid from the wider 6.5"" end of the taper, len from the 3.5"" depth); not flagged, unchanged.",maker,,"CORDURA / Challenge Outdoor / X-Pac VX42, yellow nylon packcloth interior",rolltop,tapered,1,,2,,,10,Olive #6b6b3f | Ranger Green #4e5545 | Safety Orange #f45c17 | Black #1c1c1e | Dark Brown #4c3320 | Digital Camo #7d8471 | Multicam #8a7a5c | Urban Camo #8b8d8f | X-Pac VX42 Black #232326 | X-Pac Liteskin LS42 Heather Grey #9ba1a6,0,,https://www.andrewthemaker.com/shop/many-things-sack
Andrew The Maker,Granny's Pantry,Granny's Pantry,One Size,barbag,5,22,15,15,,unknown,,,none,,"CORDURA / Challenge Outdoor / X-Pac VX42, yellow nylon packcloth interior",flap,boxy,0,velcro open,1,,,5,Black #1c1c1e | Dark Brown #4c3320 | Red #c1272d | Ranger Green #4e5545 | Charcoal Grey #4a4a4c,0,,https://www.andrewthemaker.com/shop/grannys-pantry
Andrew The Maker,Custom Frame Bag,Full Single Compartment Custom Frame Bag,Made to measure,framebag_full,8,55,6,30,,unknown,,,none,,"CORDURA / Challenge Outdoor / X-Pac VX42, yellow nylon packcloth interior",zip,triangular,0,zip,1,,,8,Poppy Red #d63b28 | Baby Blue #8fc3e3 | Turquoise #2fbfae | Black #1c1c1e | Pink Leopard #d9a3ac | Zebra #e8e6e1 | Black Multicam #33353a | Urban Camo #8b8d8f,0,,https://www.andrewthemaker.com/shop/full-frame-bag
Andrew The Maker,Gravel Banger,Gravel Banger Half Bag,Made to measure,framebag_half,4,42,6,16,,unknown,,,none,,"CORDURA / Challenge Outdoor / X-Pac VX42, yellow nylon packcloth interior",zip,triangular,0,zip,1,,,5,Black #1c1c1e | Ranger Green #4e5545 | Safety Orange #f45c17 | Royal Blue #23479c | Multicam #8a7a5c,0,,https://www.andrewthemaker.com/shop/gravel-banger-half-bag
Andrew The Maker,ATM,Rear TT Sack,One Size,toptube_rear,1,15,6,10,,unknown,,"FALSE POSITIVE on shape; the absolute scale remains an estimate. Photo assets/products/andrew-the-maker/atm-rear-tt-sack-one-size-1.jpg is a clean side elevation and measures 1.43 length/height against the stored ratio of 1.50 - so the proportion in the record is right, and the bag really is a stubby wedge. That is inherent to the type: it fills the triangle between seat tube and top tube behind the saddle, so the 2.0 fore-aft elongation rule does not apply to it (Restrap's Rear Top Tube Bag, also in this batch, is the same sub-type and flagged the same way). Andrew The Maker publishes no dimensions and no litre figure for this bag, so 15 x 10 x 6 stays an estimate - a defensible one, since it matches the photographed proportion and the page's 'a phone, wallet, and some snacks'. Verified in the sense that the flag is wrong, not in the sense that the numbers are maker data.",maker,,"CORDURA / Challenge Outdoor / X-Pac VX42, yellow nylon packcloth interior",zip,wedge,0,,1,,,5,Black #1c1c1e | Poppy Red #d63b28 | Multicam #8a7a5c | Pink Leopard #d9a3ac | Liteskin 42 Heather Grey #9ba1a6,0,,https://www.andrewthemaker.com/shop/rear-top-tube-sack
Nuke Sunrise Bike Bags,Silo,Silo,One Size,stembag,1.2,10.2,10.2,15.2,,unknown,,,none,,"Dimension Polyant X-Pac VX-21 / VX-42, yellow 200d packcloth liner, closed-cell foam, CNC-machined ABS stiffeners",cinch,cylindrical,0,,1,,,15,Black #1c1c1e | Grey #6e7377 | Purple #5b3a86 | Bahama Blue #2f9fd0 | Ranger Green #4e5545 | Ripstop Blue #2f5f9e | Red #b7242c | Neon Lime #b7d43f | Liteskin Grey #9ba1a6 | Coyote Brown #7f6a4f | Neon Orange #f45c17 | Spanish Teal #1f7a78 | Zebra #e8e6e1 | Topo Map #c8bfa4 | Mexi-blanket #9e4b3f,0,,https://www.nukesunrise.com/store/p73/silo.html
Nuke Sunrise Bike Bags,Silo,Giant Silo,Giant,stembag,2.4,12.7,12.7,19.1,,unknown,,,none,,"Dimension Polyant X-Pac VX-21 / VX-42, yellow 200d packcloth liner, closed-cell foam, CNC-machined ABS stiffeners",cinch,cylindrical,0,open,1,,,11,Grey #6e7377 | Coyote Brown #7f6a4f | Black #1c1c1e | Yellow #e8c62a | Bahama Blue #2f9fd0 | White #f2f2ef | Multicam #8a7a5c | Ranger Green #4e5545 | Hot Pink #e8547f | Neon Lime #b7d43f | Rock Art #a8845c,0,,https://www.nukesunrise.com/store/p33/giantsilo.html
Nuke Sunrise Bike Bags,Titan,Titan Tank,One Size,toptube,1.3,22.9,5.1,11.4,,unknown,,,none,,"Dimension Polyant X-Pac VX-21 / VX-42, yellow 200d packcloth liner, closed-cell foam, CNC-machined ABS stiffeners",zip,boxy,0,,1,,,10,Black #1c1c1e | Newspaper Rock #8a7f6b | Cheetah #c9a06a | Zebra #e8e6e1 | Topo Map #c8bfa4 | Mexi-blanket #9e4b3f | Spanish Teal #1f7a78 | Neon Orange #f45c17 | Purple #5b3a86 | Bahama Blue #2f9fd0,0,,https://www.nukesunrise.com/store/p54/titan-top-tube-tank.html
Nuke Sunrise Bike Bags,Titan,MegaTitan,Mega,toptube,2.4,28,7,12,,unknown,,,none,,"Dimension Polyant X-Pac VX-21 / VX-42, yellow 200d packcloth liner, closed-cell foam, CNC-machined ABS stiffeners",zip,boxy,0,open open,1,,,10,Black X-Pac #1c1c1e | Grey X-Pac #6e7377 | Deep Blue X-Pac #22406e | Peach X-Pac #f2a07a | Rock Art X-Pac #a8845c | Teal X-Pac #1f7a78 | Neon Lime X-Pac #b7d43f | Zebra #e8e6e1 | Mexi-blanket #9e4b3f | Topo Map #c8bfa4,0,,https://www.nukesunrise.com/store/p71/megatitan.html
Nuke Sunrise Bike Bags,Wing Tank,Wing Tank,One Size (3.5L),forkbag,3.5,12.5,12.5,28,,unknown,,,none,,"Dimension Polyant X-Pac VX-21 / VX-42, yellow 200d packcloth liner, closed-cell foam, CNC-machined ABS stiffeners",rolltop,cylindrical,1,,1,,,10,Black #1c1c1e | Grey #6e7377 | Hot Pink #e8547f | Bahama Blue #2f9fd0 | Deep Blue #22406e | Red #b7242c | Neon Lime #b7d43f | Teal #1f7a78 | Neon Orange #f45c17 | Coyote #7f6a4f,0,,https://www.nukesunrise.com/store/p51/wingtank.html
Nuke Sunrise Bike Bags,Mini-Panniers,Mini-Pannier,One Size (6L each),pannier,6,25,12,25,,unknown,,,none,,"Dimension Polyant X-Pac VX-21 / VX-42, yellow 200d packcloth liner, closed-cell foam, CNC-machined ABS stiffeners",zip,boxy,0,,2,,,10,Black X-Pac #1c1c1e | Pink Challenge Sail Cloth #e8b0c0 | Rock Art #a8845c | Leopard #c9a06a | Maroon Cordura #6e2733 | Peach X-Pac #f2a07a | Spanish Teal X-Pac #1f7a78 | Mexi-blanket #9e4b3f | Topo Map #c8bfa4 | Grey Liteskin #9ba1a6,0,,https://www.nukesunrise.com/store/p69/panniers.html
Nuke Sunrise Bike Bags,Custom Frame Bag,Custom Frame Bag,Made to measure,framebag_full,8,55,6,30,,unknown,,,none,,"Dimension Polyant X-Pac VX-21 / VX-42, yellow 200d packcloth liner, closed-cell foam, CNC-machined ABS stiffeners",zip,triangular,0,zip,1,,,9,Black #1c1c1e | Alpenglow #e8926a | Spanish Teal #1f7a78 | Hi-Viz Lime #b7d43f | Hi-Viz Orange #f45c17 | Navy Blue #22406e | Zebra #e8e6e1 | Topo Map #c8bfa4 | Mexi-blanket #9e4b3f,0,,https://www.nukesunrise.com/store/p50/frame-bag.html
Gramm Tourpacking,Diamond Bag,Diamond Bag 7.5 L,7.5L,barbag,7.5,26,17,19,,unknown,,,none,,"X-Pac RX36 (100% recycled) / RX30 / VX21 / CORDURA 560dtex, ECOPAK EPX200 Silver Bullet liner, optional UHMWPE",flap,boxy,0,stretch stretch,1,,,2,Black X-Pac RX36 + UltraStretch side pockets #1c1c1e | Black CORDURA 560dtex #2b2d31,0,,https://www.gramm-tourpacking.com/shopnow/diamond-bag
Gramm Tourpacking,Diamond Bag,Tall Diamond Bag 11 L,Tall (11L),barbag,11,25.5,17,22.9,,unknown,,,none,,"X-Pac RX36 (100% recycled) / RX30 / VX21 / CORDURA 560dtex, ECOPAK EPX200 Silver Bullet liner, optional UHMWPE",flap,boxy,0,stretch stretch,1,,,1,Black X-Pac RX36 #1c1c1e,0,,https://www.gramm-tourpacking.com/shopnow/diamondbagtallrx36black
Gramm Tourpacking,Grill Bag,Grill Bag 12 L,12L,barbag,12,30,21.5,20,,unknown,,,none,,"X-Pac RX36 (100% recycled) / RX30 / VX21 / CORDURA 560dtex, ECOPAK EPX200 Silver Bullet liner, optional UHMWPE",flap,boxy,0,,1,,,1,Black X-Pac RX36 #1c1c1e,0,,https://www.gramm-tourpacking.com/shopnow/grill-bag-12l-rx36
Gramm Tourpacking,Seat Bag,Custom Seat Bag 10 L,Custom (10L),seatpack,10,45,17,17,,unknown,,,none,,"X-Pac RX36 (100% recycled) / RX30 / VX21 / CORDURA 560dtex, ECOPAK EPX200 Silver Bullet liner, optional UHMWPE",rolltop,tapered,1,,1,,,2,Black X-Pac VX21 #1c1c1e | Bi-colour custom #2b2d31,0,,https://www.gramm-tourpacking.com/shopnow/custom-seat-bag
Gramm Tourpacking,Seat Bag,Mini Seat Bag 2-3 L,Mini (2-3L),seatpack,3,34.2,16,13,,unknown,,,none,,"X-Pac RX36 (100% recycled) / RX30 / VX21 / CORDURA 560dtex, ECOPAK EPX200 Silver Bullet liner, optional UHMWPE",rolltop,tapered,1,,1,,,3,X-Pac X50 Black #1c1c1e | MultiCam Black #33353a | X-Pac X51 Marigold #d19b2a,0,,https://www.gramm-tourpacking.com/shopnow/seat-bag-2-3l-x-pac-x50-blk
Gramm Tourpacking,Seat Bag,Multi-Tool Seat Bag,One Size (0.5L),seatpack,0.5,14,9,6,,packed,"Capacity: 0,5 L. Dimensions: 140 x 90 x 60 mm (L x W x H). Weight: 80 g","FALSE POSITIVE. Ratio 1.56 against a 1.60 threshold. Gramm labels the axes explicitly (L x W x H) and the stored record maps them straight across: 14cm fore-aft, 9cm across the bike, 6cm tall. Photo (assets/products/gramm-tourpacking/seat-bag-multi-tool-seat-bag-one-size-0-5l-1.jpg) shows a small fixed-size zip pouch, clearly longer fore-aft than tall, with the zip running the length — the proportions match. Box 0.76L against 0.5L rated, normal once the rounded ends are discounted.",maker,,"X-Pac RX36 (100% recycled) / RX30 / VX21 / CORDURA 560dtex, ECOPAK EPX200 Silver Bullet liner, optional UHMWPE",zip,boxy,0,,1,,,1,Black #1c1c1e,0,,https://www.gramm-tourpacking.com/shopnow/multi-tool-saddle-bag
Gramm Tourpacking,Hip Handlebar Bag,Hip Handlebar Bag 2.5 L,One Size (2.5L),barroll,2.5,23,13,13,,packed,"Capacity: 2,5 L. Dimensions: 230 mm length, Ø 130 mm","FALSE POSITIVE. Ratio 1.77 against a 1.80 threshold — it misses by 0.03. Gramm publishes a length and a diameter, not three axes, so hgt and wid both correctly carry the 130mm diameter; for a cylinder that is the right encoding, not a duplicated axis. Photo (assets/products/gramm-tourpacking/hip-handlebar-bag-hip-handlebar-bag-2-5-l-one-size-2-5l-1.jpg) shows a short fat barrel roughly 1.8x as long as it is thick — the picture and the numbers agree. Cylinder volume 3.05L against 2.5L rated.",maker,,"X-Pac RX36 (100% recycled) / RX30 / VX21 / CORDURA 560dtex, ECOPAK EPX200 Silver Bullet liner, optional UHMWPE",zip,cylindrical,0,open open,1,,,2,Black X-Pac RX36 #1c1c1e | Multicam Black X-Pac X50 #33353a,0,,https://www.gramm-tourpacking.com/shopnow/hip-handlebar-bag
Gramm Tourpacking,Candy Bag,Candy Bag,One Size (0.5L),stembag,0.5,9,9,16,,unknown,,,none,,"X-Pac RX36 (100% recycled) / RX30 / VX21 / CORDURA 560dtex, ECOPAK EPX200 Silver Bullet liner, optional UHMWPE",open,cylindrical,0,,1,,,1,Black X-Pac RX30 #1c1c1e,0,,https://www.gramm-tourpacking.com/shopnow/candy-bag
Atelier Velocidade,Volcano,Volcano,One Size,seatpack,8,40,16,16,,unknown,,,none,,"Technical coated nylon with waterproof zips, polyurethane straps, made in Ariège",rolltop,tapered,2,,1,,,5,Charbon #3a3a3c | Forêt #38503f | Rouge #a8322e | Bleu #2d4f70 | Sable #c2ab86,0,,https://www.ateliervelocidade.com/en/products/volcano
Atelier Velocidade,Bivouac,Bivouac,One Size (7.5L),saddlebag,7.5,30,14,18,,unknown,,,none,,"Technical coated nylon with waterproof zips, polyurethane straps, made in Ariège",flap,boxy,2,,1,,,5,Charbon #3a3a3c | Forêt #38503f | Rouge #a8322e | Bleu #2d4f70 | Sable #c2ab86,0,,https://www.ateliervelocidade.com/en/products/bivouac
Atelier Velocidade,Beluga,Beluga,One Size (4.5L),barbag,4.5,28,12,14,,unknown,,,none,,"Technical coated nylon with waterproof zips, polyurethane straps, made in Ariège",rolltop,boxy,0,open,1,,,5,Charbon #3a3a3c | Forêt #38503f | Rouge #a8322e | Bleu #2d4f70 | Sable #c2ab86,0,,https://www.ateliervelocidade.com/en/products/beluga
Atelier Velocidade,Gypaète,Gypaète (Large),L (4.7L),framebag_half,4.7,45,7,15,,unknown,,,none,,"Technical coated nylon with waterproof zips, polyurethane straps, made in Ariège",zip,triangular,0,,1,,,5,Charbon #3a3a3c | Forêt #38503f | Rouge #a8322e | Bleu #2d4f70 | Sable #c2ab86,0,,https://www.ateliervelocidade.com/en/products/gypaete
Atelier Velocidade,Avalanche,Avalanche,One Size,framebag_half,2,16,4.5,12,,packed,Width x Height x Depth: 16 x 12 x 4.5 cm; 2 Liters; 89 grams; attaches to the seat tube with Velcro and two polyurethane straps,"REAL ERROR, and the record is now maker-sourced rather than estimated. The previous note said the page carried no dimensions; it does - 'Width x Height x Depth: 16 x 12 x 4.5 cm'. len 22 -> 16 and wid 6 -> 4.5; hgt 12 was already right. The photo (avalanche-avalanche-one-size-1.jpg) corroborates: a flat rounded-triangular pouch measuring ~1.5 long/tall against the maker's 1.33, and visibly thin rather than the 6cm the record claimed. It still fails the 2.2 elongation rule at 1.33, correctly - this is a small seat-tube tool pouch, not a half-frame bag, as the earlier note also observed. Two things worth flagging rather than silently fixing: the maker's own 2L is not reconcilable with a 16 x 12 x 4.5cm box (0.86L), so that figure is optimistic; and the framebag_half slot is a poor fit for a seat-tube-mounted pouch, though the vocabulary offers nothing better.",maker,,"Technical coated nylon with waterproof zips, polyurethane straps, made in Ariège",zip,wedge,0,,1,,,5,Forêt #38503f | Sable #c2ab86 | Bleu #2d4f70 | Rouge #a8322e | Charbon #3a3a3c,0,,https://www.ateliervelocidade.com/en/products/avalanche
Atelier Velocidade,Funambule,Funambule,One Size,toptube,1.2,20,6,10,,unknown,,,none,,"Technical coated nylon with waterproof zips, polyurethane straps, made in Ariège",zip,boxy,0,,1,,,5,Charbon #3a3a3c | Forêt #38503f | Rouge #a8322e | Bleu #2d4f70 | Sable #c2ab86,0,,https://www.ateliervelocidade.com/en/products/funambule
JPaks,SnakPak,"Standard SnakPak 9.5""",Standard (9.5 inch),toptube,1.4,24.1,6,10,,unknown,,,none,,"X-Pac VX21 / LS21 / LS42 Liteskin, HDPE spines, closed-cell foam, EPDM grip panels",zip,tapered,0,,1,,,14,Black #1c1c1e | Donut Print #e8b8c4 | Rad Splatter #7d6f8c | Dark Camo #4a4a3c | Light Multicam #a8977a | LS21 Dark Grey #55595e | White Topo / Black lines #e6e4df | Black Topo / White lines #232326 | LS42 Heather Grey #9ba1a6 | B&W Checkerboard #8c8c8c | Red #b7242c | Blue #2f5f9e | Coyote #7f6a4f | Trout Print #7f9a86,0,,https://jpaks.com/shop-1/p/top-tube-storage
JPaks,SnakPak,"LargeFarva SnakPak 15""",LargeFarva (15 inch),toptube,2.9,38.1,7,11,,unknown,,,none,,"X-Pac VX21 / LS21 / LS42 Liteskin, HDPE spines, closed-cell foam, EPDM grip panels",zip,tapered,0,,1,,,7,Black #1c1c1e | Donut Print #e8b8c4 | Rad Splatter #7d6f8c | Dark Multicam #4a4a3c | Light Multicam #a8977a | LS21 Dark Grey #55595e | Trout Print #7f9a86,0,,https://jpaks.com/shop-1/p/top-tube-storage-84gfk
JPaks,DropperPak,DropperPak V.2,One Size,seatpack,8,38,15,16,,unknown,,,none,,"X-Pac VX21 / LS21 / LS42 Liteskin, HDPE spines, closed-cell foam, EPDM grip panels",rolltop,tapered,3,,1,,,7,Black X-Pac #1c1c1e | LS42 Heather Grey #9ba1a6 | LS21 Dark Grey #55595e | Red X-Pac #b7242c | Blue X-Pac #2f5f9e | Coyote X-Pac #7f6a4f | Dark Camo X-Pac #4a4a3c,0,,https://jpaks.com/shop-1/p/coming-soon-dropperpak-coming-soon
JPaks,RukSak,RukSak V.2,One Size,stembag,1.7,10,10,17,,unknown,,,none,,"X-Pac VX21 / LS21 / LS42 Liteskin, HDPE spines, closed-cell foam, EPDM grip panels",cinch,cylindrical,0,mesh,1,,,15,Black/Black #1c1c1e | Dark Camo/Black #4a4a3c | Light Camo/Black #a8977a | Rad Splatter print #7d6f8c | Donut print #e8b8c4 | Liteskin LS21 #55595e | Black Topo #232326 | B&W Checkered #8c8c8c | Coyote Brown #7f6a4f | Duck Camo #6e6a52 | Urban Camo #8b8d8f | Trout Camo #7f9a86 | Bahama Blue #2f9fd0 | Purple #5b3a86 | Evergreen #1e4635,0,,https://jpaks.com/shop-1/p/ruksak
JPaks,FramePak,FramePak (Custom),Made to measure,framebag_full,9,55,6.5,32,,unknown,,,none,,"X-Pac VX21 / LS21 / LS42 Liteskin, HDPE spines, closed-cell foam, EPDM grip panels",zip,triangular,0,zip,1,,,4,RX30 Cayenne #9e3418 | Black X-Pac #1c1c1e | LS21 Dark Grey #55595e | LS42 Heather Grey #9ba1a6,0,,https://jpaks.com/framepaks
JPaks,Refugi,Refugi Harness,One Size (harness only),barroll,0,30,8,12,,unknown,,,none,,"X-Pac VX21 / LS21 / LS42 Liteskin, HDPE spines, closed-cell foam, EPDM grip panels",strap,harness,2,,1,,,2,Black #1c1c1e | Checkered #8c8c8c,0,,https://jpaks.com/shop-1/p/refugi-harness
Randi Jo Fabrications,Bartender,Bartender,One Size,stembag,2.8,13,13,17,,unknown,,,none,,"10.10oz waxed canvas body, 6.25oz waxed canvas pockets, coated nylon diamond ripstop lining, 1/8in closed-cell foam",cinch,cylindrical,0,,1,,,8,Black Oak #4a3a2a | Wild Iris #6b5b8a | Oregon Grape #3f4a5c | Camas #5b6f9e | Olive #5d5f43 | Black #1c1c1e | Charcoal #43454a | Brown #6b4f33,0,,https://randijofab.com/products/bartender-1
Randi Jo Fabrications,Bartender,Bartender Plus,One Size (with pockets),stembag,2.8,15,13,17,,unknown,,,none,,"10.10oz waxed canvas body, 6.25oz waxed canvas pockets, coated nylon diamond ripstop lining, 1/8in closed-cell foam",cinch,cylindrical,0,open open open,1,,,8,Black Oak #4a3a2a | Wild Iris #6b5b8a | Oregon Grape #3f4a5c | Camas #5b6f9e | Olive #5d5f43 | Black #1c1c1e | Charcoal #43454a | Brown #6b4f33,0,,https://randijofab.com/products/copy-of-bartender-plus-1
Randi Jo Fabrications,Lil' Jo,Joey Pouch,One Size (2.79L),stembag,2.79,13.7,13.7,16,,unknown,,,none,,"10.10oz waxed canvas body, 6.25oz waxed canvas pockets, coated nylon diamond ripstop lining, 1/8in closed-cell foam",cinch,cylindrical,0,,1,,,4,Black / Red #1c1c1e | Navy / Purple #26344c | Charcoal / Navy #43454a | Orange / Charcoal #e8761f,0,,https://randijofab.com/products/handlebar-bag
Randi Jo Fabrications,Jeff 'n Joan's,Jeff 'n Joan's Bag,"One Size (3L rolled, 5L expanded)",barbag,5,27.9,7.6,17.4,,packed,"11 inches wide by 5.5 inches deep (3 Liter). 5 inch roll-top closure for a max capacity of 10 inches of depth (5 Liter). WEIGHT: 7 oz, 7.5 oz with straps","FALSE POSITIVE. THE LITRES ARE THE MAXIMUM-ROLL FIGURE and the dims are the packed state, so the two were never comparable: Randi Jo publishes both ends of the roll (3L rolled, 5L expanded) and the stored liters holds the 5L expanded end while hgt holds a packed estimate. Against the rolled 3L the stored box of 3.7L is a perfectly ordinary 1.2x. Photo (assets/products/randi-jo-fabrications/jeff-n-joan-s-...-1.jpg, mounted on Jones bars) confirms the shape: wide across the bars, moderate height, and pressed flat against the bar — consistent with 27.9 x 17.4 and a slim fore-aft depth. dims_state corrected from 'unrolled' to 'packed'. Caveat: wid 7.6 is not published by the maker, it is back-calculated from 3L over the 11 x 5.5in face; the photo supports that order of magnitude but does not pin it, so that axis stays medium-confidence.",maker,,"10.10oz waxed canvas body, 6.25oz waxed canvas pockets, coated nylon diamond ripstop lining, 1/8in closed-cell foam",rolltop,boxy,0,,1,,,6,Bonny Doon #8a7a5c | Safety Camo #c8752a | Black #1c1c1e | Charcoal #43454a | Olive #5d5f43 | Brown #6b4f33,0,,https://randijofab.com/products/jeffs-joans-bar-bag
Fairweather,Handlebar Bag,Handlebar Bag ADV,One Size (19L),barbag,19,42,22,26.8,,unrolled,"Capacity: 19L. Dimensions: length 22cm/8.5"" (when the roll top is stretched: 38cm/15""), width 42cm/16.5"" (including side pockets), depth 22cm/8.5"". Material: Cordura Nylon Fabric","DIMS ARE RIGHT, THE SLOT IS WRONG. The photos settle it: assets/products/fairweather/handlebar-bag-handlebar-bag-adv-one-size-19l-1.jpg shows a structured, squared-off rando/porteur box sitting on a front rack with lidded side pockets and a MOLLE-webbed front panel, and -2.jpg shows the strap-to-bar mounting close up. It is not a drybag roll. Every other barroll in this catalogue is a cylinder 40-65 cm long and 15-20 cm in diameter (Sweetroll, Ortlieb Handlebar-Pack, Tailfin, WOHO); a 42 x 26.8 x 22 box is not in that family, which is precisely why the 1.8 elongation check fired at 1.57. Reclassified to barbag, where its nearest neighbour is the Swift Zeitgeist (48.3 x 22.9 x 17.8, 12 L). Dimensions themselves check out against the photo: measuring image 1, total width including side pockets is ~1.6x the body height, matching 42 vs 26.8. Box 24.8 L against a rated 19 L (1.3x), normal for a rolltop measured part-extended. Bluelug's 'length' is the vertical roll dimension (22 cm down, 38 cm stretched), which is why hgt sits between the two.",maker,,"Cordura nylon / grid ripstop / Dyneema hybrid / waxed canvas, made in Japan",rolltop,boxy,2,open open,1,,,2,Cordura / Light Gray #b7b8b2 | Rip Black #232326,0,,https://bluelug.com/en/contents/fairweather/handlebar-bag-adv.php
Fairweather,Seat Bag,Seat Bag,One Size (3-6L),seatpack,6,28,14,16,,unknown,,,none,,"Cordura nylon / grid ripstop / Dyneema hybrid / waxed canvas, made in Japan",rolltop,tapered,2,,1,,,3,Cordura / Light Gray #b7b8b2 | Rip Black #232326 | Olive #6e7350,0,,https://bluelug.com/en/contents/fairweather/seat-bag.php
Fairweather,Road Bar Bag,Road Bar Bag,One Size (1.7L),barbag,1.7,34.5,14,14,,unknown,,,none,,"Cordura nylon / grid ripstop / Dyneema hybrid / waxed canvas, made in Japan",rolltop,cylindrical,0,,1,,,3,Cordura / Light Gray #b7b8b2 | Cordura / Flash Orange #c8752a | Rip Black #232326,0,,https://bluelug.com/en/contents/fairweather/road-bar-bag.php
Fairweather,Stem Bag,Stem Bag+,Plus (1.9L),stembag,1.9,11,11,16,,unknown,,,none,,"Cordura nylon / grid ripstop / Dyneema hybrid / waxed canvas, made in Japan",cinch,cylindrical,0,open open,1,,,3,Cordura / Flash Orange #c8752a | Cordura / Flash Yellow #e8c62a | Cordura / Light Gray #b7b8b2,0,,https://bluelug.com/en/contents/fairweather/stem-bag-plus.php
Fairweather,Frame Bag,Frame Bag ADV (Medium),Medium (4L),framebag_half,4,34,6,33,,packed,"Size small - Capacity: 3.6 liters, Dimension: L 33cm x H 27.5cm x W 6cm. Size medium - Capacity: 4L, Dimension: L 34cm x H 33cm x W 6cm. Weight: 141g (AVG.)","FALSE POSITIVE on BOTH flags, settled by the two photos. assets/products/fairweather/frame-bag-frame-bag-adv-medium-medium-4l-1.jpg (teal, on a bike) and -2.jpg (coyote, on a green MTB) both show a near-equilateral TRIANGLE hanging from the top tube -- measuring image 1, the bag's top edge and its vertical extent are the same length to within a few percent, which is 34 x 33 exactly as bluelug prints it. (1) too-cubic: the 2.2 elongation rule assumes a framebag_half is a long sliver under the top tube; this one is a full-height front-corner triangle, so 1.03 is the true shape, not a transposition. (2) too-big-for-frame at 33 cm: the photos ARE the disproof -- the bag is mounted on real bikes with a bottle cage still usable below it. A 56cm gravel main triangle is ~45 cm tall at the seat tube, so 33 cm fits with room to spare; the 30 cm cap is too tight. Volume reconciles on the correct triangular basis: 34 x 33 x 6 / 2 = 3.4 L against a rated 4 L, with the bulge making up the difference. Fixed-size zip bag, so L x H x W maps straight across.",maker,,"Cordura nylon / grid ripstop / Dyneema hybrid / waxed canvas, made in Japan",zip,triangular,0,,1,,,2,Grid Rip / Olive / Beige #6e7350 | Grid Rip / Light Gray / Green #b7b8b2,0,,https://bluelug.com/en/contents/fairweather/frame-bag-adv.php
